timestamp,open,high,low,close,volume
2026-05-14 04:00:00,400.0,400.4,398.2168,399.75,19183
2026-05-14 04:01:00,399.7,400.42,398.21,399.01,10386
2026-05-14 04:02:00,399.06,399.12,398.75,399.12,588
2026-05-14 04:03:00,398.5,398.5,398.5,398.5,70
2026-05-14 04:04:00,398.5,398.5,398.5,398.5,40
2026-05-14 04:05:00,398.55,398.71,398.54,398.71,569
2026-05-14 04:06:00,400.3,400.3,398.6,399.11,1001
2026-05-14 04:07:00,399.36,399.37,399.36,399.37,110
2026-05-14 04:08:00,399.3,399.5,399.3,399.5,180
2026-05-14 04:09:00,399.5,399.5,399.5,399.5,50
2026-05-14 04:10:00,399.38,399.47,399.38,399.47,1060
2026-05-14 04:11:00,399.68,399.8,399.5,399.5,972
2026-05-14 04:13:00,399.73,400.0,399.73,400.0,590
2026-05-14 04:14:00,399.82,400.03,399.82,400.03,553
2026-05-14 04:16:00,400.08,400.2,400.02,400.2,818
2026-05-14 04:17:00,400.22,400.22,400.2,400.22,340
2026-05-14 04:18:00,400.22,400.22,400.22,400.22,50
2026-05-14 04:19:00,400.1,400.3,400.1,400.3,509
2026-05-14 04:20:00,400.3,400.5,400.3,400.33,237
2026-05-14 04:21:00,400.37,400.37,400.35,400.35,130
2026-05-14 04:23:00,400.16,400.16,400.02,400.02,194
2026-05-14 04:25:00,399.85,400.0,399.85,400.0,961
2026-05-14 04:26:00,400.01,400.01,400.0,400.01,285
2026-05-14 04:27:00,400.0,400.01,400.0,400.01,220
2026-05-14 04:30:00,400.3,400.3,400.3,400.3,55
2026-05-14 04:31:00,400.25,400.4,400.24,400.24,450
2026-05-14 04:32:00,400.25,400.25,400.25,400.25,56
2026-05-14 04:33:00,400.26,400.3,400.16,400.3,259
2026-05-14 04:34:00,400.32,400.32,400.24,400.24,176
2026-05-14 04:35:00,400.43,400.6,400.43,400.6,160
2026-05-14 04:36:00,400.35,400.5658,400.35,400.5658,151
2026-05-14 04:37:00,400.28,400.32,400.24,400.32,289
2026-05-14 04:38:00,400.22,400.22,400.22,400.22,55
2026-05-14 04:39:00,400.54,400.54,400.3,400.32,288
2026-05-14 04:40:00,400.25,400.25,400.25,400.25,67
2026-05-14 04:41:00,400.3,400.3,400.22,400.22,145
2026-05-14 04:42:00,400.2,400.2,400.2,400.2,100
2026-05-14 04:43:00,400.19,400.19,400.13,400.13,195
2026-05-14 04:44:00,400.0,400.0,399.83,399.83,328
2026-05-14 04:45:00,399.87,399.87,399.87,399.87,40
2026-05-14 04:46:00,400.09,400.09,399.72,399.72,207
2026-05-14 04:48:00,400.0,400.0,399.93,399.93,130
2026-05-14 04:49:00,399.68,399.68,399.68,399.68,64
2026-05-14 04:50:00,399.8,399.8,399.8,399.8,40
2026-05-14 04:53:00,400.01,400.21,399.98,400.21,841
2026-05-14 04:55:00,400.2,400.2,400.18,400.18,144
2026-05-14 04:56:00,400.11,400.11,400.11,400.11,158
2026-05-14 04:57:00,399.98,400.0,399.6808,399.6808,170
2026-05-14 04:58:00,399.98,399.98,399.98,399.98,40
2026-05-14 05:00:00,400.06,400.16,400.06,400.16,130
2026-05-14 05:01:00,400.05,400.05,400.05,400.05,50
2026-05-14 05:06:00,400.01,400.01,400.01,400.01,40
2026-05-14 05:07:00,399.98,400.0,399.98,400.0,320
2026-05-14 05:08:00,399.93,399.93,399.93,399.93,125
2026-05-14 05:09:00,400.03,400.03,399.9,399.9,328
2026-05-14 05:10:00,399.91,399.93,399.77,399.77,360
2026-05-14 05:11:00,399.75,399.88,399.75,399.88,758
2026-05-14 05:12:00,399.97,399.97,399.96,399.96,117
2026-05-14 05:13:00,399.84,399.84,399.84,399.84,100
2026-05-14 05:14:00,399.64,399.64,399.64,399.64,100
2026-05-14 05:16:00,399.85,399.85,399.85,399.85,75
2026-05-14 05:19:00,399.8,399.8,399.8,399.8,148
2026-05-14 05:20:00,399.8,399.81,399.8,399.81,101
2026-05-14 05:22:00,399.74,399.84,399.74,399.84,208
2026-05-14 05:24:00,399.78,399.78,399.6,399.6,100
2026-05-14 05:25:00,399.78,399.83,399.78,399.83,171
2026-05-14 05:26:00,399.69,399.74,399.69,399.74,90
2026-05-14 05:27:00,399.5,399.5,399.5,399.5,180
2026-05-14 05:28:00,399.46,399.5,399.39,399.4,216
2026-05-14 05:29:00,399.3,399.3,399.3,399.3,159
2026-05-14 05:30:00,399.3,399.58,399.0,399.58,1148
2026-05-14 05:31:00,399.58,399.58,399.36,399.36,100
2026-05-14 05:32:00,399.43,399.5,399.43,399.5,475
2026-05-14 05:34:00,399.23,399.23,399.23,399.23,500
2026-05-14 05:35:00,399.58,399.58,399.23,399.23,354
2026-05-14 05:36:00,398.9,398.9,398.9,398.9,50
2026-05-14 05:37:00,398.71,398.71,398.71,398.71,50
2026-05-14 05:38:00,398.41,398.72,398.41,398.72,429
2026-05-14 05:39:00,398.73,398.86,398.41,398.78,385
2026-05-14 05:40:00,398.8,398.8,398.8,398.8,100
2026-05-14 05:41:00,399.06,399.06,399.06,399.06,50
2026-05-14 05:43:00,398.87,399.09,398.87,399.09,247
2026-05-14 05:46:00,398.98,399.0226,398.35,399.0226,6357
2026-05-14 05:47:00,398.55,398.7,398.3,398.3,2024
2026-05-14 05:48:00,398.53,398.53,398.53,398.53,40
2026-05-14 05:49:00,399.05,399.05,399.05,399.05,60
2026-05-14 05:50:00,398.83,398.83,398.83,398.83,70
2026-05-14 05:51:00,398.83,398.83,398.83,398.83,44
2026-05-14 05:52:00,398.71,398.71,398.36,398.36,517
2026-05-14 05:53:00,398.13,398.13,398.13,398.13,48
2026-05-14 05:54:00,398.22,398.23,398.22,398.22,350
2026-05-14 05:55:00,398.39,398.52,398.32,398.32,567
2026-05-14 05:58:00,398.26,398.26,398.26,398.26,125
2026-05-14 05:59:00,398.31,398.31,398.31,398.31,95
2026-05-14 06:00:00,398.3,398.44,398.3,398.44,343
2026-05-14 06:02:00,398.52,398.52,398.52,398.52,140
2026-05-14 06:03:00,398.36,398.56,398.36,398.41,1025
2026-05-14 06:04:00,398.44,398.91,398.43,398.91,420
2026-05-14 06:05:00,399.06,399.07,398.95,398.95,382
2026-05-14 06:06:00,398.95,398.95,398.9,398.9,160
2026-05-14 06:08:00,399.2,399.35,399.03,399.03,803
2026-05-14 06:09:00,398.9,398.9,398.9,398.9,150
2026-05-14 06:10:00,399.14,399.73,399.12,399.12,3016
2026-05-14 06:11:00,399.23,399.29,399.23,399.29,193
2026-05-14 06:12:00,399.19,399.24,398.83,398.92,618
2026-05-14 06:13:00,398.89,398.89,398.89,398.89,384
2026-05-14 06:14:00,398.9497,398.9497,398.9497,398.9497,121
2026-05-14 06:15:00,398.8,398.84,398.8,398.84,189
2026-05-14 06:17:00,398.85,398.98,398.85,398.98,128
2026-05-14 06:18:00,398.93,398.93,398.93,398.93,50
2026-05-14 06:21:00,398.67,398.86,398.67,398.83,584
2026-05-14 06:22:00,398.84,398.86,398.84,398.86,189
2026-05-14 06:23:00,398.7,398.7,398.7,398.7,57
2026-05-14 06:24:00,398.82,398.82,398.62,398.62,216
2026-05-14 06:25:00,398.84,398.84,398.84,398.84,57
2026-05-14 06:27:00,398.84,398.84,398.84,398.84,72
2026-05-14 06:30:00,398.84,398.84,398.63,398.63,175
2026-05-14 06:31:00,398.47,399.05,398.47,398.79,1157
2026-05-14 06:33:00,398.6,398.6,398.6,398.6,200
2026-05-14 06:36:00,398.82,398.82,398.8,398.8,462
2026-05-14 06:37:00,398.81,398.81,398.81,398.81,50
2026-05-14 06:38:00,398.8,398.82,398.8,398.82,381
2026-05-14 06:39:00,398.86,398.87,398.86,398.87,218
2026-05-14 06:41:00,398.65,398.65,398.61,398.61,179
2026-05-14 06:42:00,398.64,399.0,398.64,399.0,369
2026-05-14 06:46:00,398.63,398.63,398.5,398.62,460
2026-05-14 06:47:00,398.5,398.5,398.5,398.5,50
2026-05-14 06:48:00,398.3385,398.3385,398.3385,398.3385,78
2026-05-14 06:49:00,398.44,398.45,398.44,398.45,165
2026-05-14 06:50:00,398.45,398.45,398.45,398.45,70
2026-05-14 06:51:00,398.6,398.6,398.6,398.6,100
2026-05-14 06:52:00,398.3774,398.4015,398.3774,398.4001,500
2026-05-14 06:53:00,398.74,398.74,398.74,398.74,150
2026-05-14 06:54:00,398.93,398.93,398.7,398.7,442
2026-05-14 06:55:00,398.84,398.84,398.66,398.66,413
2026-05-14 06:56:00,398.66,398.71,398.66,398.71,117
2026-05-14 06:57:00,398.78,398.78,398.78,398.78,50
2026-05-14 07:00:00,398.81,398.81,398.59,398.78,1037
2026-05-14 07:01:00,398.56,398.61,398.56,398.61,586
2026-05-14 07:02:00,398.67,398.78,398.67,398.78,188
2026-05-14 07:03:00,398.87,398.87,398.87,398.87,200
2026-05-14 07:04:00,398.82,398.82,398.82,398.82,744
2026-05-14 07:05:00,398.6,398.65,398.59,398.59,2105
2026-05-14 07:06:00,398.72,398.75,398.72,398.75,145
2026-05-14 07:07:00,398.92,399.07,398.92,399.0647,894
2026-05-14 07:08:00,399.08,399.08,398.9987,398.9987,326
2026-05-14 07:09:00,398.88,398.88,398.88,398.88,60
2026-05-14 07:11:00,398.9884,398.9884,398.93,398.93,234
2026-05-14 07:12:00,398.98,398.98,398.9,398.9,246
2026-05-14 07:14:00,398.76,398.76,398.76,398.76,232
2026-05-14 07:16:00,398.7,398.9,398.7,398.89,680
2026-05-14 07:17:00,398.88,398.89,398.86,398.86,274
2026-05-14 07:18:00,398.73,398.73,398.62,398.62,160
2026-05-14 07:19:00,398.79,398.79,398.77,398.77,328
2026-05-14 07:22:00,398.744,398.744,398.56,398.6041,410
2026-05-14 07:23:00,398.5014,398.55,398.45,398.45,607
2026-05-14 07:24:00,398.555,398.555,398.44,398.44,129
2026-05-14 07:25:00,398.12,398.28,398.12,398.21,569
2026-05-14 07:26:00,398.22,398.22,398.11,398.1945,1331
2026-05-14 07:27:00,398.25,398.26,398.25,398.26,589
2026-05-14 07:28:00,398.3,398.3,398.3,398.3,40
2026-05-14 07:29:00,398.2,398.2,398.11,398.1101,821
2026-05-14 07:30:00,398.22,398.23,398.17,398.17,197
2026-05-14 07:31:00,398.3,398.3,398.29,398.29,100
2026-05-14 07:32:00,398.29,398.29,398.11,398.11,2760
2026-05-14 07:33:00,398.26,398.26,398.26,398.26,144
2026-05-14 07:34:00,398.3568,398.3568,398.3568,398.3568,50
2026-05-14 07:35:00,398.21,398.23,398.1348,398.23,549
2026-05-14 07:37:00,398.19,398.19,398.19,398.19,48
2026-05-14 07:38:00,398.44,398.44,398.35,398.35,160
2026-05-14 07:39:00,398.32,398.32,398.32,398.32,200
2026-05-14 07:40:00,398.382,398.382,398.382,398.382,50
2026-05-14 07:41:00,398.41,398.42,398.12,398.12,716
2026-05-14 07:42:00,398.2753,398.2753,398.18,398.18,209
2026-05-14 07:43:00,398.19,398.19,398.1334,398.1334,200
2026-05-14 07:44:00,398.29,398.2901,398.29,398.29,212
2026-05-14 07:46:00,398.5,398.57,398.3222,398.3222,1294
2026-05-14 07:47:00,398.373,398.373,398.373,398.373,50
2026-05-14 07:48:00,398.48,398.49,398.48,398.49,147
2026-05-14 07:49:00,398.33,398.52,398.33,398.52,696
2026-05-14 07:50:00,398.5999,398.5999,398.5,398.5,165
2026-05-14 07:51:00,398.5004,398.5004,398.5004,398.5004,200
2026-05-14 07:52:00,398.55,398.55,398.37,398.37,336
2026-05-14 07:53:00,398.3104,398.4231,398.2,398.2,1075
2026-05-14 07:54:00,398.26,398.26,398.26,398.26,300
2026-05-14 07:55:00,398.11,398.17,398.11,398.17,289
2026-05-14 07:56:00,398.11,398.23,398.11,398.17,2637
2026-05-14 07:57:00,398.17,398.3,398.17,398.25,449
2026-05-14 07:58:00,398.22,398.22,398.21,398.21,353
2026-05-14 07:59:00,398.11,398.14,398.07,398.14,4871
2026-05-14 08:00:00,398.28,398.28,398.11,398.11,1369
2026-05-14 08:01:00,398.11,398.24,398.11,398.24,740
2026-05-14 08:02:00,398.2565,398.29,398.2565,398.29,367
2026-05-14 08:03:00,398.32,398.39,398.18,398.39,466
2026-05-14 08:04:00,398.51,398.52,398.51,398.52,260
2026-05-14 08:05:00,398.6196,398.6196,398.6196,398.6196,75
2026-05-14 08:06:00,398.62,398.7,398.62,398.63,641
2026-05-14 08:07:00,398.75,398.82,398.75,398.82,120
2026-05-14 08:09:00,398.7205,398.7205,398.55,398.65,819
2026-05-14 08:10:00,398.55,398.55,398.55,398.55,48
2026-05-14 08:11:00,398.6,398.6,398.6,398.6,50
2026-05-14 08:12:00,398.61,398.7,398.29,398.32,1079
2026-05-14 08:13:00,398.32,398.4505,398.32,398.4505,523
2026-05-14 08:14:00,398.44,398.4679,398.32,398.32,708
2026-05-14 08:15:00,398.36,398.46,398.32,398.46,571
2026-05-14 08:16:00,398.45,398.45,398.45,398.45,50
2026-05-14 08:17:00,398.46,398.47,398.33,398.39,1040
2026-05-14 08:18:00,398.42,398.42,398.32,398.32,726
2026-05-14 08:20:00,398.3,398.32,398.3,398.3052,767
2026-05-14 08:22:00,398.35,398.35,398.35,398.35,40
2026-05-14 08:23:00,398.4,398.48,398.36,398.48,779
2026-05-14 08:24:00,398.34,398.421,398.15,398.15,730
2026-05-14 08:25:00,398.14,398.25,397.72,398.25,2681
2026-05-14 08:26:00,398.26,398.72,398.14,398.72,1582
2026-05-14 08:27:00,398.49,398.49,398.42,398.42,150
2026-05-14 08:28:00,398.44,398.44,398.27,398.27,144
2026-05-14 08:29:00,398.45,399.0,398.45,398.88,3374
2026-05-14 08:30:00,399.0,399.0,398.65,398.65,270
2026-05-14 08:31:00,398.3,398.3,398.17,398.17,629
2026-05-14 08:32:00,398.33,398.33,398.19,398.2745,445
2026-05-14 08:33:00,398.11,398.28,398.11,398.28,200
2026-05-14 08:34:00,398.22,398.28,398.22,398.28,791
2026-05-14 08:35:00,398.34,398.34,398.34,398.34,50
2026-05-14 08:36:00,398.18,398.18,398.16,398.18,190
2026-05-14 08:37:00,397.9,398.06,397.9,398.05,316
2026-05-14 08:38:00,398.0,398.0,398.0,398.0,50
2026-05-14 08:39:00,398.01,398.2,398.01,398.2,370
2026-05-14 08:40:00,398.2,398.2,398.18,398.18,136
2026-05-14 08:41:00,398.26,398.26,398.26,398.26,40
2026-05-14 08:43:00,398.0,398.06,398.0,398.06,490
2026-05-14 08:44:00,398.03,398.03,397.97,397.97,325
2026-05-14 08:45:00,397.95,397.98,397.7,397.72,850
2026-05-14 08:46:00,397.72,397.79,397.72,397.79,349
2026-05-14 08:47:00,397.82,397.82,397.72,397.72,184
2026-05-14 08:48:00,397.65,397.8,397.65,397.79,519
2026-05-14 08:49:00,397.84,397.84,397.65,397.66,1296
2026-05-14 08:50:00,397.6452,397.72,397.64,397.72,357
2026-05-14 08:51:00,397.74,397.81,397.5893,397.59,1981
2026-05-14 08:52:00,397.5809,397.5809,397.1,397.21,5077
2026-05-14 08:53:00,397.28,397.28,397.28,397.28,53
2026-05-14 08:54:00,397.3,397.3,397.17,397.23,361
2026-05-14 08:55:00,397.11,397.12,397.09,397.1,560
2026-05-14 08:56:00,397.16,397.28,397.08,397.28,4166
2026-05-14 08:57:00,397.15,397.41,397.15,397.41,250
2026-05-14 08:58:00,397.31,397.31,397.13,397.2,1296
2026-05-14 08:59:00,397.24,397.24,397.07,397.07,1549
2026-05-14 09:00:00,397.09,397.16,397.0,397.01,1000
2026-05-14 09:01:00,397.03,397.15,397.0169,397.15,537
2026-05-14 09:02:00,397.13,397.13,397.13,397.13,79
2026-05-14 09:03:00,397.14,397.14,397.01,397.11,195
2026-05-14 09:04:00,397.1736,397.1736,397.1736,397.1736,50
2026-05-14 09:05:00,397.03,397.0975,397.0,397.0975,365
2026-05-14 09:06:00,397.06,397.07,396.6,396.65,4929
2026-05-14 09:07:00,396.61,396.63,396.41,396.46,789
2026-05-14 09:08:00,396.38,396.67,396.38,396.59,773
2026-05-14 09:09:00,396.55,396.55,396.21,396.3445,4220
2026-05-14 09:10:00,396.37,396.38,396.05,396.12,1726
2026-05-14 09:11:00,396.0169,396.24,396.0169,396.2,1618
2026-05-14 09:12:00,396.06,396.13,396.0,396.13,970
2026-05-14 09:13:00,396.14,396.15,396.0,396.0,1699
2026-05-14 09:14:00,396.11,396.37,396.11,396.34,1617
2026-05-14 09:15:00,396.43,396.43,396.26,396.3,845
2026-05-14 09:16:00,396.3,396.38,396.24,396.38,922
2026-05-14 09:17:00,396.49,396.49,396.23,396.23,319
2026-05-14 09:18:00,396.35,396.35,396.21,396.22,525
2026-05-14 09:19:00,396.37,396.37,396.08,396.12,409
2026-05-14 09:20:00,396.05,396.26,396.05,396.26,835
2026-05-14 09:21:00,396.26,396.45,396.26,396.45,1935
2026-05-14 09:22:00,396.46,396.46,396.11,396.36,3061
2026-05-14 09:23:00,396.36,396.5494,396.36,396.4,1136
2026-05-14 09:24:00,396.37,396.37,396.24,396.34,729
2026-05-14 09:25:00,396.27,396.27,395.5,395.5,4940
2026-05-14 09:26:00,395.5,395.5579,395.34,395.5,1952
2026-05-14 09:27:00,395.5,395.51,394.32,394.74,9422
2026-05-14 09:28:00,394.66,394.66,393.34,393.6,17145
2026-05-14 09:29:00,393.64,394.19,393.25,393.72,6454
2026-05-14 09:30:00,393.79,396.0,393.07,395.33,359564
2026-05-14 09:31:00,395.04,396.1,394.93,395.66,79177
2026-05-14 09:32:00,395.64,396.23,395.46,395.635,71251
2026-05-14 09:33:00,395.69,396.39,394.89,396.375,78862
2026-05-14 09:34:00,396.4,396.8041,396.05,396.4,48016
2026-05-14 09:35:00,396.41,396.7915,395.9,396.52,52689
2026-05-14 09:36:00,396.545,397.0,396.51,396.7862,76416
2026-05-14 09:37:00,396.75,396.9799,396.06,396.35,50781
2026-05-14 09:38:00,396.345,397.0,396.205,396.7438,54789
2026-05-14 09:39:00,396.73,396.99,395.74,395.81,69528
2026-05-14 09:40:00,395.8537,395.95,394.94,395.07,50389
2026-05-14 09:41:00,395.16,395.89,395.1,395.81,40573
2026-05-14 09:42:00,395.805,395.805,394.99,395.185,36943
2026-05-14 09:43:00,395.155,395.64,395.02,395.5,48973
2026-05-14 09:44:00,395.45,396.32,395.38,396.08,35186
2026-05-14 09:45:00,396.12,397.44,396.12,397.38,51672
2026-05-14 09:46:00,397.43,397.55,396.66,396.8,51764
2026-05-14 09:47:00,396.79,397.32,396.71,396.71,34275
2026-05-14 09:48:00,396.68,396.68,396.02,396.02,31126
2026-05-14 09:49:00,396.08,397.08,396.06,396.89,23959
2026-05-14 09:50:00,396.885,396.95,396.21,396.46,33279
2026-05-14 09:51:00,396.45,396.58,396.3,396.47,28453
2026-05-14 09:52:00,396.4625,396.66,395.6101,395.95,37307
2026-05-14 09:53:00,395.9504,395.9504,394.89,395.5966,32347
2026-05-14 09:54:00,395.605,396.19,395.15,395.23,26842
2026-05-14 09:55:00,395.235,395.38,395.01,395.11,22156
2026-05-14 09:56:00,395.11,395.2415,394.95,395.0,24936
2026-05-14 09:57:00,394.98,395.3,394.84,395.115,20539
2026-05-14 09:58:00,395.07,395.43,394.96,395.12,18838
2026-05-14 09:59:00,395.15,395.21,394.36,394.65,35167
2026-05-14 10:00:00,394.61,394.82,394.43,394.58,19778
2026-05-14 10:01:00,394.555,394.57,394.29,394.455,30967
2026-05-14 10:02:00,394.43,394.46,393.87,394.06,42615
2026-05-14 10:03:00,394.04,394.21,393.92,394.11,21728
2026-05-14 10:04:00,394.0523,394.57,393.99,394.53,34011
2026-05-14 10:05:00,394.54,394.81,394.4,394.73,22217
2026-05-14 10:06:00,394.76,395.07,394.55,394.92,76599
2026-05-14 10:07:00,394.92,395.347,394.87,395.02,33612
2026-05-14 10:08:00,394.96,395.055,394.61,394.64,47112
2026-05-14 10:09:00,394.68,394.9892,394.645,394.81,18632
2026-05-14 10:10:00,394.87,395.055,394.795,394.969,20301
2026-05-14 10:11:00,394.945,395.02,394.6,395.02,26799
2026-05-14 10:12:00,395.0,395.18,394.71,395.105,29542
2026-05-14 10:13:00,395.12,395.3,394.71,395.0332,29069
2026-05-14 10:14:00,395.04,395.055,394.5,394.53,18835
2026-05-14 10:15:00,394.5001,394.74,394.35,394.37,16376
2026-05-14 10:16:00,394.36,395.025,394.33,395.0151,15775
2026-05-14 10:17:00,394.97,395.24,394.64,394.78,14104
2026-05-14 10:18:00,394.775,395.11,394.6,395.05,16036
2026-05-14 10:19:00,395.06,395.26,394.94,395.18,47165
2026-05-14 10:20:00,395.15,395.3688,394.82,394.99,34382
2026-05-14 10:21:00,395.0,395.1053,394.49,394.64,21688
2026-05-14 10:22:00,394.63,394.78,394.45,394.52,25516
2026-05-14 10:23:00,394.525,395.058,394.5,394.93,35017
2026-05-14 10:24:00,394.98,394.98,394.14,394.17,33826
2026-05-14 10:25:00,394.18,394.23,393.56,393.59,52725
2026-05-14 10:26:00,393.58,393.74,393.2001,393.29,46024
2026-05-14 10:27:00,393.3,393.5399,393.07,393.07,25270
2026-05-14 10:28:00,393.06,393.08,392.78,393.0025,48839
2026-05-14 10:29:00,393.01,393.17,392.728,393.06,18904
2026-05-14 10:30:00,393.065,393.295,392.78,393.165,38192
2026-05-14 10:31:00,393.17,393.7485,393.165,393.665,27885
2026-05-14 10:32:00,393.665,393.8,393.47,393.57,32641
2026-05-14 10:33:00,393.57,393.9,393.42,393.875,12539
2026-05-14 10:34:00,393.875,394.25,393.87,394.168,22948
2026-05-14 10:35:00,394.21,394.22,393.78,393.88,16950
2026-05-14 10:36:00,393.8999,394.05,393.61,393.87,38568
2026-05-14 10:37:00,393.83,394.11,393.72,394.06,18058
2026-05-14 10:38:00,394.04,394.11,393.82,393.845,28248
2026-05-14 10:39:00,393.88,394.28,393.88,394.09,36660
2026-05-14 10:40:00,394.09,394.1,393.8,393.92,28820
2026-05-14 10:41:00,393.94,394.16,393.73,394.04,23133
2026-05-14 10:42:00,394.08,394.15,393.67,393.7,36249
2026-05-14 10:43:00,393.73,393.86,393.58,393.815,21225
2026-05-14 10:44:00,393.765,393.86,393.6201,393.785,13951
2026-05-14 10:45:00,393.78,394.005,393.71,393.73,17300
2026-05-14 10:46:00,393.7,394.32,393.66,394.15,27477
2026-05-14 10:47:00,394.15,394.18,393.88,393.91,21103
2026-05-14 10:48:00,393.91,393.94,393.5,393.595,33727
2026-05-14 10:49:00,393.59,393.72,393.42,393.7001,28124
2026-05-14 10:50:00,393.74,394.16,393.66,394.16,19180
2026-05-14 10:51:00,394.2,394.7518,394.08,394.74,36865
2026-05-14 10:52:00,394.725,394.82,394.5401,394.75,30515
2026-05-14 10:53:00,394.72,394.78,394.3,394.3,15956
2026-05-14 10:54:00,394.33,394.56,394.21,394.37,22933
2026-05-14 10:55:00,394.4,394.59,394.0,394.4499,11166
2026-05-14 10:56:00,394.39,394.65,394.2601,394.56,12329
2026-05-14 10:57:00,394.53,394.62,394.39,394.545,12964
2026-05-14 10:58:00,394.5,394.53,394.32,394.32,13933
2026-05-14 10:59:00,394.34,394.44,394.05,394.41,16085
2026-05-14 11:00:00,394.44,394.57,394.17,394.17,20867
2026-05-14 11:01:00,394.155,394.41,394.01,394.35,17958
2026-05-14 11:02:00,394.33,394.56,394.33,394.51,23583
2026-05-14 11:03:00,394.5,394.67,394.41,394.51,22715
2026-05-14 11:04:00,394.54,394.6404,394.24,394.24,21482
2026-05-14 11:05:00,394.24,394.54,394.09,394.52,35197
2026-05-14 11:06:00,394.52,394.78,394.36,394.425,19063
2026-05-14 11:07:00,394.43,394.56,394.26,394.505,19491
2026-05-14 11:08:00,394.45,394.4699,394.24,394.26,10870
2026-05-14 11:09:00,394.3,394.45,394.25,394.415,9063
2026-05-14 11:10:00,394.46,394.97,394.41,394.93,20484
2026-05-14 11:11:00,394.91,394.91,394.48,394.5,13935
2026-05-14 11:12:00,394.5,394.54,394.28,394.4,24267
2026-05-14 11:13:00,394.4,394.4,394.12,394.29,25823
2026-05-14 11:14:00,394.33,394.57,394.23,394.49,25861
2026-05-14 11:15:00,394.46,394.6799,394.44,394.595,5472
2026-05-14 11:16:00,394.61,394.78,394.41,394.53,10799
2026-05-14 11:17:00,394.5701,394.72,394.51,394.63,13582
2026-05-14 11:18:00,394.63,394.84,394.5101,394.6,28990
2026-05-14 11:19:00,394.68,394.8446,394.54,394.81,13538
2026-05-14 11:20:00,394.8215,395.08,394.75,394.85,18401
2026-05-14 11:21:00,394.81,394.91,394.54,394.58,15353
2026-05-14 11:22:00,394.56,394.63,394.24,394.285,16304
2026-05-14 11:23:00,394.32,394.42,394.15,394.19,15570
2026-05-14 11:24:00,394.23,394.5,394.185,394.4,19047
2026-05-14 11:25:00,394.38,394.55,394.26,394.51,24596
2026-05-14 11:26:00,394.49,394.88,394.48,394.7,17661
2026-05-14 11:27:00,394.72,395.06,394.67,395.02,15267
2026-05-14 11:28:00,395.0,395.5,394.995,395.3999,27594
2026-05-14 11:29:00,395.36,395.36,394.76,394.84,17561
2026-05-14 11:30:00,394.89,395.16,394.89,395.045,9234
2026-05-14 11:31:00,395.0266,395.13,394.86,394.94,12479
2026-05-14 11:32:00,394.925,395.2799,394.85,395.185,17868
2026-05-14 11:33:00,395.18,395.44,394.87,394.8901,31359
2026-05-14 11:34:00,394.94,395.0,394.76,394.89,14631
2026-05-14 11:35:00,394.89,395.3,394.86,395.1,22282
2026-05-14 11:36:00,395.17,395.69,395.1,395.61,20798
2026-05-14 11:37:00,395.61,395.85,395.52,395.77,60995
2026-05-14 11:38:00,395.77,395.86,395.52,395.725,11744
2026-05-14 11:39:00,395.715,395.88,395.56,395.84,16388
2026-05-14 11:40:00,395.84,395.91,395.75,395.89,39713
2026-05-14 11:41:00,395.91,396.0,395.78,395.98,21848
2026-05-14 11:42:00,395.97,396.44,395.8854,396.4,33968
2026-05-14 11:43:00,396.37,396.45,396.195,396.34,30359
2026-05-14 11:44:00,396.29,396.48,396.11,396.3,38703
2026-05-14 11:45:00,396.41,396.46,396.23,396.326,17231
2026-05-14 11:46:00,396.33,396.5,396.26,396.3,18095
2026-05-14 11:47:00,396.33,396.5,396.25,396.5,19008
2026-05-14 11:48:00,396.455,396.5,396.28,396.45,16828
2026-05-14 11:49:00,396.45,396.48,396.17,396.28,19635
2026-05-14 11:50:00,396.29,396.5,396.08,396.46,19945
2026-05-14 11:51:00,396.46,396.46,396.24,396.36,13846
2026-05-14 11:52:00,396.34,396.64,396.28,396.52,16784
2026-05-14 11:53:00,396.4901,396.65,396.38,396.505,14884
2026-05-14 11:54:00,396.525,397.0,396.435,396.95,32131
2026-05-14 11:55:00,396.94,397.3,396.935,397.3,31760
2026-05-14 11:56:00,397.26,398.0,397.255,398.0,35823
2026-05-14 11:57:00,397.96,398.23,397.82,398.17,38847
2026-05-14 11:58:00,398.17,398.39,398.07,398.185,59107
2026-05-14 11:59:00,398.22,398.34,398.1562,398.33,35845
2026-05-14 12:00:00,398.31,398.74,398.17,398.59,30920
2026-05-14 12:01:00,398.58,398.68,398.05,398.25,30154
2026-05-14 12:02:00,398.3,398.53,398.13,398.445,20720
2026-05-14 12:03:00,398.5,398.6,398.3511,398.56,22944
2026-05-14 12:04:00,398.56,398.88,398.5201,398.815,41208
2026-05-14 12:05:00,398.79,398.79,398.318,398.54,42827
2026-05-14 12:06:00,398.48,398.68,397.76,397.89,35560
2026-05-14 12:07:00,397.88,397.92,397.3627,397.75,20920
2026-05-14 12:08:00,397.8,397.87,397.6,397.74,17574
2026-05-14 12:09:00,397.77,397.84,397.55,397.7,20134
2026-05-14 12:10:00,397.665,397.9,397.61,397.62,16272
2026-05-14 12:11:00,397.61,397.88,397.55,397.84,12323
2026-05-14 12:12:00,397.7887,398.13,397.71,398.02,15561
2026-05-14 12:13:00,398.03,398.09,397.72,397.79,11243
2026-05-14 12:14:00,397.83,397.83,397.0601,397.08,17135
2026-05-14 12:15:00,397.0605,397.29,396.9556,397.25,10693
2026-05-14 12:16:00,397.22,397.62,397.22,397.6,9197
2026-05-14 12:17:00,397.595,397.74,397.5,397.52,11745
2026-05-14 12:18:00,397.6,397.6,397.37,397.41,11283
2026-05-14 12:19:00,397.37,397.405,396.73,396.79,8549
2026-05-14 12:20:00,396.85,397.015,396.79,397.015,12852
2026-05-14 12:21:00,397.02,397.26,396.98,397.2,19212
2026-05-14 12:22:00,397.19,397.37,397.0,397.0,17683
2026-05-14 12:23:00,397.04,397.0558,396.84,396.84,9459
2026-05-14 12:24:00,396.82,397.02,396.795,397.01,7316
2026-05-14 12:25:00,397.04,397.04,396.6246,396.79,11322
2026-05-14 12:26:00,396.8,396.94,396.6,396.6,14497
2026-05-14 12:27:00,396.63,396.8,396.51,396.75,10317
2026-05-14 12:28:00,396.74,396.74,396.36,396.41,7754
2026-05-14 12:29:00,396.41,396.46,396.2301,396.34,7719
2026-05-14 12:30:00,396.3801,396.3801,396.145,396.34,11125
2026-05-14 12:31:00,396.34,396.36,396.14,396.18,16637
2026-05-14 12:32:00,396.1501,396.3,395.87,395.87,15013
2026-05-14 12:33:00,395.88,395.88,395.6112,395.645,12917
2026-05-14 12:34:00,395.62,395.8,395.54,395.685,9516
2026-05-14 12:35:00,395.65,395.92,395.65,395.7901,14462
2026-05-14 12:36:00,395.83,396.1,395.83,396.0148,14366
2026-05-14 12:37:00,396.04,396.11,395.81,395.82,10659
2026-05-14 12:38:00,395.9,396.125,395.8614,396.125,7415
2026-05-14 12:39:00,396.125,396.2899,396.03,396.21,13412
2026-05-14 12:40:00,396.18,396.38,396.15,396.2701,18473
2026-05-14 12:41:00,396.3,396.355,395.98,396.01,12876
2026-05-14 12:42:00,396.05,396.1947,395.97,396.11,9801
2026-05-14 12:43:00,396.09,396.16,395.99,396.07,4783
2026-05-14 12:44:00,396.095,396.15,395.88,395.98,7818
2026-05-14 12:45:00,395.9023,397.14,395.47,396.35,96767
2026-05-14 12:46:00,396.35,397.13,396.34,396.93,52241
2026-05-14 12:47:00,396.92,397.2899,396.63,396.9,21618
2026-05-14 12:48:00,396.98,397.05,396.36,396.515,25429
2026-05-14 12:49:00,396.53,396.945,396.4,396.64,11697
2026-05-14 12:50:00,396.66,396.88,396.17,396.18,13470
2026-05-14 12:51:00,396.235,396.4199,396.14,396.14,15941
2026-05-14 12:52:00,396.21,396.53,396.09,396.395,15269
2026-05-14 12:53:00,396.36,396.45,396.27,396.415,7768
2026-05-14 12:54:00,396.38,396.99,396.32,396.99,17905
2026-05-14 12:55:00,397.0,397.155,396.86,396.98,19552
2026-05-14 12:56:00,396.94,396.94,396.25,396.39,18313
2026-05-14 12:57:00,396.46,396.6,396.26,396.53,9875
2026-05-14 12:58:00,396.4301,396.59,396.26,396.585,10201
2026-05-14 12:59:00,396.535,396.83,396.45,396.79,9838
2026-05-14 13:00:00,396.75,397.39,396.75,397.38,13057
2026-05-14 13:01:00,397.35,397.48,397.18,397.33,13484
2026-05-14 13:02:00,397.37,397.61,397.32,397.35,18192
2026-05-14 13:03:00,397.32,397.48,397.21,397.3699,12319
2026-05-14 13:04:00,397.43,397.51,397.19,397.29,40713
2026-05-14 13:05:00,397.285,397.32,397.0901,397.22,9643
2026-05-14 13:06:00,397.15,397.15,396.83,396.865,16847
2026-05-14 13:07:00,396.865,396.93,396.73,396.76,18895
2026-05-14 13:08:00,396.7899,396.83,396.465,396.56,10966
2026-05-14 13:09:00,396.565,396.565,396.14,396.15,12438
2026-05-14 13:10:00,396.19,396.29,395.97,396.2,16612
2026-05-14 13:11:00,396.23,396.46,396.15,396.42,11395
2026-05-14 13:12:00,396.43,396.53,396.14,396.15,28561
2026-05-14 13:13:00,396.14,396.23,396.0,396.13,7813
2026-05-14 13:14:00,396.17,396.17,395.58,395.6316,38827
2026-05-14 13:15:00,395.64,395.71,395.41,395.635,16963
2026-05-14 13:16:00,395.61,395.68,395.3901,395.63,35122
2026-05-14 13:17:00,395.55,395.9994,395.51,395.87,17222
2026-05-14 13:18:00,395.87,396.06,395.76,395.9501,13198
2026-05-14 13:19:00,395.95,396.2,395.82,396.14,21802
2026-05-14 13:20:00,396.14,396.6,396.14,396.51,17159
2026-05-14 13:21:00,396.5503,396.71,396.45,396.47,17326
2026-05-14 13:22:00,396.44,396.95,396.44,396.86,13266
2026-05-14 13:23:00,396.88,397.06,396.82,396.88,27767
2026-05-14 13:24:00,396.86,396.99,396.755,396.81,16897
2026-05-14 13:25:00,396.845,396.9,396.485,396.695,24377
2026-05-14 13:26:00,396.69,396.8399,396.39,396.615,10671
2026-05-14 13:27:00,396.61,397.1,396.6,397.06,17732
2026-05-14 13:28:00,397.04,397.235,396.96,397.23,22049
2026-05-14 13:29:00,397.23,397.47,397.195,397.41,17949
2026-05-14 13:30:00,397.48,397.48,397.135,397.29,14436
2026-05-14 13:31:00,397.22,397.36,396.92,397.12,18886
2026-05-14 13:32:00,397.14,397.32,397.07,397.32,16167
2026-05-14 13:33:00,397.28,397.41,397.15,397.1813,10431
2026-05-14 13:34:00,397.185,397.5,397.15,397.41,21799
2026-05-14 13:35:00,397.4,397.58,397.4,397.44,9830
2026-05-14 13:36:00,397.43,397.45,397.205,397.205,8349
2026-05-14 13:37:00,397.155,397.5797,397.155,397.475,13480
2026-05-14 13:38:00,397.53,397.99,397.51,397.9301,26032
2026-05-14 13:39:00,397.98,398.21,397.969,398.16,24198
2026-05-14 13:40:00,398.15,398.28,397.975,398.13,15126
2026-05-14 13:41:00,398.11,398.29,398.08,398.18,14073
2026-05-14 13:42:00,398.16,398.38,398.11,398.38,17355
2026-05-14 13:43:00,398.35,398.5,398.3235,398.462,16271
2026-05-14 13:44:00,398.43,398.73,398.33,398.71,31574
2026-05-14 13:45:00,398.67,398.98,398.67,398.98,35669
2026-05-14 13:46:00,398.93,399.01,398.6901,398.88,36866
2026-05-14 13:47:00,398.885,398.91,398.52,398.705,18112
2026-05-14 13:48:00,398.69,398.88,398.59,398.59,19731
2026-05-14 13:49:00,398.57,398.79,398.57,398.66,8119
2026-05-14 13:50:00,398.6,398.76,398.43,398.64,10449
2026-05-14 13:51:00,398.56,398.86,398.5301,398.82,14917
2026-05-14 13:52:00,398.835,398.87,398.72,398.805,15730
2026-05-14 13:53:00,398.805,399.0,398.72,398.86,26784
2026-05-14 13:54:00,398.85,399.104,398.7801,398.88,43544
2026-05-14 13:55:00,398.9,398.91,398.64,398.65,12000
2026-05-14 13:56:00,398.67,398.73,398.45,398.498,12466
2026-05-14 13:57:00,398.49,398.67,398.4446,398.64,9058
2026-05-14 13:58:00,398.56,398.57,398.38,398.56,13451
2026-05-14 13:59:00,398.56,398.79,398.4606,398.5,14999
2026-05-14 14:00:00,398.5,398.5,398.165,398.235,16113
2026-05-14 14:01:00,398.225,398.35,397.64,397.72,28666
2026-05-14 14:02:00,397.55,397.67,397.446,397.53,8939
2026-05-14 14:03:00,397.475,397.53,397.08,397.14,10978
2026-05-14 14:04:00,397.09,397.13,396.6201,396.81,20073
2026-05-14 14:05:00,396.81,396.9,396.655,396.75,13576
2026-05-14 14:06:00,396.81,396.9599,396.6722,396.79,25626
2026-05-14 14:07:00,396.8,396.8,396.605,396.6301,15567
2026-05-14 14:08:00,396.68,396.85,396.57,396.68,13578
2026-05-14 14:09:00,396.66,396.87,396.62,396.7311,11864
2026-05-14 14:10:00,396.84,396.86,396.71,396.72,8472
2026-05-14 14:11:00,396.745,397.07,396.745,397.01,10903
2026-05-14 14:12:00,397.01,397.04,396.8601,396.96,15666
2026-05-14 14:13:00,396.93,396.975,396.67,396.67,17786
2026-05-14 14:14:00,396.71,396.87,396.71,396.87,11247
2026-05-14 14:15:00,396.88,397.18,396.82,397.16,11727
2026-05-14 14:16:00,397.15,397.33,397.03,397.03,17149
2026-05-14 14:17:00,397.06,397.06,396.78,396.82,19747
2026-05-14 14:18:00,396.83,397.0,396.73,397.0,11351
2026-05-14 14:19:00,396.99,397.1299,396.91,397.07,7338
2026-05-14 14:20:00,397.05,397.05,396.5706,396.645,12059
2026-05-14 14:21:00,396.65,396.73,396.5215,396.68,16598
2026-05-14 14:22:00,396.5901,396.83,396.5901,396.81,9485
2026-05-14 14:23:00,396.83,396.85,396.381,396.43,13406
2026-05-14 14:24:00,396.425,396.46,396.13,396.15,15981
2026-05-14 14:25:00,396.19,396.21,395.94,395.97,14723
2026-05-14 14:26:00,395.965,396.03,395.8,395.83,16246
2026-05-14 14:27:00,395.78,395.8581,395.73,395.75,11564
2026-05-14 14:28:00,395.76,395.94,395.695,395.875,13136
2026-05-14 14:29:00,395.9,396.16,395.865,396.07,14603
2026-05-14 14:30:00,396.07,396.32,396.06,396.3,11451
2026-05-14 14:31:00,396.304,396.304,396.03,396.05,10540
2026-05-14 14:32:00,396.045,396.24,395.93,396.24,12793
2026-05-14 14:33:00,396.17,396.46,396.075,396.4299,18157
2026-05-14 14:34:00,396.4136,396.54,396.37,396.44,12518
2026-05-14 14:35:00,396.435,396.49,396.365,396.39,9153
2026-05-14 14:36:00,396.34,396.39,396.0,396.0,6493
2026-05-14 14:37:00,396.03,396.27,395.99,396.27,10486
2026-05-14 14:38:00,396.29,396.35,396.18,396.35,9670
2026-05-14 14:39:00,396.2901,396.3689,396.15,396.16,22718
2026-05-14 14:40:00,396.18,396.2,395.89,395.89,7862
2026-05-14 14:41:00,395.85,396.1,395.8,396.1,19749
2026-05-14 14:42:00,396.075,396.19,396.07,396.15,10173
2026-05-14 14:43:00,396.14,396.21,396.12,396.2,21463
2026-05-14 14:44:00,396.175,396.2,396.12,396.15,9472
2026-05-14 14:45:00,396.12,396.15,395.9802,396.06,10896
2026-05-14 14:46:00,396.05,396.07,395.9,395.96,10492
2026-05-14 14:47:00,395.96,396.16,395.9,396.055,14284
2026-05-14 14:48:00,396.06,396.2,396.0,396.175,10053
2026-05-14 14:49:00,396.175,396.27,396.02,396.11,28150
2026-05-14 14:50:00,396.075,396.22,396.06,396.15,8969
2026-05-14 14:51:00,396.16,396.39,396.1575,396.33,28168
2026-05-14 14:52:00,396.33,396.57,396.27,396.4499,14829
2026-05-14 14:53:00,396.42,396.55,396.2601,396.515,11975
2026-05-14 14:54:00,396.53,396.62,396.36,396.39,12627
2026-05-14 14:55:00,396.33,396.44,396.2001,396.44,13901
2026-05-14 14:56:00,396.45,396.725,396.45,396.63,14857
2026-05-14 14:57:00,396.6596,396.73,396.5801,396.605,12770
2026-05-14 14:58:00,396.585,396.85,396.565,396.73,16530
2026-05-14 14:59:00,396.76,396.82,396.5891,396.63,9016
2026-05-14 15:00:00,396.62,396.65,396.53,396.565,13426
2026-05-14 15:01:00,396.56,396.83,396.53,396.63,8545
2026-05-14 15:02:00,396.65,396.98,396.645,396.98,16203
2026-05-14 15:03:00,396.9655,397.0,396.627,396.71,46639
2026-05-14 15:04:00,396.68,396.86,396.5501,396.85,15556
2026-05-14 15:05:00,396.83,397.06,396.75,397.0,16084
2026-05-14 15:06:00,396.97,396.97,396.7601,396.8499,7873
2026-05-14 15:07:00,396.805,396.98,396.8,396.853,16118
2026-05-14 15:08:00,396.825,396.8599,396.65,396.815,20164
2026-05-14 15:09:00,396.84,397.05,396.78,397.05,22076
2026-05-14 15:10:00,397.05,397.05,396.78,396.91,15870
2026-05-14 15:11:00,396.91,396.99,396.85,396.94,11263
2026-05-14 15:12:00,396.94,397.05,396.82,396.8638,14132
2026-05-14 15:13:00,396.845,396.87,396.63,396.65,18926
2026-05-14 15:14:00,396.67,396.79,396.6,396.706,15308
2026-05-14 15:15:00,396.72,396.85,396.6769,396.85,18988
2026-05-14 15:16:00,396.85,397.08,396.85,397.04,15049
2026-05-14 15:17:00,397.0198,397.08,396.96,397.0,17128
2026-05-14 15:18:00,397.03,397.15,396.9,396.95,9767
2026-05-14 15:19:00,396.95,397.04,396.71,396.82,9910
2026-05-14 15:20:00,396.77,397.2,396.765,397.18,22051
2026-05-14 15:21:00,397.155,397.35,397.14,397.205,31521
2026-05-14 15:22:00,397.21,397.3399,397.14,397.32,9182
2026-05-14 15:23:00,397.31,397.33,397.05,397.055,13493
2026-05-14 15:24:00,397.09,397.17,396.965,397.115,16823
2026-05-14 15:25:00,397.15,397.17,397.03,397.16,8230
2026-05-14 15:26:00,397.15,397.21,397.0,397.1,10299
2026-05-14 15:27:00,397.09,397.14,397.03,397.1,9145
2026-05-14 15:28:00,397.075,397.13,397.0,397.06,13898
2026-05-14 15:29:00,397.035,397.25,397.02,397.04,13139
2026-05-14 15:30:00,397.0232,397.12,397.0232,397.075,17457
2026-05-14 15:31:00,397.07,397.33,397.0125,397.155,12641
2026-05-14 15:32:00,397.18,397.28,397.1075,397.16,12164
2026-05-14 15:33:00,397.15,397.25,397.1101,397.2,10476
2026-05-14 15:34:00,397.19,397.25,396.95,396.99,23021
2026-05-14 15:35:00,396.95,396.97,396.61,396.65,23655
2026-05-14 15:36:00,396.645,396.76,396.63,396.75,16405
2026-05-14 15:37:00,396.74,396.85,396.69,396.795,20196
2026-05-14 15:38:00,396.82,396.85,396.71,396.765,22781
2026-05-14 15:39:00,396.73,396.9,396.72,396.86,14821
2026-05-14 15:40:00,396.88,397.19,396.88,397.18,29678
2026-05-14 15:41:00,397.165,397.17,396.99,397.04,15015
2026-05-14 15:42:00,397.045,397.23,397.015,397.18,17344
2026-05-14 15:43:00,397.17,397.24,396.85,396.87,10867
2026-05-14 15:44:00,396.87,397.05,396.87,396.99,13616
2026-05-14 15:45:00,396.99,396.99,396.69,396.73,15938
2026-05-14 15:46:00,396.72,396.965,396.72,396.82,10723
2026-05-14 15:47:00,396.82,396.93,396.789,396.93,9277
2026-05-14 15:48:00,396.93,397.02,396.83,396.85,22753
2026-05-14 15:49:00,396.85,396.875,396.535,396.54,23213
2026-05-14 15:50:00,396.52,396.52,396.08,396.3,43100
2026-05-14 15:51:00,396.28,396.35,396.02,396.03,26731
2026-05-14 15:52:00,396.07,396.28,396.07,396.141,17289
2026-05-14 15:53:00,396.17,396.35,396.14,396.29,26894
2026-05-14 15:54:00,396.3,396.67,396.06,396.621,57750
2026-05-14 15:55:00,396.62,396.8,396.37,396.72,55837
2026-05-14 15:56:00,396.72,396.92,396.72,396.92,50279
2026-05-14 15:57:00,396.92,397.06,396.85,396.86,58928
2026-05-14 15:58:00,396.89,396.93,396.79,396.9,75401
2026-05-14 15:59:00,396.89,397.32,396.85,397.2,258371
2026-05-14 16:00:00,397.24,397.26,396.7,397.17,1862704
2026-05-14 16:01:00,397.5,397.5,397.37,397.44,892
2026-05-14 16:02:00,397.4,397.4,397.33,397.33,300
2026-05-14 16:03:00,397.31,397.31,397.09,397.1,589
2026-05-14 16:04:00,397.1,397.1,397.1,397.1,147
2026-05-14 16:05:00,397.23,397.23,397.22,397.23,1696
2026-05-14 16:06:00,397.22,397.22,397.22,397.22,50
2026-05-14 16:07:00,397.21,397.21,397.2,397.2004,220
2026-05-14 16:08:00,397.21,397.21,397.2,397.2,500
2026-05-14 16:09:00,397.2,397.23,397.2,397.2,764
2026-05-14 16:10:00,397.2,397.37,397.2,397.37,376
2026-05-14 16:12:00,397.3016,397.3016,397.26,397.26,299
2026-05-14 16:13:00,397.26,397.43,397.26,397.43,170
2026-05-14 16:15:00,397.49,397.49,397.2,397.2,280
2026-05-14 16:16:00,397.05,397.05,396.82,396.82,933
2026-05-14 16:21:00,397.0,397.0,397.0,397.0,111
2026-05-14 16:22:00,397.0,397.0,396.94,396.94,1288
2026-05-14 16:23:00,396.905,396.93,396.905,396.93,250
2026-05-14 16:24:00,396.8,396.8,396.8,396.8,111
2026-05-14 16:26:00,396.71,396.71,396.71,396.71,100
2026-05-14 16:27:00,396.71,396.71,396.71,396.71,56
2026-05-14 16:29:00,396.75,396.75,396.75,396.75,44
2026-05-14 16:30:00,396.71,396.9,396.71,396.9,713
2026-05-14 16:31:00,396.77,396.77,396.77,396.77,68
2026-05-14 16:34:00,396.5,396.5,396.5,396.5,56
2026-05-14 16:36:00,396.4922,396.4922,396.4922,396.4922,100
2026-05-14 16:37:00,396.62,396.62,396.62,396.62,50
2026-05-14 16:41:00,396.75,396.83,396.75,396.82,326
2026-05-14 16:43:00,396.95,396.95,396.95,396.95,100
2026-05-14 16:45:00,396.75,396.75,396.75,396.75,100
2026-05-14 16:46:00,397.17,397.17,397.17,397.17,50
2026-05-14 16:47:00,396.91,396.91,396.75,396.75,90
2026-05-14 16:51:00,396.8,396.8,396.8,396.8,50
2026-05-14 16:52:00,396.59,396.59,396.59,396.59,548
2026-05-14 16:53:00,396.46,396.46,396.46,396.46,64
2026-05-14 16:54:00,396.5,396.72,396.5,396.72,650
2026-05-14 16:56:00,396.48,396.48,396.48,396.48,103
2026-05-14 17:00:00,396.5797,396.5797,396.5797,396.5797,100
2026-05-14 17:01:00,397.17,397.17,397.17,397.17,100
2026-05-14 17:05:00,396.99,396.99,396.99,396.99,125
2026-05-14 17:06:00,396.6471,396.6471,396.6471,396.6471,50
2026-05-14 17:09:00,396.99,397.0,396.99,397.0,94
2026-05-14 17:10:00,396.8,396.8,396.8,396.8,170
2026-05-14 17:11:00,396.99,396.99,396.99,396.99,100
2026-05-14 17:12:00,397.0,397.0,397.0,397.0,200
2026-05-14 17:13:00,396.82,396.82,396.82,396.82,76
2026-05-14 17:15:00,396.9545,396.9545,396.9545,396.9545,50
2026-05-14 17:17:00,396.92,396.92,396.92,396.92,121
2026-05-14 17:21:00,396.92,396.92,396.92,396.92,69
2026-05-14 17:22:00,396.93,396.93,396.75,396.75,434
2026-05-14 17:25:00,397.0,397.0,397.0,397.0,53
2026-05-14 17:26:00,397.0,397.0,397.0,397.0,174
2026-05-14 17:28:00,397.034,397.034,397.034,397.034,300
2026-05-14 17:33:00,397.01,397.01,397.01,397.01,40
2026-05-14 17:36:00,396.78,397.1,396.78,397.1,122
2026-05-14 17:38:00,396.66,396.66,396.66,396.66,50
2026-05-14 17:40:00,397.09,397.1,397.09,397.1,134
2026-05-14 17:41:00,397.32,397.32,397.32,397.32,140
2026-05-14 17:42:00,396.9,396.93,396.9,396.93,120
2026-05-14 17:43:00,397.32,397.32,397.32,397.32,400
2026-05-14 17:45:00,397.32,397.32,397.32,397.32,300
2026-05-14 17:46:00,396.98,397.08,396.8,396.8,180
2026-05-14 17:49:00,396.811,396.811,396.811,396.811,42
2026-05-14 17:58:00,396.82,397.0,396.81,397.0,300
2026-05-14 17:59:00,397.0,397.0,396.9999,396.9999,397
2026-05-14 18:00:00,396.98,397.0,396.92,397.0,520
2026-05-14 18:01:00,397.0,397.0,397.0,397.0,100
2026-05-14 18:02:00,396.8,396.8,396.8,396.8,100
2026-05-14 18:08:00,397.14,397.14,396.6603,396.6603,178
2026-05-14 18:11:00,396.77,396.81,396.77,396.81,214
2026-05-14 18:12:00,396.82,396.82,396.82,396.82,40
2026-05-14 18:18:00,396.77,396.9,396.77,396.9,243
2026-05-14 18:19:00,396.88,396.88,396.88,396.88,100
2026-05-14 18:22:00,396.88,396.88,396.8799,396.8799,362
2026-05-14 18:24:00,396.6799,396.88,396.65,396.8685,850
2026-05-14 18:25:00,396.96,397.0341,396.91,397.0341,285
2026-05-14 18:26:00,397.09,397.09,397.09,397.09,500
2026-05-14 18:30:00,396.83,396.83,396.83,396.83,49
2026-05-14 18:32:00,397.09,397.09,397.09,397.09,100
2026-05-14 18:33:00,397.1,397.1,397.1,397.1,50
2026-05-14 18:34:00,397.1,397.1,397.1,397.1,40
2026-05-14 18:35:00,396.86,396.86,396.86,396.86,409
2026-05-14 18:36:00,397.11,397.11,397.1099,397.11,137
2026-05-14 18:42:00,397.0,397.0,397.0,397.0,100
2026-05-14 18:43:00,396.86,397.3205,396.86,397.2,641
2026-05-14 18:45:00,397.2515,397.2515,397.2515,397.2515,181
2026-05-14 18:46:00,397.08,397.08,397.08,397.08,50
2026-05-14 18:47:00,397.0,397.0,397.0,397.0,50
2026-05-14 18:48:00,397.19,397.19,397.19,397.19,49
2026-05-14 18:51:00,397.2,397.2,397.2,397.2,136
2026-05-14 18:56:00,397.19,397.19,397.0,397.0,140
2026-05-14 19:04:00,397.237,397.237,397.15,397.15,250
2026-05-14 19:05:00,397.25,397.35,397.2499,397.35,353
2026-05-14 19:06:00,397.35,397.35,397.35,397.35,99
2026-05-14 19:07:00,397.1501,397.1501,397.1501,397.1501,600
2026-05-14 19:08:00,397.34,397.34,397.34,397.34,40
2026-05-14 19:12:00,397.25,397.25,397.25,397.25,40
2026-05-14 19:13:00,397.37,397.37,397.37,397.37,40
2026-05-14 19:16:00,397.24,397.24,397.2,397.2,109
2026-05-14 19:17:00,397.31,397.31,397.31,397.31,59
2026-05-14 19:18:00,397.37,397.37,397.15,397.15,200
2026-05-14 19:20:00,397.15,397.15,397.15,397.15,200
2026-05-14 19:22:00,397.2,397.24,397.2,397.24,133
2026-05-14 19:24:00,397.251,397.251,397.25,397.25,360
2026-05-14 19:25:00,397.25,397.28,397.25,397.28,994
2026-05-14 19:29:00,397.13,397.14,397.13,397.14,272
2026-05-14 19:35:00,397.0325,397.0325,397.0325,397.0325,50
2026-05-14 19:41:00,397.13,397.13,397.13,397.13,99
2026-05-14 19:42:00,397.1,397.1,397.1,397.1,274
2026-05-14 19:43:00,397.13,397.13,397.13,397.13,100
2026-05-14 19:45:00,397.1,397.1,397.1,397.1,234
2026-05-14 19:46:00,397.25,397.25,397.0,397.0,200
2026-05-14 19:47:00,397.01,397.01,397.01,397.01,50
2026-05-14 19:49:00,397.0,397.0,397.0,397.0,300
2026-05-14 19:50:00,396.95,396.95,396.95,396.95,50
2026-05-14 19:51:00,397.0,397.0,397.0,397.0,100
2026-05-14 19:55:00,396.7508,396.7508,396.75,396.75,450
2026-05-14 19:56:00,397.0,397.0,396.61,396.61,128
2026-05-14 19:57:00,396.57,396.57,396.52,396.52,126
2026-05-14 19:58:00,396.52,396.52,396.52,396.52,948
2026-05-14 19:59:00,397.0,397.0,397.0,397.0,40
2026-05-15 04:00:00,393.11,395.32,389.34,391.3,29750
2026-05-15 04:01:00,391.16,394.39,389.13,391.36,26204
2026-05-15 04:02:00,391.41,391.82,391.19,391.51,4820
2026-05-15 04:03:00,391.72,391.84,391.5,391.84,1004
2026-05-15 04:04:00,391.52,391.52,391.19,391.19,984
2026-05-15 04:05:00,391.19,391.35,391.1,391.34,704
2026-05-15 04:06:00,391.1,394.52,389.9,391.18,1655
2026-05-15 04:07:00,391.31,391.31,391.1,391.28,1168
2026-05-15 04:08:00,391.14,391.14,390.92,390.93,2588
2026-05-15 04:09:00,390.91,391.34,390.91,391.32,298
2026-05-15 04:10:00,391.3,391.31,391.12,391.12,265
2026-05-15 04:12:00,391.17,391.32,391.17,391.32,287
2026-05-15 04:13:00,391.16,391.3,391.02,391.3,1192
2026-05-15 04:14:00,391.53,391.53,391.14,391.24,196
2026-05-15 04:15:00,391.19,391.2,390.74,390.77,496
2026-05-15 04:16:00,390.8,391.024,390.23,390.23,891
2026-05-15 04:17:00,390.48,390.48,390.0,390.0391,2098
2026-05-15 04:18:00,390.5044,390.5044,390.21,390.21,130
2026-05-15 04:19:00,390.53,390.53,390.53,390.53,40
2026-05-15 04:20:00,390.2352,390.25,390.08,390.08,333
2026-05-15 04:21:00,390.22,390.26,390.03,390.03,242
2026-05-15 04:23:00,390.43,390.46,390.35,390.37,419
2026-05-15 04:24:00,390.44,390.46,390.4,390.41,373
2026-05-15 04:25:00,390.65,390.65,390.19,390.2,907
2026-05-15 04:26:00,390.18,390.49,389.97,390.31,1504
2026-05-15 04:27:00,390.23,390.23,389.65,389.89,820
2026-05-15 04:28:00,389.96,390.05,389.75,390.05,1035
2026-05-15 04:29:00,389.76,389.9,389.72,389.9,370
2026-05-15 04:30:00,389.88,389.88,389.25,389.31,914
2026-05-15 04:31:00,389.282,389.94,389.282,389.43,848
2026-05-15 04:32:00,389.44,390.12,389.44,390.1,436
2026-05-15 04:33:00,389.9,390.0,389.46,390.0,301
2026-05-15 04:34:00,389.85,390.09,389.7795,390.0,435
2026-05-15 04:35:00,390.0,390.07,390.0,390.07,257
2026-05-15 04:36:00,390.16,390.25,390.07,390.07,271
2026-05-15 04:37:00,390.26,390.44,390.26,390.41,370
2026-05-15 04:38:00,390.43,390.62,390.43,390.49,553
2026-05-15 04:42:00,390.7,390.95,390.7,390.95,343
2026-05-15 04:43:00,390.99,390.99,390.99,390.99,200
2026-05-15 04:44:00,390.98,391.06,390.75,390.75,317
2026-05-15 04:45:00,391.07,391.3,390.78,391.15,677
2026-05-15 04:46:00,391.1,391.1,390.81,390.81,90
2026-05-15 04:49:00,390.74,390.74,390.74,390.74,40
2026-05-15 04:50:00,390.71,390.85,390.71,390.85,130
2026-05-15 04:51:00,390.71,390.71,390.4,390.4,114
2026-05-15 04:52:00,390.6,390.6,390.6,390.6,40
2026-05-15 04:53:00,390.48,390.48,390.48,390.48,61
2026-05-15 04:54:00,390.79,390.79,390.74,390.74,100
2026-05-15 04:55:00,390.65,390.68,390.6,390.6,406
2026-05-15 04:56:00,390.7,390.7,390.7,390.7,40
2026-05-15 04:57:00,390.71,390.71,390.71,390.71,72
2026-05-15 04:58:00,390.66,390.68,390.66,390.68,980
2026-05-15 04:59:00,390.55,390.68,390.5,390.68,225
2026-05-15 05:00:00,390.57,390.57,390.37,390.37,325
2026-05-15 05:01:00,390.61,390.65,390.61,390.65,80
2026-05-15 05:02:00,390.61,390.61,390.4,390.6,268
2026-05-15 05:03:00,390.37,390.37,390.37,390.37,53
2026-05-15 05:04:00,390.59,390.6,390.59,390.6,122
2026-05-15 05:05:00,390.6,390.75,390.6,390.75,577
2026-05-15 05:06:00,390.64,390.79,390.64,390.79,140
2026-05-15 05:07:00,390.46,390.57,390.0,390.44,3068
2026-05-15 05:08:00,390.45,390.5,390.45,390.5,159
2026-05-15 05:09:00,390.49,390.49,390.49,390.49,40
2026-05-15 05:10:00,390.5,390.5,390.5,390.5,40
2026-05-15 05:11:00,390.69,390.71,390.65,390.71,672
2026-05-15 05:12:00,390.35,390.35,390.35,390.35,300
2026-05-15 05:13:00,390.682,390.682,390.35,390.65,476
2026-05-15 05:14:00,390.7,390.7,390.66,390.66,130
2026-05-15 05:16:00,390.5,390.64,390.35,390.46,1818
2026-05-15 05:17:00,390.51,390.58,390.51,390.58,140
2026-05-15 05:18:00,390.59,390.68,390.45,390.68,300
2026-05-15 05:20:00,390.25,390.26,390.25,390.25,374
2026-05-15 05:21:00,390.25,390.38,390.25,390.38,88
2026-05-15 05:22:00,390.0809,390.2,390.01,390.12,1185
2026-05-15 05:23:00,390.27,390.27,390.16,390.16,145
2026-05-15 05:24:00,390.13,390.25,390.13,390.25,116
2026-05-15 05:25:00,390.22,390.27,390.04,390.21,1202
2026-05-15 05:26:00,390.13,390.15,390.07,390.07,1499
2026-05-15 05:27:00,390.09,390.15,390.01,390.15,2449
2026-05-15 05:28:00,390.15,390.37,390.15,390.37,280
2026-05-15 05:29:00,390.46,390.46,390.46,390.46,50
2026-05-15 05:30:00,390.47,390.47,390.47,390.47,40
2026-05-15 05:33:00,390.82,390.82,390.82,390.82,50
2026-05-15 05:34:00,390.75,390.75,390.48,390.48,533
2026-05-15 05:35:00,390.58,390.58,390.58,390.58,780
2026-05-15 05:36:00,390.96,390.96,390.68,390.68,536
2026-05-15 05:37:00,390.66,390.72,390.5,390.5,261
2026-05-15 05:38:00,390.5,390.64,390.5,390.64,250
2026-05-15 05:40:00,390.91,390.91,390.6,390.6,220
2026-05-15 05:42:00,390.76,390.83,390.51,390.83,764
2026-05-15 05:43:00,390.81,390.81,390.73,390.73,225
2026-05-15 05:44:00,390.7572,390.7572,390.73,390.73,253
2026-05-15 05:46:00,390.73,390.83,390.5,390.83,753
2026-05-15 05:47:00,390.49,390.57,390.49,390.53,189
2026-05-15 05:48:00,390.58,390.58,390.58,390.58,40
2026-05-15 05:49:00,390.55,390.7,390.46,390.57,991
2026-05-15 05:50:00,390.4,390.4,390.4,390.4,43
2026-05-15 05:51:00,390.53,390.54,390.44,390.44,740
2026-05-15 05:52:00,390.2,390.3,390.18,390.19,1864
2026-05-15 05:53:00,390.22,390.27,390.12,390.27,509
2026-05-15 05:55:00,390.7,390.7,390.7,390.7,200
2026-05-15 05:56:00,390.98,390.98,390.92,390.92,140
2026-05-15 05:59:00,390.86,390.88,390.7,390.77,1236
2026-05-15 06:00:00,390.79,390.9,390.63,390.63,1102
2026-05-15 06:01:00,390.77,390.82,390.75,390.75,127
2026-05-15 06:02:00,390.66,390.67,390.66,390.67,119
2026-05-15 06:03:00,390.39,390.62,390.39,390.4,164
2026-05-15 06:04:00,390.34,390.52,390.34,390.52,345
2026-05-15 06:05:00,390.31,390.57,390.31,390.57,440
2026-05-15 06:06:00,390.99,390.99,390.99,390.99,41
2026-05-15 06:07:00,391.01,391.15,391.01,391.15,290
2026-05-15 06:08:00,391.1,391.2345,391.03,391.03,1321
2026-05-15 06:09:00,391.0,391.0,391.0,391.0,80
2026-05-15 06:11:00,391.04,391.04,391.04,391.04,50
2026-05-15 06:12:00,391.2,391.27,391.2,391.27,178
2026-05-15 06:13:00,391.19,391.27,391.19,391.27,477
2026-05-15 06:14:00,391.3,391.3,391.3,391.3,50
2026-05-15 06:15:00,391.4,391.4,391.4,391.4,43
2026-05-15 06:16:00,391.25,391.48,391.25,391.25,215
2026-05-15 06:21:00,391.56,391.56,391.56,391.56,84
2026-05-15 06:22:00,391.55,391.55,391.55,391.55,50
2026-05-15 06:23:00,391.5,391.6,391.5,391.6,180
2026-05-15 06:24:00,391.71,391.71,391.6,391.6,317
2026-05-15 06:25:00,391.6,391.6,391.6,391.6,40
2026-05-15 06:26:00,391.5,391.5,391.39,391.43,476
2026-05-15 06:28:00,391.16,391.43,391.16,391.27,1072
2026-05-15 06:29:00,391.05,391.06,390.87,391.02,401
2026-05-15 06:30:00,391.08,391.09,390.74,390.78,432
2026-05-15 06:31:00,390.77,390.82,390.77,390.82,140
2026-05-15 06:32:00,390.88,390.94,390.88,390.93,125
2026-05-15 06:33:00,390.85,390.87,390.85,390.87,170
2026-05-15 06:34:00,390.87,390.9,390.87,390.9,166
2026-05-15 06:35:00,390.98,390.98,390.94,390.94,284
2026-05-15 06:36:00,390.87,390.94,390.87,390.94,240
2026-05-15 06:37:00,390.86,390.86,390.6,390.66,235
2026-05-15 06:38:00,390.46,390.47,390.33,390.43,848
2026-05-15 06:39:00,390.53,390.53,390.3,390.3,440
2026-05-15 06:40:00,390.32,390.38,390.25,390.35,1350
2026-05-15 06:41:00,390.34,390.37,390.2,390.2,1235
2026-05-15 06:42:00,390.35,390.5,390.35,390.5,235
2026-05-15 06:43:00,390.4,390.47,390.4,390.47,245
2026-05-15 06:44:00,390.3282,390.5,390.3282,390.5,809
2026-05-15 06:45:00,390.52,390.7,390.52,390.7,436
2026-05-15 06:46:00,390.76,390.97,390.7,390.81,708
2026-05-15 06:47:00,391.01,391.01,390.79,390.79,1130
2026-05-15 06:48:00,390.81,390.81,390.74,390.74,311
2026-05-15 06:49:00,390.7,390.72,390.7,390.72,137
2026-05-15 06:51:00,390.76,391.11,390.74,391.11,1131
2026-05-15 06:52:00,391.17,391.18,391.16,391.16,299
2026-05-15 06:53:00,391.19,391.19,390.99,391.17,356
2026-05-15 06:54:00,391.0,391.17,390.92,391.17,220
2026-05-15 06:55:00,391.18,391.18,391.13,391.13,190
2026-05-15 06:56:00,391.26,391.26,391.22,391.22,120
2026-05-15 06:57:00,391.34,391.34,391.11,391.11,80
2026-05-15 06:58:00,391.34,391.34,391.29,391.31,1704
2026-05-15 06:59:00,391.24,391.24,391.24,391.24,80
2026-05-15 07:00:00,391.43,391.43,391.1364,391.3748,1185
2026-05-15 07:01:00,391.26,391.5,390.92,390.92,2722
2026-05-15 07:02:00,391.0,391.0,390.847,390.847,404
2026-05-15 07:03:00,391.1083,391.1083,390.8,391.0,1465
2026-05-15 07:04:00,390.85,390.85,390.78,390.78,450
2026-05-15 07:05:00,390.75,390.99,390.75,390.846,250
2026-05-15 07:06:00,390.86,391.23,390.86,391.0,601
2026-05-15 07:07:00,391.084,391.084,390.82,390.82,544
2026-05-15 07:08:00,390.93,390.93,390.93,390.93,147
2026-05-15 07:09:00,391.14,391.14,390.91,390.91,950
2026-05-15 07:10:00,390.92,390.92,390.82,390.82,538
2026-05-15 07:11:00,390.98,390.98,390.91,390.91,160
2026-05-15 07:12:00,390.99,391.01,390.99,390.99,1324
2026-05-15 07:13:00,390.98,390.98,390.8,390.8,409
2026-05-15 07:14:00,391.105,391.105,391.105,391.105,100
2026-05-15 07:15:00,391.1,391.1,391.01,391.04,371
2026-05-15 07:16:00,391.04,391.19,390.94,390.94,311
2026-05-15 07:17:00,391.14,391.1965,391.08,391.0802,281
2026-05-15 07:18:00,391.2092,391.2099,391.2092,391.2099,348
2026-05-15 07:19:00,391.21,391.21,391.02,391.02,377
2026-05-15 07:20:00,391.15,391.24,391.12,391.24,300
2026-05-15 07:21:00,391.4,391.4,390.84,390.84,452
2026-05-15 07:22:00,390.84,390.84,390.7,390.8218,467
2026-05-15 07:23:00,390.82,390.82,390.64,390.64,1784
2026-05-15 07:24:00,390.9,390.9,390.9,390.9,100
2026-05-15 07:25:00,390.8,390.8,390.7087,390.7087,104
2026-05-15 07:26:00,390.7,390.7001,390.7,390.7001,403
2026-05-15 07:27:00,390.94,390.94,390.62,390.62,556
2026-05-15 07:28:00,390.82,390.93,390.82,390.93,131
2026-05-15 07:29:00,390.7466,390.7466,390.7466,390.7466,40
2026-05-15 07:30:00,390.91,390.94,390.91,390.94,250
2026-05-15 07:31:00,390.91,391.0,390.91,391.0,911
2026-05-15 07:32:00,390.98,390.98,390.98,390.98,200
2026-05-15 07:33:00,390.93,390.98,390.85,390.98,232
2026-05-15 07:34:00,390.8,391.0,390.68,390.87,1356
2026-05-15 07:36:00,390.8845,390.98,390.8845,390.98,121
2026-05-15 07:37:00,390.98,391.09,390.98,391.09,191
2026-05-15 07:38:00,391.2247,391.2247,391.224,391.224,180
2026-05-15 07:39:00,391.05,391.05,390.72,390.72,321
2026-05-15 07:40:00,390.9,390.99,390.9,390.99,1194
2026-05-15 07:41:00,390.882,390.882,390.882,390.882,40
2026-05-15 07:42:00,390.88,390.88,390.8325,390.8325,220
2026-05-15 07:43:00,391.0084,391.0084,391.0084,391.0084,100
2026-05-15 07:45:00,390.7564,391.0,390.7564,391.0,195
2026-05-15 07:47:00,391.11,391.11,391.0,391.0,351
2026-05-15 07:48:00,391.1,391.1,391.1,391.1,51
2026-05-15 07:49:00,391.0681,391.4,391.0681,391.4,300
2026-05-15 07:50:00,391.36,391.36,391.25,391.25,150
2026-05-15 07:51:00,391.41,391.5,391.4,391.5,3740
2026-05-15 07:52:00,391.2,391.35,391.2,391.2628,283
2026-05-15 07:53:00,391.25,391.25,391.2,391.2,307
2026-05-15 07:54:00,391.1789,391.18,391.08,391.08,402
2026-05-15 07:55:00,391.0,391.0,390.87,390.87,144
2026-05-15 07:56:00,390.736,390.84,390.72,390.72,793
2026-05-15 07:59:00,390.66,390.7,390.65,390.7,276
2026-05-15 08:00:00,390.59,390.59,390.37,390.39,677
2026-05-15 08:01:00,390.4899,390.4899,390.41,390.46,560
2026-05-15 08:02:00,390.45,390.45,390.25,390.25,2993
2026-05-15 08:03:00,390.23,390.3,390.23,390.3,316
2026-05-15 08:05:00,390.2765,390.39,390.2765,390.35,636
2026-05-15 08:06:00,390.2,390.3,390.14,390.3,340
2026-05-15 08:07:00,390.17,390.2,390.02,390.02,636
2026-05-15 08:08:00,390.02,390.11,390.02,390.05,1698
2026-05-15 08:09:00,390.09,390.32,390.08,390.2,405
2026-05-15 08:10:00,390.06,390.31,390.06,390.31,2186
2026-05-15 08:11:00,390.15,390.4,390.15,390.25,1657
2026-05-15 08:12:00,390.25,390.25,390.15,390.15,300
2026-05-15 08:13:00,390.13,390.22,390.13,390.22,150
2026-05-15 08:14:00,390.14,390.14,389.95,389.98,8428
2026-05-15 08:15:00,389.9414,390.12,389.9414,390.0416,189
2026-05-15 08:16:00,390.25,390.39,390.25,390.39,254
2026-05-15 08:17:00,390.38,390.42,390.38,390.42,344
2026-05-15 08:18:00,390.325,390.325,390.325,390.325,500
2026-05-15 08:19:00,390.3899,390.39,390.3899,390.39,170
2026-05-15 08:20:00,390.48,390.66,390.48,390.66,635
2026-05-15 08:21:00,390.67,390.8,390.5945,390.8,695
2026-05-15 08:22:00,390.68,390.8,390.65,390.73,3255
2026-05-15 08:23:00,390.7415,390.7415,390.7,390.73,1045
2026-05-15 08:24:00,390.71,390.71,390.53,390.6,778
2026-05-15 08:25:00,390.6,390.6,390.55,390.55,514
2026-05-15 08:26:00,390.57,390.59,390.57,390.59,160
2026-05-15 08:27:00,390.4,390.5057,390.38,390.38,331
2026-05-15 08:28:00,390.49,390.53,390.31,390.31,875
2026-05-15 08:29:00,390.4,390.4,390.4,390.4,50
2026-05-15 08:30:00,390.42,390.5,390.295,390.295,1096
2026-05-15 08:31:00,390.31,390.32,390.2,390.2,2647
2026-05-15 08:32:00,390.24,390.24,390.1,390.1,957
2026-05-15 08:33:00,390.25,390.36,390.25,390.36,200
2026-05-15 08:34:00,390.2885,390.4,390.2885,390.39,586
2026-05-15 08:35:00,390.35,390.4969,390.34,390.34,288
2026-05-15 08:36:00,390.25,390.3,390.25,390.3,1206
2026-05-15 08:37:00,390.34,390.34,390.04,390.04,1128
2026-05-15 08:38:00,390.05,390.16,390.01,390.01,1096
2026-05-15 08:39:00,390.185,390.2,390.1221,390.2,535
2026-05-15 08:40:00,390.2,390.44,390.1347,390.44,425
2026-05-15 08:41:00,390.29,390.37,390.29,390.37,138
2026-05-15 08:42:00,390.29,390.3766,390.29,390.3766,250
2026-05-15 08:43:00,390.35,390.45,390.24,390.26,1190
2026-05-15 08:44:00,390.26,390.4301,390.26,390.26,320
2026-05-15 08:45:00,390.26,390.26,390.01,390.1,824
2026-05-15 08:46:00,390.21,390.2583,390.0462,390.2583,392
2026-05-15 08:47:00,390.03,390.03,390.0,390.0,888
2026-05-15 08:48:00,389.95,389.95,389.8957,389.8957,140
2026-05-15 08:49:00,389.8,389.91,389.8,389.86,400
2026-05-15 08:50:00,389.8,389.8,389.79,389.79,220
2026-05-15 08:51:00,390.0,390.02,390.0,390.02,150
2026-05-15 08:52:00,390.0618,390.11,389.97,390.11,700
2026-05-15 08:53:00,390.123,390.31,390.12,390.31,581
2026-05-15 08:54:00,390.09,390.3,390.09,390.3,366
2026-05-15 08:55:00,390.44,390.44,390.44,390.44,100
2026-05-15 08:56:00,390.35,390.62,390.3,390.62,518
2026-05-15 08:57:00,390.41,390.41,390.41,390.41,40
2026-05-15 08:58:00,390.41,390.4781,390.32,390.4,386
2026-05-15 08:59:00,390.38,390.38,390.32,390.32,90
2026-05-15 09:00:00,390.3998,390.3998,389.78,389.78,1947
2026-05-15 09:01:00,389.72,389.72,389.6,389.6,319
2026-05-15 09:02:00,389.69,389.97,389.69,389.8585,185
2026-05-15 09:03:00,389.7,389.95,389.69,389.95,430
2026-05-15 09:04:00,389.7105,389.7105,389.6502,389.6635,200
2026-05-15 09:05:00,389.77,389.78,389.55,389.55,615
2026-05-15 09:06:00,389.6,389.72,389.5,389.69,1109
2026-05-15 09:07:00,389.59,389.59,389.5,389.5,300
2026-05-15 09:08:00,389.61,389.71,389.6,389.71,815
2026-05-15 09:09:00,389.6,389.8,389.6,389.75,812
2026-05-15 09:10:00,389.86,389.86,389.72,389.8522,294
2026-05-15 09:11:00,389.72,389.72,389.66,389.66,310
2026-05-15 09:12:00,389.5801,389.73,389.56,389.56,4732
2026-05-15 09:13:00,389.63,389.69,389.3,389.35,853
2026-05-15 09:14:00,389.34,389.5512,389.34,389.5512,476
2026-05-15 09:15:00,389.48,389.5,389.48,389.5,200
2026-05-15 09:16:00,389.4,389.8679,389.31,389.8679,3022
2026-05-15 09:17:00,389.89,389.89,389.83,389.83,208
2026-05-15 09:18:00,389.85,390.0,389.85,389.91,719
2026-05-15 09:19:00,389.99,390.01,389.91,390.0,2052
2026-05-15 09:20:00,390.04,390.2843,389.92,390.2462,1332
2026-05-15 09:21:00,390.06,390.06,389.9718,390.0,648
2026-05-15 09:22:00,389.98,390.06,389.97,390.06,1243
2026-05-15 09:23:00,390.23,390.29,390.07,390.25,1179
2026-05-15 09:24:00,390.26,390.31,390.26,390.31,112
2026-05-15 09:25:00,390.68,391.91,390.68,391.62,9475
2026-05-15 09:26:00,391.91,391.91,391.561,391.75,3510
2026-05-15 09:27:00,391.75,392.0,391.66,392.0,4516
2026-05-15 09:28:00,392.18,393.44,392.18,392.97,24237
2026-05-15 09:29:00,393.03,393.89,392.81,393.22,38709
2026-05-15 09:30:00,393.27,393.81,391.3,391.83,1210211
2026-05-15 09:31:00,391.77,392.59,390.38,392.59,71581
2026-05-15 09:32:00,392.6,393.3,391.75,391.94,76119
2026-05-15 09:33:00,391.7805,391.96,390.33,390.49,54122
2026-05-15 09:34:00,390.43,390.7599,389.8,390.46,116071
2026-05-15 09:35:00,390.36,390.63,389.76,390.38,63248
2026-05-15 09:36:00,390.45,391.789,390.24,391.15,38611
2026-05-15 09:37:00,391.25,391.5899,391.0,391.29,44702
2026-05-15 09:38:00,391.3396,391.45,390.63,390.81,51900
2026-05-15 09:39:00,390.7907,391.1096,390.5,390.9,39736
2026-05-15 09:40:00,390.96,391.93,390.84,391.84,54788
2026-05-15 09:41:00,391.93,392.21,391.48,392.2082,39993
2026-05-15 09:42:00,392.18,392.3799,391.87,392.325,28986
2026-05-15 09:43:00,392.31,392.9,391.96,391.96,44855
2026-05-15 09:44:00,391.9368,392.31,391.74,392.04,26425
2026-05-15 09:45:00,391.97,392.2,391.27,391.36,66165
2026-05-15 09:46:00,391.33,391.56,391.0,391.14,34813
2026-05-15 09:47:00,391.13,392.29,391.13,392.2,33769
2026-05-15 09:48:00,392.175,393.48,392.175,393.48,49758
2026-05-15 09:49:00,393.43,394.07,393.19,393.9,48873
2026-05-15 09:50:00,393.85,394.4796,393.745,394.398,32181
2026-05-15 09:51:00,394.41,394.49,393.65,393.97,30764
2026-05-15 09:52:00,393.91,394.27,393.88,394.07,32649
2026-05-15 09:53:00,394.0475,394.375,393.94,394.27,27472
2026-05-15 09:54:00,394.26,395.36,394.26,395.105,40732
2026-05-15 09:55:00,395.09,395.52,394.87,395.45,33781
2026-05-15 09:56:00,395.45,395.45,394.94,395.16,42419
2026-05-15 09:57:00,395.12,395.73,395.01,395.32,31395
2026-05-15 09:58:00,395.31,395.31,394.7,394.7601,33398
2026-05-15 09:59:00,394.75,395.0,393.99,394.315,69398
2026-05-15 10:00:00,394.33,394.46,393.78,394.0,27780
2026-05-15 10:01:00,393.94,394.22,393.49,393.91,37547
2026-05-15 10:02:00,393.925,394.81,393.8601,394.7402,22625
2026-05-15 10:03:00,394.8,394.88,394.13,394.2499,22069
2026-05-15 10:04:00,394.21,394.53,393.75,394.28,30416
2026-05-15 10:05:00,394.3198,394.775,394.1101,394.26,19824
2026-05-15 10:06:00,394.34,394.73,394.14,394.14,21576
2026-05-15 10:07:00,394.23,394.58,394.1601,394.36,18514
2026-05-15 10:08:00,394.38,395.11,394.38,395.11,14119
2026-05-15 10:09:00,395.11,395.4,394.89,394.97,22971
2026-05-15 10:10:00,395.0,395.35,394.93,394.97,30785
2026-05-15 10:11:00,394.995,395.03,394.5401,394.78,24265
2026-05-15 10:12:00,394.775,395.405,394.73,395.33,44394
2026-05-15 10:13:00,395.35,395.63,395.11,395.185,41932
2026-05-15 10:14:00,395.1,395.45,395.045,395.335,44367
2026-05-15 10:15:00,395.3,395.88,395.26,395.83,18912
2026-05-15 10:16:00,395.8,395.84,395.22,395.31,14431
2026-05-15 10:17:00,395.29,395.57,395.105,395.3,20251
2026-05-15 10:18:00,395.3,395.485,395.09,395.485,19688
2026-05-15 10:19:00,395.48,395.71,395.13,395.31,31139
2026-05-15 10:20:00,395.27,395.42,395.03,395.32,28517
2026-05-15 10:21:00,395.44,395.79,395.3,395.41,14207
2026-05-15 10:22:00,395.415,395.59,395.1701,395.21,11265
2026-05-15 10:23:00,395.205,395.7399,395.205,395.25,33275
2026-05-15 10:24:00,395.31,395.5,394.83,394.921,37421
2026-05-15 10:25:00,394.85,395.01,394.32,394.435,40172
2026-05-15 10:26:00,394.425,394.65,394.28,394.41,30781
2026-05-15 10:27:00,394.39,394.725,394.24,394.5,21964
2026-05-15 10:28:00,394.49,395.25,394.39,395.02,53801
2026-05-15 10:29:00,395.0,395.02,394.17,394.6025,15658
2026-05-15 10:30:00,394.575,395.08,394.51,394.62,29471
2026-05-15 10:31:00,394.65,395.15,394.52,395.05,19254
2026-05-15 10:32:00,395.055,395.11,394.73,394.87,12847
2026-05-15 10:33:00,394.875,395.18,394.53,394.59,20090
2026-05-15 10:34:00,394.59,395.14,394.55,395.095,18668
2026-05-15 10:35:00,395.09,395.105,394.31,394.37,55760
2026-05-15 10:36:00,394.32,394.56,393.87,393.97,46901
2026-05-15 10:37:00,393.975,394.31,393.87,393.98,19111
2026-05-15 10:38:00,394.1,394.32,393.99,394.22,12134
2026-05-15 10:39:00,394.26,394.44,393.89,393.91,15658
2026-05-15 10:40:00,393.99,394.26,393.88,394.24,12470
2026-05-15 10:41:00,394.19,394.22,393.83,393.92,16983
2026-05-15 10:42:00,393.9595,394.44,393.89,394.257,21236
2026-05-15 10:43:00,394.2,394.35,394.0,394.07,17685
2026-05-15 10:44:00,394.03,394.05,393.83,393.97,10094
2026-05-15 10:45:00,393.97,394.08,393.69,393.88,20626
2026-05-15 10:46:00,393.88,394.13,393.78,393.8,16491
2026-05-15 10:47:00,393.8,393.91,393.58,393.58,15549
2026-05-15 10:48:00,393.56,393.6,393.21,393.4,42074
2026-05-15 10:49:00,393.405,393.45,393.28,393.39,16330
2026-05-15 10:50:00,393.39,393.4599,392.91,393.1301,25233
2026-05-15 10:51:00,393.21,393.4288,393.09,393.22,13766
2026-05-15 10:52:00,393.17,393.29,393.0,393.15,11048
2026-05-15 10:53:00,393.17,393.37,393.09,393.19,16091
2026-05-15 10:54:00,393.22,393.87,393.22,393.84,39299
2026-05-15 10:55:00,393.86,394.09,393.725,393.825,18603
2026-05-15 10:56:00,393.81,394.41,393.81,394.38,17848
2026-05-15 10:57:00,394.41,394.6,394.4,394.57,15569
2026-05-15 10:58:00,394.59,394.69,394.4,394.4,10167
2026-05-15 10:59:00,394.45,394.66,394.37,394.56,12167
2026-05-15 11:00:00,394.6,394.67,394.33,394.47,10784
2026-05-15 11:01:00,394.5,394.84,394.3759,394.3759,16041
2026-05-15 11:02:00,394.4499,394.46,394.22,394.24,10105
2026-05-15 11:03:00,394.22,394.22,393.8301,394.13,17865
2026-05-15 11:04:00,394.24,394.28,394.05,394.1,8102
2026-05-15 11:05:00,394.075,394.165,393.845,393.89,9366
2026-05-15 11:06:00,393.9,393.99,393.56,393.73,11912
2026-05-15 11:07:00,393.7201,394.13,393.63,393.85,19820
2026-05-15 11:08:00,393.84,394.3,393.7932,394.16,10209
2026-05-15 11:09:00,394.16,394.8733,394.025,394.81,8614
2026-05-15 11:10:00,394.81,395.07,394.78,394.97,24449
2026-05-15 11:11:00,395.0,395.0,394.335,394.535,18147
2026-05-15 11:12:00,394.535,394.58,394.28,394.42,10969
2026-05-15 11:13:00,394.38,394.53,394.32,394.44,13491
2026-05-15 11:14:00,394.435,394.435,394.02,394.1301,15664
2026-05-15 11:15:00,394.1301,394.2,393.74,393.817,46994
2026-05-15 11:16:00,393.78,394.22,393.65,393.71,56696
2026-05-15 11:17:00,393.69,393.96,393.52,393.83,46049
2026-05-15 11:18:00,393.83,394.11,393.72,393.865,21190
2026-05-15 11:19:00,393.865,394.0,393.82,393.91,26061
2026-05-15 11:20:00,393.855,394.21,393.855,394.13,24855
2026-05-15 11:21:00,394.15,394.21,393.935,393.99,25460
2026-05-15 11:22:00,393.99,394.09,393.775,393.845,31470
2026-05-15 11:23:00,393.8,394.11,393.675,393.675,24140
2026-05-15 11:24:00,393.68,393.9,393.64,393.695,9888
2026-05-15 11:25:00,393.7,393.72,393.15,393.2,18002
2026-05-15 11:26:00,393.24,393.39,393.11,393.295,41285
2026-05-15 11:27:00,393.29,393.57,393.16,393.245,17925
2026-05-15 11:28:00,393.255,393.355,393.12,393.21,13425
2026-05-15 11:29:00,393.225,393.63,393.21,393.59,15701
2026-05-15 11:30:00,393.61,393.93,393.61,393.755,10714
2026-05-15 11:31:00,393.7863,394.11,393.54,394.08,20732
2026-05-15 11:32:00,394.045,394.18,393.43,393.98,38878
2026-05-15 11:33:00,393.9301,394.02,393.09,393.26,14100
2026-05-15 11:34:00,393.24,393.44,393.18,393.21,6478
2026-05-15 11:35:00,393.255,393.535,393.15,393.44,8299
2026-05-15 11:36:00,393.49,393.93,393.49,393.64,6772
2026-05-15 11:37:00,393.63,393.8,393.56,393.64,6256
2026-05-15 11:38:00,393.65,393.7,393.41,393.53,8090
2026-05-15 11:39:00,393.51,393.59,392.95,393.01,15936
2026-05-15 11:40:00,393.0,393.15,392.76,393.15,19380
2026-05-15 11:41:00,393.08,393.17,392.9,393.17,7328
2026-05-15 11:42:00,393.1,393.115,392.82,392.94,9188
2026-05-15 11:43:00,392.93,392.95,392.49,392.51,15933
2026-05-15 11:44:00,392.51,392.54,392.2,392.505,19676
2026-05-15 11:45:00,392.48,392.55,392.15,392.28,14464
2026-05-15 11:46:00,392.28,392.42,392.12,392.32,22404
2026-05-15 11:47:00,392.3,392.32,392.04,392.04,9949
2026-05-15 11:48:00,392.0,392.2899,391.9301,392.045,32496
2026-05-15 11:49:00,392.045,392.1,391.54,391.56,29413
2026-05-15 11:50:00,391.595,391.6599,391.12,391.28,20679
2026-05-15 11:51:00,391.28,391.67,391.1,391.64,16289
2026-05-15 11:52:00,391.63,391.93,391.58,391.9001,17603
2026-05-15 11:53:00,391.945,392.08,391.57,391.825,28986
2026-05-15 11:54:00,391.82,392.12,391.76,391.89,18110
2026-05-15 11:55:00,391.845,392.045,391.63,392.0,30296
2026-05-15 11:56:00,391.995,392.28,391.82,392.27,17752
2026-05-15 11:57:00,392.31,392.42,391.9575,392.02,9797
2026-05-15 11:58:00,392.06,392.36,392.06,392.325,9265
2026-05-15 11:59:00,392.36,392.682,392.36,392.595,32294
2026-05-15 12:00:00,392.67,392.93,392.6001,392.84,22041
2026-05-15 12:01:00,392.8,392.87,392.62,392.78,10673
2026-05-15 12:02:00,392.79,392.83,392.68,392.76,8832
2026-05-15 12:03:00,392.74,392.83,392.31,392.435,13039
2026-05-15 12:04:00,392.435,392.61,392.25,392.5,7512
2026-05-15 12:05:00,392.4,392.53,392.33,392.485,5896
2026-05-15 12:06:00,392.485,392.56,392.065,392.065,5903
2026-05-15 12:07:00,392.07,392.22,392.02,392.18,4756
2026-05-15 12:08:00,392.12,392.55,392.08,392.52,9375
2026-05-15 12:09:00,392.515,392.73,392.46,392.56,7985
2026-05-15 12:10:00,392.47,392.58,392.38,392.395,7184
2026-05-15 12:11:00,392.395,392.48,392.27,392.38,9996
2026-05-15 12:12:00,392.385,392.53,392.25,392.365,4340
2026-05-15 12:13:00,392.33,392.44,392.2401,392.35,9836
2026-05-15 12:14:00,392.35,392.5,392.3201,392.465,8107
2026-05-15 12:15:00,392.42,392.5199,392.28,392.28,4168
2026-05-15 12:16:00,392.2401,392.315,392.0101,392.155,7984
2026-05-15 12:17:00,392.13,392.28,392.05,392.26,8385
2026-05-15 12:18:00,392.24,392.36,392.23,392.35,5648
2026-05-15 12:19:00,392.35,392.47,392.24,392.35,6279
2026-05-15 12:20:00,392.4,392.52,392.27,392.52,5112
2026-05-15 12:21:00,392.52,392.77,392.52,392.685,10310
2026-05-15 12:22:00,392.64,392.885,392.64,392.885,3363
2026-05-15 12:23:00,392.885,392.93,392.68,392.775,6158
2026-05-15 12:24:00,392.74,392.86,392.64,392.86,5792
2026-05-15 12:25:00,392.83,393.152,392.83,393.152,11671
2026-05-15 12:26:00,393.15,393.23,393.07,393.11,4220
2026-05-15 12:27:00,393.12,393.5,393.12,393.35,39545
2026-05-15 12:28:00,393.398,393.46,393.05,393.075,10581
2026-05-15 12:29:00,393.1029,393.34,392.9701,393.3201,8223
2026-05-15 12:30:00,393.4,393.45,393.13,393.29,8749
2026-05-15 12:31:00,393.26,393.43,393.1501,393.3,5930
2026-05-15 12:32:00,393.2407,393.46,393.15,393.325,9881
2026-05-15 12:33:00,393.325,393.44,393.2,393.405,2518
2026-05-15 12:34:00,393.42,393.55,393.33,393.45,8038
2026-05-15 12:35:00,393.45,393.4504,393.23,393.315,10338
2026-05-15 12:36:00,393.315,393.52,393.3,393.425,10765
2026-05-15 12:37:00,393.4,393.55,393.345,393.375,8841
2026-05-15 12:38:00,393.375,393.375,392.95,392.9695,15081
2026-05-15 12:39:00,392.91,393.26,392.91,393.23,22622
2026-05-15 12:40:00,393.22,393.22,393.12,393.17,6324
2026-05-15 12:41:00,393.165,393.23,393.0,393.04,4948
2026-05-15 12:42:00,392.97,393.17,392.8701,392.915,17911
2026-05-15 12:43:00,392.86,392.985,392.86,392.88,11482
2026-05-15 12:44:00,392.85,392.995,392.76,392.995,11721
2026-05-15 12:45:00,393.02,393.12,392.925,393.0699,6469
2026-05-15 12:46:00,393.04,393.0899,392.83,392.84,8800
2026-05-15 12:47:00,392.86,392.9588,392.84,392.84,5183
2026-05-15 12:48:00,392.79,392.89,392.74,392.85,8517
2026-05-15 12:49:00,392.94,392.96,392.82,392.935,7909
2026-05-15 12:50:00,392.885,393.0,392.85,392.98,4452
2026-05-15 12:51:00,393.005,393.03,392.85,392.85,8336
2026-05-15 12:52:00,392.88,392.929,392.671,392.695,4286
2026-05-15 12:53:00,392.68,392.68,392.45,392.4701,8875
2026-05-15 12:54:00,392.5,392.725,392.26,392.38,5966
2026-05-15 12:55:00,392.42,392.71,392.3501,392.63,7581
2026-05-15 12:56:00,392.58,392.6899,392.51,392.52,10232
2026-05-15 12:57:00,392.5,392.61,392.3,392.385,40108
2026-05-15 12:58:00,392.365,392.4069,392.09,392.145,7955
2026-05-15 12:59:00,392.12,392.31,392.1045,392.285,8321
2026-05-15 13:00:00,392.285,392.55,392.19,392.4,6864
2026-05-15 13:01:00,392.3601,392.6099,392.205,392.555,7243
2026-05-15 13:02:00,392.555,392.77,392.465,392.77,2216
2026-05-15 13:03:00,392.7,392.72,392.475,392.6001,19793
2026-05-15 13:04:00,392.6,392.72,392.57,392.69,3313
2026-05-15 13:05:00,392.65,392.85,392.62,392.82,8341
2026-05-15 13:06:00,392.8739,393.17,392.86,393.165,12246
2026-05-15 13:07:00,393.165,393.23,393.05,393.23,12173
2026-05-15 13:08:00,393.23,393.37,393.22,393.36,11938
2026-05-15 13:09:00,393.39,393.41,393.2,393.25,6289
2026-05-15 13:10:00,393.22,393.42,393.22,393.33,5122
2026-05-15 13:11:00,393.32,393.5,393.25,393.49,6794
2026-05-15 13:12:00,393.51,393.65,393.36,393.61,15468
2026-05-15 13:13:00,393.5708,393.5708,393.4,393.4931,7016
2026-05-15 13:14:00,393.49,393.675,393.42,393.645,8802
2026-05-15 13:15:00,393.62,393.62,393.3745,393.4,4172
2026-05-15 13:16:00,393.405,393.52,393.3063,393.34,4948
2026-05-15 13:17:00,393.36,393.44,393.26,393.3605,22452
2026-05-15 13:18:00,393.37,393.54,393.37,393.54,5045
2026-05-15 13:19:00,393.56,393.67,393.55,393.67,5395
2026-05-15 13:20:00,393.68,393.68,393.58,393.61,6192
2026-05-15 13:21:00,393.65,393.77,393.5402,393.77,10121
2026-05-15 13:22:00,393.74,393.74,393.41,393.475,18571
2026-05-15 13:23:00,393.48,393.52,393.255,393.255,9487
2026-05-15 13:24:00,393.28,393.34,393.24,393.26,3869
2026-05-15 13:25:00,393.275,393.46,393.275,393.435,14854
2026-05-15 13:26:00,393.44,393.735,393.4,393.695,13657
2026-05-15 13:27:00,393.67,393.85,393.55,393.8,12576
2026-05-15 13:28:00,393.81,393.83,393.63,393.7486,8611
2026-05-15 13:29:00,393.7111,393.8,393.665,393.72,7203
2026-05-15 13:30:00,393.67,393.825,393.58,393.7675,8233
2026-05-15 13:31:00,393.835,393.835,393.675,393.685,12270
2026-05-15 13:32:00,393.695,393.79,393.6,393.72,31639
2026-05-15 13:33:00,393.73,393.86,393.57,393.81,27905
2026-05-15 13:34:00,393.82,394.0175,393.72,394.0175,20139
2026-05-15 13:35:00,394.0,394.33,393.94,394.24,26851
2026-05-15 13:36:00,394.22,394.34,393.94,394.14,25487
2026-05-15 13:37:00,394.13,394.13,393.66,393.66,4198
2026-05-15 13:38:00,393.66,393.77,393.5,393.6,9232
2026-05-15 13:39:00,393.58,393.65,393.35,393.57,11513
2026-05-15 13:40:00,393.6,393.68,393.57,393.58,13450
2026-05-15 13:41:00,393.595,393.67,393.28,393.28,8100
2026-05-15 13:42:00,393.31,393.46,393.2501,393.4,8992
2026-05-15 13:43:00,393.435,393.52,393.36,393.48,7262
2026-05-15 13:44:00,393.468,393.48,393.25,393.265,5694
2026-05-15 13:45:00,393.28,393.395,393.26,393.35,8064
2026-05-15 13:46:00,393.33,393.33,393.04,393.05,9811
2026-05-15 13:47:00,393.03,393.08,392.9115,393.05,17932
2026-05-15 13:48:00,393.04,393.1,392.91,392.91,5850
2026-05-15 13:49:00,392.9,392.94,392.79,392.81,11833
2026-05-15 13:50:00,392.82,392.9,392.78,392.855,10264
2026-05-15 13:51:00,392.87,392.97,392.78,392.94,17186
2026-05-15 13:52:00,392.96,393.21,392.92,393.05,24061
2026-05-15 13:53:00,393.045,393.26,393.045,393.17,14503
2026-05-15 13:54:00,393.2,393.2,393.08,393.1,6694
2026-05-15 13:55:00,393.075,393.15,392.94,393.09,7287
2026-05-15 13:56:00,393.08,393.24,393.025,393.06,11767
2026-05-15 13:57:00,393.05,393.19,392.97,393.095,9674
2026-05-15 13:58:00,393.07,393.25,393.04,393.24,6169
2026-05-15 13:59:00,393.22,393.26,393.01,393.055,18771
2026-05-15 14:00:00,393.08,393.33,393.075,393.15,47826
2026-05-15 14:01:00,393.165,393.3,393.12,393.25,13974
2026-05-15 14:02:00,393.25,393.385,393.18,393.3299,16439
2026-05-15 14:03:00,393.38,393.46,393.32,393.41,5218
2026-05-15 14:04:00,393.395,393.4,393.17,393.17,5839
2026-05-15 14:05:00,393.22,393.47,393.155,393.46,16031
2026-05-15 14:06:00,393.46,393.59,393.335,393.565,14706
2026-05-15 14:07:00,393.59,393.72,393.55,393.66,9882
2026-05-15 14:08:00,393.69,393.75,393.49,393.495,12322
2026-05-15 14:09:00,393.56,393.66,393.41,393.41,11454
2026-05-15 14:10:00,393.41,393.57,393.375,393.52,6559
2026-05-15 14:11:00,393.49,393.49,393.325,393.325,3108
2026-05-15 14:12:00,393.33,393.47,393.2668,393.47,7506
2026-05-15 14:13:00,393.45,393.45,393.2014,393.29,10915
2026-05-15 14:14:00,393.29,393.34,393.05,393.075,11085
2026-05-15 14:15:00,393.06,393.18,393.0,393.0084,5162
2026-05-15 14:16:00,392.989,393.06,392.85,392.91,18497
2026-05-15 14:17:00,392.88,392.98,392.85,392.89,8338
2026-05-15 14:18:00,392.86,392.9,392.21,392.35,14686
2026-05-15 14:19:00,392.32,392.36,392.13,392.19,12925
2026-05-15 14:20:00,392.2067,392.46,392.12,392.46,15150
2026-05-15 14:21:00,392.425,392.55,392.3107,392.47,9095
2026-05-15 14:22:00,392.44,392.73,392.4334,392.7,5970
2026-05-15 14:23:00,392.7,392.77,392.58,392.71,13487
2026-05-15 14:24:00,392.71,392.77,392.56,392.57,9443
2026-05-15 14:25:00,392.53,392.57,392.44,392.485,6380
2026-05-15 14:26:00,392.495,392.495,392.24,392.36,13244
2026-05-15 14:27:00,392.36,392.36,391.99,392.03,13724
2026-05-15 14:28:00,392.0,392.1,391.88,392.05,31420
2026-05-15 14:29:00,392.03,392.23,392.0,392.03,15185
2026-05-15 14:30:00,392.06,392.23,391.84,391.88,16376
2026-05-15 14:31:00,391.86,391.87,391.61,391.68,38110
2026-05-15 14:32:00,391.64,391.8199,391.4,391.81,14001
2026-05-15 14:33:00,391.75,391.755,391.36,391.44,12024
2026-05-15 14:34:00,391.41,391.8,391.41,391.63,11027
2026-05-15 14:35:00,391.655,391.94,391.655,391.8472,21229
2026-05-15 14:36:00,391.85,392.13,391.7925,392.0801,13317
2026-05-15 14:37:00,392.115,392.12,391.885,391.965,4349
2026-05-15 14:38:00,391.9627,392.0589,391.87,392.05,12589
2026-05-15 14:39:00,392.06,392.1345,392.0,392.125,12170
2026-05-15 14:40:00,392.15,392.15,391.87,391.9,4923
2026-05-15 14:41:00,391.9101,392.02,391.895,391.895,7473
2026-05-15 14:42:00,391.885,391.89,391.74,391.82,8365
2026-05-15 14:43:00,391.825,391.99,391.78,391.99,9891
2026-05-15 14:44:00,391.965,392.12,391.87,392.1,12133
2026-05-15 14:45:00,392.1,392.15,391.955,391.97,11291
2026-05-15 14:46:00,391.97,392.15,391.95,392.15,11777
2026-05-15 14:47:00,392.17,392.19,391.96,392.18,8394
2026-05-15 14:48:00,392.16,392.34,392.09,392.31,20786
2026-05-15 14:49:00,392.36,392.385,392.19,392.36,17753
2026-05-15 14:50:00,392.33,392.44,392.08,392.08,14423
2026-05-15 14:51:00,392.15,392.2,392.0,392.0,11630
2026-05-15 14:52:00,392.05,392.16,392.02,392.16,5651
2026-05-15 14:53:00,392.17,392.5,392.16,392.44,6880
2026-05-15 14:54:00,392.5,392.75,392.4716,392.665,8579
2026-05-15 14:55:00,392.62,392.7599,392.5001,392.69,7527
2026-05-15 14:56:00,392.71,392.8,392.68,392.72,6334
2026-05-15 14:57:00,392.74,392.76,392.49,392.56,7146
2026-05-15 14:58:00,392.51,392.63,392.51,392.595,2507
2026-05-15 14:59:00,392.63,392.9099,392.61,392.81,9186
2026-05-15 15:00:00,392.82,392.9,392.65,392.68,3622
2026-05-15 15:01:00,392.69,392.8099,392.64,392.64,4942
2026-05-15 15:02:00,392.73,392.75,392.59,392.62,6158
2026-05-15 15:03:00,392.655,392.655,392.51,392.535,2662
2026-05-15 15:04:00,392.54,392.57,392.2,392.21,17918
2026-05-15 15:05:00,392.205,392.41,392.205,392.41,4785
2026-05-15 15:06:00,392.37,392.39,392.185,392.185,7936
2026-05-15 15:07:00,392.16,392.48,392.16,392.48,8938
2026-05-15 15:08:00,392.53,392.55,392.41,392.5,4604
2026-05-15 15:09:00,392.46,392.6211,392.42,392.46,6765
2026-05-15 15:10:00,392.4999,392.4999,392.29,392.305,3714
2026-05-15 15:11:00,392.32,392.41,392.3001,392.35,4017
2026-05-15 15:12:00,392.28,392.59,392.22,392.59,6810
2026-05-15 15:13:00,392.6,392.6299,392.38,392.49,7432
2026-05-15 15:14:00,392.5,392.58,392.44,392.5073,2554
2026-05-15 15:15:00,392.485,392.57,392.35,392.505,4545
2026-05-15 15:16:00,392.5,392.5,392.27,392.34,6796
2026-05-15 15:17:00,392.36,392.36,392.1801,392.21,8976
2026-05-15 15:18:00,392.1941,392.3799,392.075,392.28,17648
2026-05-15 15:19:00,392.28,392.39,392.174,392.174,10358
2026-05-15 15:20:00,392.16,392.32,392.0297,392.32,5940
2026-05-15 15:21:00,392.33,392.73,392.2501,392.58,8494
2026-05-15 15:22:00,392.56,392.58,392.41,392.543,6025
2026-05-15 15:23:00,392.49,392.53,392.3,392.3,5357
2026-05-15 15:24:00,392.33,392.4525,392.2,392.21,14483
2026-05-15 15:25:00,392.21,392.34,392.21,392.34,4568
2026-05-15 15:26:00,392.34,392.4499,392.275,392.31,10785
2026-05-15 15:27:00,392.3,392.35,392.24,392.325,4305
2026-05-15 15:28:00,392.35,392.35,392.175,392.35,8972
2026-05-15 15:29:00,392.34,392.45,392.33,392.37,6249
2026-05-15 15:30:00,392.33,392.64,392.33,392.63,13338
2026-05-15 15:31:00,392.64,392.81,392.59,392.705,14264
2026-05-15 15:32:00,392.645,392.7199,392.59,392.675,6589
2026-05-15 15:33:00,392.65,392.69,392.57,392.6,9679
2026-05-15 15:34:00,392.56,392.62,392.5201,392.56,9469
2026-05-15 15:35:00,392.62,392.71,392.42,392.71,7368
2026-05-15 15:36:00,392.72,392.84,392.695,392.75,5035
2026-05-15 15:37:00,392.75,392.75,392.59,392.61,8750
2026-05-15 15:38:00,392.59,392.76,392.55,392.68,6191
2026-05-15 15:39:00,392.71,392.85,392.7,392.81,11400
2026-05-15 15:40:00,392.83,392.94,392.77,392.92,28486
2026-05-15 15:41:00,392.92,393.14,392.92,393.08,22830
2026-05-15 15:42:00,393.085,393.12,392.9605,392.9605,19459
2026-05-15 15:43:00,393.01,393.06,392.95,392.9603,19267
2026-05-15 15:44:00,392.97,392.9725,392.77,392.8,21512
2026-05-15 15:45:00,392.8,393.21,392.71,393.21,19051
2026-05-15 15:46:00,393.21,393.24,392.96,393.22,16715
2026-05-15 15:47:00,393.22,393.46,393.09,393.115,31190
2026-05-15 15:48:00,393.11,393.3,392.91,393.3,17584
2026-05-15 15:49:00,393.35,393.36,393.09,393.285,15351
2026-05-15 15:50:00,393.25,393.25,392.77,392.98,53859
2026-05-15 15:51:00,392.96,393.11,392.9,393.0838,32865
2026-05-15 15:52:00,393.09,393.285,393.0245,393.145,45453
2026-05-15 15:53:00,393.13,393.16,392.83,392.865,54332
2026-05-15 15:54:00,392.865,393.03,391.65,392.31,87127
2026-05-15 15:55:00,392.27,392.89,392.02,392.8,102938
2026-05-15 15:56:00,392.8,393.15,392.77,393.08,62449
2026-05-15 15:57:00,393.08,393.41,392.94,393.28,119387
2026-05-15 15:58:00,393.26,393.29,393.035,393.12,124828
2026-05-15 15:59:00,393.09,393.53,392.98,393.37,408742
2026-05-15 16:00:00,393.37,393.37,392.07,392.55,3039039
2026-05-15 16:01:00,392.19,392.85,392.19,392.52,1505
2026-05-15 16:02:00,392.6,392.6,392.25,392.27,1959
2026-05-15 16:03:00,392.29,392.34,392.06,392.15,1045
2026-05-15 16:04:00,392.14,392.14,392.1,392.1,405
2026-05-15 16:05:00,392.23,392.77,392.14,392.58,1653
2026-05-15 16:06:00,392.1,392.4,392.06,392.4,473
2026-05-15 16:07:00,392.4,392.4,392.15,392.3,958
2026-05-15 16:08:00,392.21,392.3,392.0,392.0,1556
2026-05-15 16:09:00,392.02,392.13,391.5,391.5,5412
2026-05-15 16:10:00,391.55,391.7,391.39,391.55,1204
2026-05-15 16:11:00,391.79,392.39,391.7676,391.8,1970
2026-05-15 16:12:00,391.88,392.33,391.88,392.33,1977
2026-05-15 16:13:00,392.25,392.48,392.04,392.48,1104
2026-05-15 16:14:00,392.57,392.58,392.57,392.58,291
2026-05-15 16:15:00,392.52,392.79,392.52,392.79,401
2026-05-15 16:16:00,392.73,392.73,392.6165,392.73,280
2026-05-15 16:17:00,392.3677,392.57,392.3677,392.57,157
2026-05-15 16:18:00,392.55,393.15,392.48,392.97,2644
2026-05-15 16:19:00,393.11,393.4,393.02,393.4,2408
2026-05-15 16:20:00,393.04,393.04,393.04,393.04,200
2026-05-15 16:22:00,392.96,392.97,392.96,392.97,143
2026-05-15 16:23:00,392.95,393.02,392.9,392.9,228
2026-05-15 16:25:00,392.79,392.88,392.79,392.88,432
2026-05-15 16:26:00,392.6,392.6565,392.6,392.6565,350
2026-05-15 16:28:00,392.6,392.6,392.6,392.6,158
2026-05-15 16:29:00,392.6,392.8,392.45,392.45,1021
2026-05-15 16:30:00,392.53,392.53,392.49,392.53,767
2026-05-15 16:31:00,392.66,392.66,392.66,392.66,65
2026-05-15 16:32:00,392.78,392.78,392.78,392.78,50
2026-05-15 16:33:00,392.75,392.75,392.75,392.75,95
2026-05-15 16:34:00,392.29,392.29,392.29,392.29,52
2026-05-15 16:35:00,392.89,392.9907,392.89,392.9907,270
2026-05-15 16:37:00,392.87,392.88,392.87,392.88,224
2026-05-15 16:38:00,392.79,392.79,392.78,392.78,398
2026-05-15 16:39:00,392.9,392.9,392.9,392.9,81
2026-05-15 16:40:00,392.91,393.05,392.9,392.95,493
2026-05-15 16:41:00,393.1,393.1,393.1,393.1,50
2026-05-15 16:42:00,393.06,393.06,393.06,393.06,79
2026-05-15 16:43:00,393.16,393.17,393.15,393.15,149
2026-05-15 16:44:00,393.17,393.2,393.12,393.2,150
2026-05-15 16:46:00,393.1,393.1,393.1,393.1,76
2026-05-15 16:47:00,393.19,393.2,393.19,393.2,565
2026-05-15 16:48:00,393.16,393.31,393.14,393.2955,361
2026-05-15 16:49:00,392.94,392.94,392.94,392.94,112
2026-05-15 16:51:00,392.92,392.92,392.92,392.92,40
2026-05-15 16:53:00,393.0,393.0,393.0,393.0,399
2026-05-15 16:55:00,393.01,393.01,392.9,392.9,380
2026-05-15 16:58:00,393.0,393.0,393.0,393.0,1196
2026-05-15 16:59:00,392.9988,392.9988,392.9988,392.9988,45
2026-05-15 17:00:00,393.0,393.0,392.9513,393.0,511
2026-05-15 17:01:00,392.95,393.09,392.95,393.0,897
2026-05-15 17:02:00,392.9492,392.95,392.9492,392.95,1467
2026-05-15 17:03:00,393.0,393.0,392.97,393.0,1946
2026-05-15 17:04:00,393.09,393.17,393.09,393.17,277
2026-05-15 17:05:00,392.833,392.833,392.833,392.833,82
2026-05-15 17:09:00,392.81,393.09,392.81,393.09,1292
2026-05-15 17:10:00,393.09,393.09,393.09,393.09,364
2026-05-15 17:11:00,393.09,393.1,393.09,393.1,144
2026-05-15 17:12:00,393.09,393.09,393.09,393.09,100
2026-05-15 17:13:00,393.15,393.15,393.147,393.147,194
2026-05-15 17:14:00,393.09,393.0901,393.09,393.0901,200
2026-05-15 17:15:00,393.09,393.09,393.09,393.09,228
2026-05-15 17:18:00,393.0,393.0,393.0,393.0,400
2026-05-15 17:19:00,393.1487,393.15,393.1487,393.15,90
2026-05-15 17:21:00,393.013,393.013,393.013,393.013,60
2026-05-15 17:23:00,393.0,393.001,393.0,393.0001,450
2026-05-15 17:24:00,393.1,393.1,393.0,393.09,509
2026-05-15 17:25:00,392.9,392.9,392.9,392.9,100
2026-05-15 17:26:00,392.839,392.839,392.839,392.839,400
2026-05-15 17:27:00,392.926,393.0,392.926,393.0,587
2026-05-15 17:28:00,392.6955,392.6955,392.6955,392.6955,100
2026-05-15 17:32:00,392.99,392.99,392.99,392.99,90
2026-05-15 17:33:00,392.9545,392.9545,392.9545,392.9545,249
2026-05-15 17:35:00,393.0,393.0,393.0,393.0,50
2026-05-15 17:39:00,392.8,392.8,392.8,392.8,50
2026-05-15 17:46:00,392.95,392.95,392.85,392.85,195
2026-05-15 17:47:00,392.8191,392.85,392.8191,392.85,211
2026-05-15 17:48:00,393.0,393.0,393.0,393.0,50
2026-05-15 17:49:00,392.97,393.0,392.8024,392.8024,677
2026-05-15 17:50:00,393.1,393.1,392.8251,392.8251,200
2026-05-15 17:51:00,392.8,393.14,392.8,393.14,360
2026-05-15 17:52:00,392.8034,392.8034,392.8034,392.8034,100
2026-05-15 17:53:00,393.14,393.15,393.14,393.15,1483
2026-05-15 17:56:00,393.01,393.01,393.01,393.01,50
2026-05-15 17:58:00,392.86,392.86,392.86,392.86,40
2026-05-15 17:59:00,392.9,392.9,392.82,392.82,90
2026-05-15 18:00:00,392.88,392.88,392.88,392.88,50
2026-05-15 18:02:00,392.83,392.83,392.6,392.69,742
2026-05-15 18:03:00,392.65,392.8,392.5,392.5,386
2026-05-15 18:04:00,392.9,392.9,392.505,392.505,240
2026-05-15 18:05:00,392.97,392.97,392.97,392.97,40
2026-05-15 18:07:00,392.56,393.0,392.56,393.0,148
2026-05-15 18:11:00,393.03,393.03,393.03,393.03,113
2026-05-15 18:14:00,392.9793,392.9793,392.9793,392.9793,100
2026-05-15 18:16:00,392.9,392.95,392.9,392.91,198
2026-05-15 18:20:00,392.7,392.7,392.7,392.7,100
2026-05-15 18:25:00,392.76,392.78,392.76,392.78,168
2026-05-15 18:27:00,392.57,392.57,392.57,392.57,40
2026-05-15 18:32:00,392.39,392.39,392.34,392.34,536
2026-05-15 18:33:00,392.0,392.4,392.0,392.4,215
2026-05-15 18:34:00,392.4,392.4,392.4,392.4,190
2026-05-15 18:36:00,392.41,392.41,392.41,392.41,50
2026-05-15 18:38:00,392.51,392.51,392.51,392.51,49
2026-05-15 18:40:00,392.2,392.2,392.2,392.2,100
2026-05-15 18:42:00,392.0,392.0,392.0,392.0,100
2026-05-15 18:43:00,392.25,392.25,392.25,392.25,158
2026-05-15 18:45:00,392.3,392.3,392.25,392.25,921
2026-05-15 18:48:00,392.26,392.3,392.1,392.1,215
2026-05-15 18:49:00,392.5,392.5,392.45,392.45,199
2026-05-15 18:50:00,392.065,392.11,392.065,392.11,250
2026-05-15 18:51:00,392.1,392.1,392.1,392.1,40
2026-05-15 18:53:00,392.1,392.1,392.1,392.1,149
2026-05-15 18:54:00,392.448,392.448,392.448,392.448,100
2026-05-15 18:55:00,392.44,392.44,392.44,392.44,119
2026-05-15 18:57:00,392.21,392.21,392.2,392.2,1180
2026-05-15 18:58:00,392.2,392.2,392.2,392.2,133
2026-05-15 19:00:00,392.1,392.1,392.1,392.1,500
2026-05-15 19:01:00,392.1015,392.1015,392.1015,392.1015,200
2026-05-15 19:02:00,392.103,392.103,392.1,392.1,280
2026-05-15 19:04:00,392.1,392.1,392.1,392.1,40
2026-05-15 19:05:00,392.1,392.1,392.1,392.1,81
2026-05-15 19:07:00,392.26,392.26,392.1003,392.1003,80
2026-05-15 19:08:00,392.28,392.31,392.2,392.3,430
2026-05-15 19:09:00,392.3958,392.3958,392.3958,392.3958,300
2026-05-15 19:10:00,392.45,392.45,392.45,392.45,82
2026-05-15 19:11:00,392.19,392.19,392.16,392.16,150
2026-05-15 19:13:00,392.43,392.45,392.43,392.43,133
2026-05-15 19:14:00,392.45,392.45,392.45,392.45,41
2026-05-15 19:15:00,392.45,392.45,392.45,392.45,50
2026-05-15 19:16:00,392.45,392.45,392.45,392.45,58
2026-05-15 19:17:00,392.41,392.41,392.41,392.41,40
2026-05-15 19:18:00,392.47,392.47,392.47,392.47,300
2026-05-15 19:19:00,392.48,392.48,392.24,392.3,945
2026-05-15 19:20:00,392.48,392.5,392.48,392.48,309
2026-05-15 19:21:00,392.35,392.35,392.35,392.35,40
2026-05-15 19:23:00,392.42,392.42,392.31,392.31,139
2026-05-15 19:24:00,392.44,392.45,392.44,392.45,917
2026-05-15 19:25:00,392.3,392.3,392.3,392.3,50
2026-05-15 19:26:00,392.31,392.31,392.31,392.31,50
2026-05-15 19:27:00,392.33,392.33,392.27,392.33,480
2026-05-15 19:33:00,392.3,392.3,392.3,392.3,40
2026-05-15 19:34:00,392.25,392.25,392.25,392.25,191
2026-05-15 19:35:00,392.24,392.24,392.24,392.24,40
2026-05-15 19:37:00,392.16,392.16,392.15,392.15,246
2026-05-15 19:38:00,392.13,392.2,392.0,392.2,666
2026-05-15 19:40:00,392.0,392.0,392.0,392.0,100
2026-05-15 19:41:00,392.2,392.2,392.0416,392.0416,291
2026-05-15 19:42:00,392.2,392.2,392.2,392.2,49
2026-05-15 19:44:00,392.078,392.078,392.078,392.078,120
2026-05-15 19:46:00,392.0,392.0,392.0,392.0,80
2026-05-15 19:47:00,392.01,392.2,392.01,392.2,145
2026-05-15 19:49:00,392.25,392.25,392.0078,392.0078,450
2026-05-15 19:51:00,392.2,392.2,392.2,392.2,50
2026-05-15 19:52:00,392.05,392.05,392.05,392.05,50
2026-05-15 19:54:00,392.1,392.2,392.1,392.2,200
2026-05-15 19:55:00,392.1,392.1,392.1,392.1,100
2026-05-15 19:57:00,392.1017,392.1017,392.1017,392.1017,200
2026-05-15 19:58:00,392.11,392.11,392.0,392.01,544
2026-05-15 19:59:00,392.0,392.07,392.0,392.0599,696
2026-05-18 04:00:00,390.2,391.81,388.78,391.73,20249
2026-05-18 04:01:00,391.57,391.62,389.34,391.59,35000
2026-05-18 04:02:00,391.59,391.59,391.59,391.59,873
2026-05-18 04:03:00,391.87,392.069,391.87,392.069,358
2026-05-18 04:04:00,392.15,392.5,392.15,392.47,3744
2026-05-18 04:05:00,392.76,393.0,392.76,392.9,1613
2026-05-18 04:06:00,392.74,392.74,389.48,392.36,1381
2026-05-18 04:07:00,392.36,392.47,392.33,392.47,342
2026-05-18 04:08:00,392.47,392.7,392.4,392.4,1211
2026-05-18 04:09:00,392.58,392.58,392.56,392.56,262
2026-05-18 04:10:00,392.58,392.83,392.58,392.83,1670
2026-05-18 04:11:00,392.57,392.83,392.57,392.82,1064
2026-05-18 04:12:00,392.61,392.61,392.5,392.5,420
2026-05-18 04:13:00,392.8,392.8,392.8,392.8,80
2026-05-18 04:14:00,392.63,392.63,392.63,392.63,40
2026-05-18 04:16:00,392.6546,392.6546,392.29,392.29,134
2026-05-18 04:17:00,392.3,392.47,392.3,392.47,96
2026-05-18 04:18:00,392.06,392.06,392.06,392.06,40
2026-05-18 04:22:00,392.6,392.61,392.6,392.61,109
2026-05-18 04:23:00,392.8,392.8,392.8,392.8,482
2026-05-18 04:24:00,392.7885,392.7885,392.56,392.56,479
2026-05-18 04:25:00,392.75,392.75,392.74,392.74,176
2026-05-18 04:26:00,392.81,392.81,392.81,392.81,100
2026-05-18 04:27:00,392.81,392.81,392.81,392.81,100
2026-05-18 04:28:00,392.81,392.81,392.81,392.81,238
2026-05-18 04:31:00,392.57,392.57,392.57,392.57,100
2026-05-18 04:32:00,392.74,392.74,392.74,392.74,200
2026-05-18 04:33:00,392.74,392.8,392.74,392.8,151
2026-05-18 04:34:00,392.61,392.61,392.61,392.61,43
2026-05-18 04:35:00,392.67,392.67,392.48,392.48,158
2026-05-18 04:37:00,392.2456,392.2456,392.2456,392.2456,100
2026-05-18 04:39:00,392.3,392.3,392.3,392.3,40
2026-05-18 04:40:00,392.45,392.45,392.33,392.39,245
2026-05-18 04:41:00,392.06,392.06,392.06,392.06,42
2026-05-18 04:42:00,392.05,392.05,391.9,391.9,294
2026-05-18 04:44:00,392.2,392.2,392.2,392.2,50
2026-05-18 04:45:00,392.2,392.2,392.2,392.2,60
2026-05-18 04:50:00,392.48,392.48,392.48,392.48,74
2026-05-18 04:51:00,392.35,392.39,392.35,392.39,306
2026-05-18 04:52:00,392.39,392.51,392.39,392.51,1060
2026-05-18 04:53:00,392.57,392.57,392.55,392.55,160
2026-05-18 04:54:00,392.56,392.56,392.55,392.55,187
2026-05-18 04:55:00,392.45,392.45,392.45,392.45,100
2026-05-18 04:57:00,392.4,392.4,392.4,392.4,100
2026-05-18 04:58:00,392.3923,392.4,392.38,392.4,461
2026-05-18 04:59:00,392.47,392.47,392.47,392.47,90
2026-05-18 05:00:00,392.44,392.44,392.39,392.39,125
2026-05-18 05:03:00,392.1,392.35,392.0482,392.0482,304
2026-05-18 05:04:00,392.28,392.28,392.13,392.13,214
2026-05-18 05:05:00,392.0,392.0,392.0,392.0,53
2026-05-18 05:06:00,392.03,392.03,392.03,392.03,100
2026-05-18 05:07:00,392.0,392.0,392.0,392.0,123
2026-05-18 05:10:00,391.84,391.84,391.83,391.83,109
2026-05-18 05:12:00,391.77,391.77,391.77,391.77,120
2026-05-18 05:13:00,391.85,391.85,391.85,391.85,44
2026-05-18 05:14:00,392.0,392.0,391.9,391.92,367
2026-05-18 05:15:00,391.84,391.9,391.84,391.9,143
2026-05-18 05:19:00,391.61,391.75,391.61,391.75,126
2026-05-18 05:20:00,391.75,391.75,391.75,391.75,40
2026-05-18 05:21:00,391.69,391.69,391.1,391.5,4565
2026-05-18 05:23:00,391.46,391.46,391.46,391.46,142
2026-05-18 05:25:00,391.16,391.16,391.16,391.16,87
2026-05-18 05:26:00,391.16,391.16,391.0,391.06,595
2026-05-18 05:27:00,391.06,391.06,391.04,391.04,158
2026-05-18 05:29:00,391.15,391.15,391.15,391.15,100
2026-05-18 05:33:00,391.55,391.55,391.55,391.55,44
2026-05-18 05:35:00,391.58,391.58,391.58,391.58,59
2026-05-18 05:36:00,391.5941,391.5941,391.5941,391.5941,40
2026-05-18 05:37:00,391.62,391.62,391.62,391.62,198
2026-05-18 05:38:00,391.55,391.55,391.55,391.55,42
2026-05-18 05:39:00,391.62,391.62,391.61,391.62,524
2026-05-18 05:41:00,391.59,391.61,391.59,391.61,84
2026-05-18 05:48:00,391.4,391.4,391.4,391.4,42
2026-05-18 05:49:00,391.52,391.52,391.52,391.52,40
2026-05-18 05:51:00,391.45,391.45,391.44,391.44,203
2026-05-18 05:52:00,391.34,391.34,391.33,391.33,261
2026-05-18 05:59:00,391.45,391.5,391.45,391.5,230
2026-05-18 06:00:00,391.51,391.51,391.51,391.51,80
2026-05-18 06:03:00,391.32,391.32,391.32,391.32,730
2026-05-18 06:04:00,391.22,391.22,391.22,391.22,94
2026-05-18 06:06:00,391.0,391.0,391.0,391.0,120
2026-05-18 06:11:00,391.04,391.05,391.03,391.03,129
2026-05-18 06:14:00,390.99,390.99,390.99,390.99,40
2026-05-18 06:15:00,391.0,391.0,391.0,391.0,486
2026-05-18 06:19:00,391.13,391.13,391.03,391.05,719
2026-05-18 06:20:00,390.94,390.94,390.94,390.94,473
2026-05-18 06:22:00,390.9,390.9,390.9,390.9,60
2026-05-18 06:24:00,390.95,390.95,390.95,390.95,40
2026-05-18 06:25:00,390.9798,390.9798,390.8603,390.8603,243
2026-05-18 06:26:00,390.84,390.84,390.84,390.84,200
2026-05-18 06:28:00,390.84,390.84,390.84,390.84,50
2026-05-18 06:29:00,390.9,390.9,390.84,390.84,394
2026-05-18 06:30:00,390.88,390.89,390.88,390.89,247
2026-05-18 06:34:00,390.77,390.77,390.77,390.77,45
2026-05-18 06:35:00,390.81,390.84,390.6,390.6,789
2026-05-18 06:36:00,390.7614,390.7614,390.7614,390.7614,50
2026-05-18 06:38:00,390.55,390.55,390.45,390.45,237
2026-05-18 06:39:00,390.36,390.49,390.36,390.48,234
2026-05-18 06:40:00,390.66,390.69,390.66,390.69,133
2026-05-18 06:41:00,390.61,390.61,390.61,390.61,40
2026-05-18 06:43:00,390.57,390.57,390.57,390.57,75
2026-05-18 06:44:00,390.7,390.76,390.7,390.75,586
2026-05-18 06:47:00,390.93,390.93,390.93,390.93,40
2026-05-18 06:48:00,391.1,391.1,391.1,391.1,259
2026-05-18 06:51:00,391.36,391.36,391.32,391.32,130
2026-05-18 06:56:00,391.0,391.0,391.0,391.0,60
2026-05-18 07:00:00,391.27,391.51,390.56,390.56,2252
2026-05-18 07:01:00,390.97,390.99,390.97,390.99,102
2026-05-18 07:03:00,390.83,391.1,390.83,391.1,997
2026-05-18 07:04:00,390.918,390.9256,390.918,390.9256,550
2026-05-18 07:05:00,391.0157,391.0157,390.8,390.8,1372
2026-05-18 07:07:00,391.0,391.04,390.87,390.87,1673
2026-05-18 07:08:00,390.68,390.68,390.68,390.68,100
2026-05-18 07:09:00,390.7507,390.8,390.7503,390.8,207
2026-05-18 07:10:00,390.51,390.57,390.36,390.57,812
2026-05-18 07:11:00,390.4,390.61,390.4,390.61,147
2026-05-18 07:12:00,390.4826,390.4826,390.43,390.43,200
2026-05-18 07:13:00,390.83,390.9,390.83,390.88,621
2026-05-18 07:14:00,390.74,390.74,390.74,390.74,1109
2026-05-18 07:15:00,390.75,390.75,390.65,390.65,593
2026-05-18 07:16:00,390.41,390.41,390.41,390.41,130
2026-05-18 07:17:00,390.4085,390.58,390.4085,390.58,90
2026-05-18 07:18:00,390.7,390.79,390.6,390.6,480
2026-05-18 07:19:00,390.6421,390.79,390.6308,390.6433,419
2026-05-18 07:20:00,390.6,390.6,390.6,390.6,44
2026-05-18 07:21:00,390.79,390.79,390.7309,390.79,275
2026-05-18 07:22:00,390.73,390.73,390.73,390.73,300
2026-05-18 07:23:00,390.6403,390.65,390.6403,390.65,145
2026-05-18 07:24:00,390.7,390.7,390.7,390.7,631
2026-05-18 07:25:00,390.73,390.73,390.66,390.66,180
2026-05-18 07:26:00,390.59,390.66,390.59,390.59,375
2026-05-18 07:28:00,390.63,390.63,390.547,390.547,366
2026-05-18 07:29:00,390.5,390.5,390.5,390.5,113
2026-05-18 07:30:00,390.535,390.5651,390.48,390.5,753
2026-05-18 07:31:00,390.58,390.58,390.58,390.58,210
2026-05-18 07:32:00,390.5,390.5,390.5,390.5,70
2026-05-18 07:33:00,390.6,390.62,390.6,390.6,240
2026-05-18 07:34:00,390.88,390.88,390.88,390.88,100
2026-05-18 07:36:00,390.99,391.0,390.99,391.0,207
2026-05-18 07:37:00,391.1525,391.1525,390.91,390.91,140
2026-05-18 07:38:00,390.99,390.99,390.99,390.99,45
2026-05-18 07:39:00,391.18,391.84,391.18,391.84,1287
2026-05-18 07:40:00,391.85,392.54,391.85,392.14,2866
2026-05-18 07:41:00,392.3,392.39,392.1799,392.2,3486
2026-05-18 07:42:00,392.35,392.35,392.04,392.06,385
2026-05-18 07:43:00,391.7945,391.7945,391.7,391.76,166
2026-05-18 07:44:00,391.84,391.97,391.84,391.96,1107
2026-05-18 07:45:00,391.97,391.97,391.65,391.65,200
2026-05-18 07:46:00,391.61,391.7255,391.61,391.61,150
2026-05-18 07:47:00,391.63,391.67,391.63,391.67,370
2026-05-18 07:48:00,391.86,391.86,391.5,391.5,277
2026-05-18 07:49:00,391.3,391.3,391.25,391.25,280
2026-05-18 07:50:00,391.3,391.5,391.15,391.15,391
2026-05-18 07:51:00,391.21,391.21,391.21,391.21,101
2026-05-18 07:53:00,391.4935,391.4935,391.26,391.32,520
2026-05-18 07:54:00,391.24,391.24,391.2,391.2,666
2026-05-18 07:56:00,391.67,391.67,391.32,391.32,295
2026-05-18 07:57:00,391.21,391.3,391.21,391.2468,644
2026-05-18 07:58:00,391.2,391.2,391.2,391.2,48
2026-05-18 07:59:00,391.46,391.6,391.35,391.6,404
2026-05-18 08:00:00,391.27,391.29,391.0,391.29,232
2026-05-18 08:01:00,391.49,391.49,391.33,391.33,289
2026-05-18 08:02:00,391.46,391.46,391.45,391.45,180
2026-05-18 08:03:00,391.42,391.42,391.36,391.36,260
2026-05-18 08:04:00,391.63,391.64,391.63,391.64,199
2026-05-18 08:06:00,391.82,391.82,391.64,391.75,268
2026-05-18 08:08:00,391.84,392.0,391.84,391.959,734
2026-05-18 08:09:00,391.91,392.21,391.91,392.06,1198
2026-05-18 08:10:00,392.21,392.21,392.19,392.19,260
2026-05-18 08:11:00,392.43,392.55,392.43,392.46,287
2026-05-18 08:12:00,392.22,392.58,392.05,392.58,2189
2026-05-18 08:13:00,392.41,392.41,392.25,392.4,643
2026-05-18 08:14:00,392.25,392.4,392.25,392.28,2784
2026-05-18 08:15:00,392.15,392.15,392.15,392.15,184
2026-05-18 08:17:00,392.17,392.17,392.01,392.13,382
2026-05-18 08:18:00,392.0195,392.14,391.93,391.93,1309
2026-05-18 08:19:00,391.8,391.86,391.78,391.86,192
2026-05-18 08:20:00,391.66,391.67,391.65,391.67,385
2026-05-18 08:21:00,391.8775,391.8775,391.8775,391.8775,40
2026-05-18 08:22:00,391.9958,392.01,391.91,392.0,568
2026-05-18 08:23:00,391.98,392.01,391.9,391.9,1260
2026-05-18 08:24:00,391.91,391.91,391.91,391.91,40
2026-05-18 08:25:00,391.91,391.91,391.8,391.8,100
2026-05-18 08:27:00,391.56,391.56,391.56,391.56,300
2026-05-18 08:28:00,391.77,391.77,391.77,391.77,100
2026-05-18 08:29:00,391.6551,391.6551,391.6551,391.6551,50
2026-05-18 08:30:00,391.77,391.77,391.77,391.77,92
2026-05-18 08:31:00,391.54,391.87,391.54,391.75,783
2026-05-18 08:32:00,391.76,391.76,391.76,391.76,50
2026-05-18 08:34:00,392.2,392.2,392.2,392.2,200
2026-05-18 08:35:00,392.4,392.4,392.4,392.4,520
2026-05-18 08:36:00,392.29,392.32,392.18,392.2975,433
2026-05-18 08:37:00,392.4,392.42,392.4,392.4,1316
2026-05-18 08:38:00,392.55,392.55,392.55,392.55,100
2026-05-18 08:39:00,392.57,392.57,392.5308,392.5308,107
2026-05-18 08:40:00,392.64,392.64,392.35,392.35,1012
2026-05-18 08:41:00,392.51,392.59,392.51,392.52,1919
2026-05-18 08:42:00,392.66,392.66,392.66,392.66,50
2026-05-18 08:43:00,392.71,392.89,392.66,392.89,1544
2026-05-18 08:44:00,392.746,392.92,392.746,392.92,306
2026-05-18 08:45:00,392.87,393.32,392.87,393.32,2674
2026-05-18 08:46:00,393.4,393.8,393.4,393.69,5164
2026-05-18 08:47:00,393.7,393.8,393.61,393.61,1713
2026-05-18 08:48:00,393.8,393.8,393.55,393.61,472
2026-05-18 08:49:00,393.55,393.9,393.55,393.58,1286
2026-05-18 08:50:00,393.79,394.0,393.79,394.0,1833
2026-05-18 08:51:00,394.0,394.03,393.87,393.94,795
2026-05-18 08:52:00,393.72,393.72,393.51,393.56,1304
2026-05-18 08:53:00,393.93,393.94,393.8,393.83,1427
2026-05-18 08:54:00,393.73,393.95,393.64,393.64,1863
2026-05-18 08:55:00,393.5,393.74,393.18,393.18,345
2026-05-18 08:56:00,393.32,393.63,393.32,393.54,976
2026-05-18 08:57:00,393.53,393.68,393.53,393.68,559
2026-05-18 08:58:00,393.63,393.7735,393.6,393.66,2636
2026-05-18 08:59:00,393.7,394.08,393.7,394.0175,2177
2026-05-18 09:00:00,393.96,394.13,393.95,394.08,2828
2026-05-18 09:01:00,394.2,394.3188,393.75,393.83,2688
2026-05-18 09:02:00,393.6812,393.89,393.65,393.65,1057
2026-05-18 09:03:00,393.5001,393.5001,393.49,393.49,243
2026-05-18 09:04:00,393.7,393.78,393.5319,393.7,1369
2026-05-18 09:05:00,393.56,393.8,393.56,393.65,972
2026-05-18 09:06:00,393.78,393.78,393.53,393.53,975
2026-05-18 09:07:00,393.57,393.77,393.57,393.6,1785
2026-05-18 09:08:00,393.61,393.61,393.17,393.17,996
2026-05-18 09:09:00,393.26,393.26,393.1,393.11,1184
2026-05-18 09:10:00,393.23,393.23,393.04,393.04,1340
2026-05-18 09:11:00,393.01,393.02,392.83,392.85,1159
2026-05-18 09:12:00,392.91,392.91,392.56,392.56,2838
2026-05-18 09:13:00,392.7112,392.91,392.7,392.91,436
2026-05-18 09:14:00,392.72,393.1104,392.72,393.0,743
2026-05-18 09:15:00,392.8,392.8782,392.5,392.5,1300
2026-05-18 09:16:00,392.61,392.73,392.5,392.5,325
2026-05-18 09:17:00,392.66,392.78,392.65,392.78,345
2026-05-18 09:18:00,392.86,392.86,392.6569,392.6569,334
2026-05-18 09:19:00,392.66,392.8095,392.64,392.8095,348
2026-05-18 09:20:00,392.89,392.9,392.66,392.74,709
2026-05-18 09:21:00,392.88,392.98,392.62,392.7,1409
2026-05-18 09:22:00,392.52,392.53,392.52,392.53,181
2026-05-18 09:23:00,392.5,392.61,392.5,392.5,403
2026-05-18 09:24:00,392.56,392.79,392.56,392.79,334
2026-05-18 09:25:00,392.57,392.57,391.93,391.93,2620
2026-05-18 09:26:00,391.97,391.97,391.553,391.553,1287
2026-05-18 09:27:00,391.49,391.69,391.0,391.0,4673
2026-05-18 09:28:00,391.51,391.84,391.5,391.833,1630
2026-05-18 09:29:00,391.75,392.25,391.65,392.0,6206
2026-05-18 09:30:00,392.125,392.3,390.9,391.89,427686
2026-05-18 09:31:00,392.0,392.5,391.33,391.95,61699
2026-05-18 09:32:00,392.0,392.95,391.8475,392.77,54354
2026-05-18 09:33:00,392.71,393.45,392.3,393.4299,60131
2026-05-18 09:34:00,393.255,394.42,393.06,394.1,73718
2026-05-18 09:35:00,394.1,396.6,393.98,396.51,242918
2026-05-18 09:36:00,396.525,397.39,396.0956,397.37,119677
2026-05-18 09:37:00,397.37,399.11,397.3,399.04,104576
2026-05-18 09:38:00,398.8901,400.38,398.73,400.335,488749
2026-05-18 09:39:00,400.32,400.38,398.47,399.43,153480
2026-05-18 09:40:00,399.43,400.2,398.67,400.014,100184
2026-05-18 09:41:00,400.05,400.4,398.98,399.105,98650
2026-05-18 09:42:00,399.12,399.12,396.6,397.1,110550
2026-05-18 09:43:00,397.04,398.05,396.99,397.91,81696
2026-05-18 09:44:00,397.935,398.115,396.78,396.99,51064
2026-05-18 09:45:00,397.05,397.22,395.7858,397.005,66312
2026-05-18 09:46:00,396.99,397.1599,396.36,396.77,55824
2026-05-18 09:47:00,396.83,398.11,396.14,398.06,72773
2026-05-18 09:48:00,398.09,398.506,397.56,397.9768,44540
2026-05-18 09:49:00,397.96,398.62,397.8801,398.565,46422
2026-05-18 09:50:00,398.565,399.8,398.565,399.73,86953
2026-05-18 09:51:00,399.76,400.7925,399.46,400.69,108805
2026-05-18 09:52:00,400.62,401.0,400.56,400.7465,74275
2026-05-18 09:53:00,400.72,401.42,400.51,400.895,91740
2026-05-18 09:54:00,400.92,401.47,400.8,401.245,52420
2026-05-18 09:55:00,401.245,401.9,401.245,401.52,56860
2026-05-18 09:56:00,401.52,401.98,401.45,401.7777,54091
2026-05-18 09:57:00,401.79,402.1699,401.61,401.8703,76939
2026-05-18 09:58:00,401.93,402.14,401.1501,401.41,75768
2026-05-18 09:59:00,401.41,402.42,401.31,401.94,48662
2026-05-18 10:00:00,401.94,402.205,401.02,401.49,42736
2026-05-18 10:01:00,401.37,401.38,400.66,400.695,47499
2026-05-18 10:02:00,400.695,400.94,400.23,400.35,57037
2026-05-18 10:03:00,400.375,400.72,400.2,400.43,58098
2026-05-18 10:04:00,400.43,400.69,400.19,400.19,42202
2026-05-18 10:05:00,400.21,401.83,400.19,400.915,62604
2026-05-18 10:06:00,400.83,402.51,400.8,402.4992,108726
2026-05-18 10:07:00,402.46,402.695,401.835,402.14,75089
2026-05-18 10:08:00,402.17,402.52,401.7801,402.115,33556
2026-05-18 10:09:00,402.12,402.9,401.9,402.6,51904
2026-05-18 10:10:00,402.5,402.73,401.82,402.21,43071
2026-05-18 10:11:00,402.2,403.24,402.1,402.63,76789
2026-05-18 10:12:00,402.53,402.72,401.78,402.57,60669
2026-05-18 10:13:00,402.5,403.05,402.14,402.325,56209
2026-05-18 10:14:00,402.2404,403.08,402.01,403.0797,48390
2026-05-18 10:15:00,403.04,404.0,402.79,403.955,63509
2026-05-18 10:16:00,403.965,404.3899,403.46,403.8999,51441
2026-05-18 10:17:00,403.855,403.865,402.75,402.92,57303
2026-05-18 10:18:00,402.885,403.08,402.51,402.85,38175
2026-05-18 10:19:00,402.93,403.67,402.88,403.34,46914
2026-05-18 10:20:00,403.34,404.3,403.28,403.945,56490
2026-05-18 10:21:00,403.9228,404.4,403.66,404.2626,67991
2026-05-18 10:22:00,404.25,404.47,403.71,403.71,75723
2026-05-18 10:23:00,403.62,404.01,403.01,403.71,49318
2026-05-18 10:24:00,403.68,404.2,403.32,403.52,47211
2026-05-18 10:25:00,403.48,404.1,403.21,403.36,44815
2026-05-18 10:26:00,403.45,403.76,402.86,403.07,42132
2026-05-18 10:27:00,403.055,403.08,402.11,402.585,41000
2026-05-18 10:28:00,402.65,403.04,402.6,402.64,31846
2026-05-18 10:29:00,402.7,403.1,401.75,402.0,40682
2026-05-18 10:30:00,402.05,402.55,401.7,401.76,27345
2026-05-18 10:31:00,401.78,402.42,401.425,401.515,40226
2026-05-18 10:32:00,401.53,401.94,400.67,400.81,48008
2026-05-18 10:33:00,400.7198,400.94,399.385,399.385,63557
2026-05-18 10:34:00,399.34,399.44,398.69,399.0201,57705
2026-05-18 10:35:00,398.96,399.33,398.13,398.2,66300
2026-05-18 10:36:00,398.195,398.54,397.93,398.2282,60540
2026-05-18 10:37:00,398.27,399.75,398.065,399.57,60117
2026-05-18 10:38:00,399.6,400.12,399.47,399.9775,49067
2026-05-18 10:39:00,399.98,400.26,399.6686,399.77,46050
2026-05-18 10:40:00,399.8,400.05,399.28,399.565,37449
2026-05-18 10:41:00,399.4908,400.69,399.4908,400.56,37042
2026-05-18 10:42:00,400.47,400.69,400.03,400.61,26975
2026-05-18 10:43:00,400.61,401.16,400.41,401.15,35675
2026-05-18 10:44:00,401.14,401.33,400.55,400.55,30137
2026-05-18 10:45:00,400.56,400.71,399.7,399.735,45104
2026-05-18 10:46:00,399.67,400.615,399.495,400.39,28235
2026-05-18 10:47:00,400.32,400.43,399.95,400.14,17331
2026-05-18 10:48:00,400.16,400.49,399.94,400.4899,26588
2026-05-18 10:49:00,400.415,400.77,400.091,400.4,25314
2026-05-18 10:50:00,400.505,400.8899,400.1,400.7,25320
2026-05-18 10:51:00,400.76,401.64,400.76,401.5243,45349
2026-05-18 10:52:00,401.455,401.63,401.07,401.25,26826
2026-05-18 10:53:00,401.24,401.38,400.25,400.3383,38149
2026-05-18 10:54:00,400.34,400.92,400.25,400.3099,25114
2026-05-18 10:55:00,400.26,400.3605,399.7,399.78,20539
2026-05-18 10:56:00,399.82,400.31,399.76,399.97,38506
2026-05-18 10:57:00,399.97,400.36,399.92,400.32,15591
2026-05-18 10:58:00,400.38,400.7,400.28,400.435,10910
2026-05-18 10:59:00,400.415,400.87,400.4,400.4,20849
2026-05-18 11:00:00,400.445,400.52,400.07,400.2,34777
2026-05-18 11:01:00,400.31,400.55,398.99,399.225,47785
2026-05-18 11:02:00,399.14,399.285,398.5602,399.265,22219
2026-05-18 11:03:00,399.22,399.3116,398.6,398.89,32897
2026-05-18 11:04:00,398.865,399.185,398.66,399.025,22630
2026-05-18 11:05:00,399.09,399.14,398.5,398.94,18173
2026-05-18 11:06:00,398.84,399.35,398.84,399.31,17724
2026-05-18 11:07:00,399.31,399.42,399.08,399.3,12974
2026-05-18 11:08:00,399.32,399.6277,399.0301,399.0901,21744
2026-05-18 11:09:00,399.09,399.45,399.04,399.29,27212
2026-05-18 11:10:00,399.29,400.1,398.96,400.085,27755
2026-05-18 11:11:00,400.12,400.89,400.085,400.6,33819
2026-05-18 11:12:00,400.625,400.84,400.34,400.515,13106
2026-05-18 11:13:00,400.475,400.73,400.34,400.54,26378
2026-05-18 11:14:00,400.535,400.5999,400.1041,400.3132,25158
2026-05-18 11:15:00,400.355,400.45,399.78,399.835,16681
2026-05-18 11:16:00,399.85,400.355,399.775,400.29,24284
2026-05-18 11:17:00,400.35,400.45,399.95,399.98,13153
2026-05-18 11:18:00,400.0,400.3199,399.91,399.99,19853
2026-05-18 11:19:00,399.995,400.18,399.555,399.75,25629
2026-05-18 11:20:00,399.685,400.0,399.51,399.605,21827
2026-05-18 11:21:00,399.585,399.97,399.12,399.685,17294
2026-05-18 11:22:00,399.655,399.93,399.46,399.87,15082
2026-05-18 11:23:00,399.855,399.9,399.49,399.67,13817
2026-05-18 11:24:00,399.67,399.73,399.37,399.6,18071
2026-05-18 11:25:00,399.62,399.79,399.32,399.6901,24126
2026-05-18 11:26:00,399.75,400.02,399.385,399.72,13897
2026-05-18 11:27:00,399.67,399.9,399.5,399.72,17306
2026-05-18 11:28:00,399.6489,399.94,399.4,399.52,16033
2026-05-18 11:29:00,399.49,399.51,398.28,398.32,53858
2026-05-18 11:30:00,398.355,398.6699,398.2,398.3,35719
2026-05-18 11:31:00,398.36,399.41,398.36,399.16,31874
2026-05-18 11:32:00,399.165,399.7899,399.165,399.745,38978
2026-05-18 11:33:00,399.715,399.789,399.49,399.715,14157
2026-05-18 11:34:00,399.73,399.79,399.24,399.56,15781
2026-05-18 11:35:00,399.6,400.0999,399.57,399.81,19252
2026-05-18 11:36:00,399.765,399.87,399.6,399.74,16138
2026-05-18 11:37:00,399.77,399.78,399.53,399.64,15257
2026-05-18 11:38:00,399.635,399.7,399.22,399.365,26994
2026-05-18 11:39:00,399.31,399.33,398.78,398.89,12735
2026-05-18 11:40:00,398.89,399.22,398.85,399.22,19629
2026-05-18 11:41:00,399.23,399.7599,399.22,399.68,16425
2026-05-18 11:42:00,399.64,399.76,399.435,399.57,17732
2026-05-18 11:43:00,399.59,399.59,398.92,398.9452,24417
2026-05-18 11:44:00,398.89,398.97,398.66,398.775,12897
2026-05-18 11:45:00,398.785,398.87,398.63,398.68,16246
2026-05-18 11:46:00,398.72,398.95,398.5,398.8,15229
2026-05-18 11:47:00,398.8,398.8,398.58,398.635,10098
2026-05-18 11:48:00,398.67,398.7,398.51,398.64,13093
2026-05-18 11:49:00,398.67,398.81,398.4,398.41,18624
2026-05-18 11:50:00,398.37,398.475,398.1,398.13,19743
2026-05-18 11:51:00,398.14,398.18,397.5711,397.64,31554
2026-05-18 11:52:00,397.6,397.885,397.57,397.79,19791
2026-05-18 11:53:00,397.775,398.31,397.7,398.27,13332
2026-05-18 11:54:00,398.24,398.58,398.2,398.34,11793
2026-05-18 11:55:00,398.34,398.51,398.17,398.205,22658
2026-05-18 11:56:00,398.26,398.39,397.975,398.088,11599
2026-05-18 11:57:00,398.04,398.11,397.87,398.09,12764
2026-05-18 11:58:00,398.11,398.11,397.81,397.84,10812
2026-05-18 11:59:00,397.88,398.02,397.62,397.74,17968
2026-05-18 12:00:00,397.75,397.9,397.2,397.46,29761
2026-05-18 12:01:00,397.44,397.5699,397.1136,397.455,18665
2026-05-18 12:02:00,397.49,397.53,397.25,397.455,12691
2026-05-18 12:03:00,397.3609,397.49,397.0401,397.0401,13569
2026-05-18 12:04:00,397.03,397.24,396.95,397.0,24077
2026-05-18 12:05:00,397.04,397.12,396.81,396.945,20596
2026-05-18 12:06:00,396.94,397.38,396.94,397.03,21204
2026-05-18 12:07:00,397.03,397.455,396.96,397.1901,19079
2026-05-18 12:08:00,397.29,397.29,396.82,397.12,15019
2026-05-18 12:09:00,397.0701,397.46,396.95,397.1,17107
2026-05-18 12:10:00,397.14,397.45,397.0,397.4222,18469
2026-05-18 12:11:00,397.435,397.56,397.28,397.5,20022
2026-05-18 12:12:00,397.54,398.06,397.54,397.68,24726
2026-05-18 12:13:00,397.72,397.74,397.45,397.6075,11763
2026-05-18 12:14:00,397.66,398.04,397.6,397.96,18325
2026-05-18 12:15:00,397.96,398.07,397.83,397.9,25348
2026-05-18 12:16:00,397.85,398.12,397.73,398.0683,14230
2026-05-18 12:17:00,398.03,398.07,397.79,398.005,8860
2026-05-18 12:18:00,398.005,398.33,397.96,398.045,12642
2026-05-18 12:19:00,398.02,398.33,397.98,398.17,17219
2026-05-18 12:20:00,398.16,398.65,398.12,398.64,14425
2026-05-18 12:21:00,398.67,398.89,398.51,398.735,23580
2026-05-18 12:22:00,398.69,398.74,398.145,398.145,13723
2026-05-18 12:23:00,398.13,398.36,397.96,398.08,11424
2026-05-18 12:24:00,398.02,398.02,397.53,397.75,24148
2026-05-18 12:25:00,397.77,397.95,397.5,397.5701,23987
2026-05-18 12:26:00,397.53,397.67,397.15,397.15,24106
2026-05-18 12:27:00,397.0372,397.29,397.0,397.175,14424
2026-05-18 12:28:00,397.2099,397.2099,396.59,396.6351,51159
2026-05-18 12:29:00,396.575,396.9,396.5,396.78,28630
2026-05-18 12:30:00,396.81,396.82,396.19,396.34,47180
2026-05-18 12:31:00,396.32,397.05,396.3,396.97,24952
2026-05-18 12:32:00,397.07,397.52,396.9701,397.52,16786
2026-05-18 12:33:00,397.52,397.78,397.47,397.54,17767
2026-05-18 12:34:00,397.605,397.8784,397.2705,397.2705,17834
2026-05-18 12:35:00,397.26,397.57,397.18,397.345,19250
2026-05-18 12:36:00,397.3899,397.6,397.17,397.525,17178
2026-05-18 12:37:00,397.55,397.97,397.54,397.875,16035
2026-05-18 12:38:00,397.91,398.21,397.88,397.99,30464
2026-05-18 12:39:00,398.05,398.05,397.705,397.95,9743
2026-05-18 12:40:00,397.925,397.97,397.6834,397.8186,12840
2026-05-18 12:41:00,397.775,397.82,397.54,397.54,18003
2026-05-18 12:42:00,397.61,397.69,397.33,397.47,9445
2026-05-18 12:43:00,397.47,397.65,397.3201,397.35,11131
2026-05-18 12:44:00,397.41,397.47,397.26,397.3,10040
2026-05-18 12:45:00,397.34,397.46,397.22,397.46,10756
2026-05-18 12:46:00,397.45,397.55,397.22,397.355,12311
2026-05-18 12:47:00,397.39,397.55,397.325,397.52,8286
2026-05-18 12:48:00,397.54,397.64,397.22,397.32,14449
2026-05-18 12:49:00,397.26,397.42,397.1,397.245,10130
2026-05-18 12:50:00,397.2863,397.44,397.13,397.43,10893
2026-05-18 12:51:00,397.375,397.84,397.375,397.62,15178
2026-05-18 12:52:00,397.61,397.77,397.58,397.64,7194
2026-05-18 12:53:00,397.6001,398.06,397.58,398.06,12326
2026-05-18 12:54:00,398.06,398.08,397.8801,397.92,11222
2026-05-18 12:55:00,397.95,398.1099,397.7201,398.1,12173
2026-05-18 12:56:00,398.1,398.24,397.96,398.18,13405
2026-05-18 12:57:00,398.155,398.16,397.93,398.02,10357
2026-05-18 12:58:00,398.04,398.25,398.04,398.25,10046
2026-05-18 12:59:00,398.27,398.43,397.93,398.07,15023
2026-05-18 13:00:00,398.06,398.19,397.68,397.755,14515
2026-05-18 13:01:00,397.78,398.1,397.68,398.1,12930
2026-05-18 13:02:00,398.095,398.29,397.82,397.9,17121
2026-05-18 13:03:00,397.905,398.09,397.8,398.05,8248
2026-05-18 13:04:00,398.08,398.18,397.79,397.89,13045
2026-05-18 13:05:00,397.84,398.09,397.76,398.02,14512
2026-05-18 13:06:00,398.07,398.37,397.98,398.19,14250
2026-05-18 13:07:00,398.23,398.45,398.14,398.4425,11742
2026-05-18 13:08:00,398.49,398.61,398.39,398.42,12710
2026-05-18 13:09:00,398.47,398.69,398.31,398.69,15152
2026-05-18 13:10:00,398.68,399.18,398.61,399.1521,21868
2026-05-18 13:11:00,399.125,399.34,399.06,399.19,16314
2026-05-18 13:12:00,399.225,399.26,398.375,398.43,26787
2026-05-18 13:13:00,398.36,398.51,398.26,398.375,21934
2026-05-18 13:14:00,398.4,398.4,398.12,398.2125,9184
2026-05-18 13:15:00,398.225,398.45,398.225,398.39,10667
2026-05-18 13:16:00,398.41,398.7799,398.37,398.69,8747
2026-05-18 13:17:00,398.7,398.7139,398.42,398.47,13969
2026-05-18 13:18:00,398.5076,398.89,398.45,398.89,10631
2026-05-18 13:19:00,398.87,398.92,398.64,398.67,11122
2026-05-18 13:20:00,398.68,398.89,398.6,398.6207,9419
2026-05-18 13:21:00,398.66,398.69,398.423,398.455,14293
2026-05-18 13:22:00,398.42,398.9,398.34,398.9,11603
2026-05-18 13:23:00,398.82,398.9,398.18,398.305,15520
2026-05-18 13:24:00,398.26,398.39,398.1901,398.25,18172
2026-05-18 13:25:00,398.24,398.38,398.0,398.08,11256
2026-05-18 13:26:00,398.1,398.36,398.09,398.3,7722
2026-05-18 13:27:00,398.32,398.3889,398.11,398.11,7117
2026-05-18 13:28:00,398.15,398.53,398.08,398.3672,10793
2026-05-18 13:29:00,398.315,398.45,398.1601,398.3764,7918
2026-05-18 13:30:00,398.42,398.46,398.24,398.32,7866
2026-05-18 13:31:00,398.32,398.35,398.0501,398.13,9532
2026-05-18 13:32:00,398.17,398.24,397.93,397.97,19938
2026-05-18 13:33:00,398.01,398.13,397.5001,397.5001,19993
2026-05-18 13:34:00,397.53,397.825,397.48,397.825,8917
2026-05-18 13:35:00,397.815,397.8525,397.405,397.495,8307
2026-05-18 13:36:00,397.53,397.64,397.25,397.3419,12569
2026-05-18 13:37:00,397.375,397.61,397.25,397.465,12925
2026-05-18 13:38:00,397.48,397.5599,397.14,397.36,7774
2026-05-18 13:39:00,397.36,397.475,397.2301,397.375,7871
2026-05-18 13:40:00,397.385,397.61,397.32,397.57,7404
2026-05-18 13:41:00,397.61,397.86,397.61,397.7,13202
2026-05-18 13:42:00,397.665,397.72,397.51,397.54,11703
2026-05-18 13:43:00,397.55,398.1,397.55,398.1,9383
2026-05-18 13:44:00,398.13,398.22,397.775,397.839,12181
2026-05-18 13:45:00,397.814,397.88,397.59,397.68,8868
2026-05-18 13:46:00,397.665,397.72,397.3,397.45,14312
2026-05-18 13:47:00,397.47,397.64,397.37,397.64,13600
2026-05-18 13:48:00,397.62,397.72,397.45,397.57,8686
2026-05-18 13:49:00,397.63,397.78,397.5075,397.66,9722
2026-05-18 13:50:00,397.65,397.93,397.61,397.89,8626
2026-05-18 13:51:00,397.93,398.06,397.915,398.01,13069
2026-05-18 13:52:00,397.995,398.14,397.95,398.035,7892
2026-05-18 13:53:00,398.03,398.09,397.7,397.77,14698
2026-05-18 13:54:00,397.77,397.91,397.74,397.845,7480
2026-05-18 13:55:00,397.845,397.9,397.55,397.86,8004
2026-05-18 13:56:00,397.89,397.9083,397.5801,397.66,8613
2026-05-18 13:57:00,397.69,397.75,397.42,397.47,21348
2026-05-18 13:58:00,397.4514,397.5399,397.35,397.49,23494
2026-05-18 13:59:00,397.43,397.8,397.41,397.78,10919
2026-05-18 14:00:00,397.77,397.78,397.38,397.43,17657
2026-05-18 14:01:00,397.44,397.4914,397.07,397.16,13976
2026-05-18 14:02:00,397.16,397.18,396.82,396.86,34900
2026-05-18 14:03:00,396.88,397.07,396.72,396.93,12710
2026-05-18 14:04:00,396.93,397.01,396.8,396.9,19721
2026-05-18 14:05:00,396.9089,397.13,396.9089,397.13,14082
2026-05-18 14:06:00,397.1,397.11,396.57,396.635,16253
2026-05-18 14:07:00,396.635,396.79,396.545,396.73,13966
2026-05-18 14:08:00,396.78,396.81,396.66,396.765,24303
2026-05-18 14:09:00,396.765,397.0,396.645,396.645,13482
2026-05-18 14:10:00,396.65,396.74,396.39,396.67,11635
2026-05-18 14:11:00,396.705,396.72,396.57,396.665,9097
2026-05-18 14:12:00,396.665,396.875,396.53,396.59,19351
2026-05-18 14:13:00,396.55,396.67,396.485,396.54,18905
2026-05-18 14:14:00,396.535,396.62,396.29,396.35,18611
2026-05-18 14:15:00,396.33,396.345,395.8001,395.825,38727
2026-05-18 14:16:00,395.81,395.96,395.37,395.5,30732
2026-05-18 14:17:00,395.485,395.615,395.26,395.39,16688
2026-05-18 14:18:00,395.3673,395.44,395.16,395.195,13668
2026-05-18 14:19:00,395.16,395.32,395.0516,395.24,18241
2026-05-18 14:20:00,395.27,395.37,394.795,394.86,31741
2026-05-18 14:21:00,394.81,395.14,394.8,395.11,35455
2026-05-18 14:22:00,395.1,395.28,394.97,395.01,20318
2026-05-18 14:23:00,395.0,395.11,394.67,394.77,22518
2026-05-18 14:24:00,394.75,395.285,394.75,395.02,28712
2026-05-18 14:25:00,395.03,395.15,394.8,394.9001,10552
2026-05-18 14:26:00,394.9,395.11,394.8,395.06,19785
2026-05-18 14:27:00,395.01,395.0695,394.72,394.97,18586
2026-05-18 14:28:00,394.99,395.35,394.99,395.31,20295
2026-05-18 14:29:00,395.31,395.45,394.97,395.02,29978
2026-05-18 14:30:00,395.06,395.21,394.95,395.19,24824
2026-05-18 14:31:00,395.1301,395.2152,395.03,395.05,8327
2026-05-18 14:32:00,395.08,395.23,394.9,394.945,14606
2026-05-18 14:33:00,394.93,394.99,394.73,394.83,13496
2026-05-18 14:34:00,394.85,394.86,394.45,394.62,22964
2026-05-18 14:35:00,394.62,394.75,394.6,394.6799,15227
2026-05-18 14:36:00,394.6799,394.835,394.41,394.495,9760
2026-05-18 14:37:00,394.45,394.45,394.13,394.285,14082
2026-05-18 14:38:00,394.285,394.39,394.08,394.26,15411
2026-05-18 14:39:00,394.285,394.42,394.0601,394.116,16486
2026-05-18 14:40:00,394.12,394.23,394.07,394.144,9665
2026-05-18 14:41:00,394.07,394.16,393.945,394.08,18468
2026-05-18 14:42:00,394.07,394.49,394.06,394.4499,18097
2026-05-18 14:43:00,394.39,394.41,394.2,394.3,25823
2026-05-18 14:44:00,394.3,394.38,394.15,394.18,13522
2026-05-18 14:45:00,394.14,394.43,394.105,394.235,28071
2026-05-18 14:46:00,394.235,394.3033,394.02,394.065,14156
2026-05-18 14:47:00,394.03,394.23,394.0,394.015,14581
2026-05-18 14:48:00,394.015,394.16,393.825,394.135,13382
2026-05-18 14:49:00,394.145,394.18,393.72,393.81,18365
2026-05-18 14:50:00,393.86,394.14,393.69,394.07,12952
2026-05-18 14:51:00,394.12,394.16,393.92,394.05,8182
2026-05-18 14:52:00,394.02,394.13,393.89,393.94,9490
2026-05-18 14:53:00,393.8775,393.96,393.8068,393.83,12308
2026-05-18 14:54:00,393.815,393.88,393.63,393.74,17222
2026-05-18 14:55:00,393.71,393.8,393.54,393.7,16161
2026-05-18 14:56:00,393.65,393.71,393.52,393.66,29463
2026-05-18 14:57:00,393.7,393.97,393.67,393.97,10003
2026-05-18 14:58:00,393.945,393.98,393.22,393.22,17666
2026-05-18 14:59:00,393.22,393.4168,393.1557,393.18,23671
2026-05-18 15:00:00,393.16,393.515,393.0,393.515,14106
2026-05-18 15:01:00,393.5269,395.9399,393.495,395.56,78221
2026-05-18 15:02:00,395.61,395.8,394.6501,395.44,52551
2026-05-18 15:03:00,395.46,395.655,394.83,394.84,29589
2026-05-18 15:04:00,394.9,395.25,394.8,394.85,21330
2026-05-18 15:05:00,394.85,395.46,394.79,395.43,25688
2026-05-18 15:06:00,395.37,395.6,394.8001,394.89,32842
2026-05-18 15:07:00,394.76,395.0,394.66,394.74,25274
2026-05-18 15:08:00,394.745,394.95,394.58,394.65,15037
2026-05-18 15:09:00,394.675,395.06,394.655,395.01,25472
2026-05-18 15:10:00,395.01,395.07,394.7,394.805,15865
2026-05-18 15:11:00,394.85,395.1,394.8,395.045,32636
2026-05-18 15:12:00,395.04,395.08,394.74,394.885,21724
2026-05-18 15:13:00,394.94,395.1,394.74,394.76,11691
2026-05-18 15:14:00,394.7,394.7455,394.505,394.635,17393
2026-05-18 15:15:00,394.68,394.78,394.4,394.51,16291
2026-05-18 15:16:00,394.47,394.72,394.2151,394.25,17005
2026-05-18 15:17:00,394.26,394.3,393.95,394.18,22092
2026-05-18 15:18:00,394.17,394.45,394.0201,394.2,19362
2026-05-18 15:19:00,394.2505,394.5,394.1644,394.4,17398
2026-05-18 15:20:00,394.365,394.57,394.24,394.41,18161
2026-05-18 15:21:00,394.4,394.51,394.14,394.25,8350
2026-05-18 15:22:00,394.225,394.34,393.96,393.96,16694
2026-05-18 15:23:00,393.95,394.17,393.93,394.17,24997
2026-05-18 15:24:00,394.1558,394.1558,393.54,393.59,23351
2026-05-18 15:25:00,393.6,393.73,393.2001,393.44,15497
2026-05-18 15:26:00,393.42,393.42,393.11,393.11,19917
2026-05-18 15:27:00,393.09,393.28,393.04,393.2,21684
2026-05-18 15:28:00,393.2,393.45,393.18,393.33,13677
2026-05-18 15:29:00,393.35,393.64,393.35,393.52,27653
2026-05-18 15:30:00,393.55,393.6,393.24,393.495,33740
2026-05-18 15:31:00,393.49,393.85,393.47,393.7999,15629
2026-05-18 15:32:00,393.77,393.98,393.67,393.7218,19538
2026-05-18 15:33:00,393.745,393.99,393.7,393.84,14203
2026-05-18 15:34:00,393.81,393.8699,393.5546,393.765,18838
2026-05-18 15:35:00,393.8,394.04,393.67,393.97,18324
2026-05-18 15:36:00,393.98,394.04,393.83,393.935,15219
2026-05-18 15:37:00,393.87,393.93,393.7001,393.76,17886
2026-05-18 15:38:00,393.79,393.88,393.58,393.6422,15368
2026-05-18 15:39:00,393.67,393.9,393.62,393.9,18571
2026-05-18 15:40:00,393.865,394.24,393.81,394.06,25334
2026-05-18 15:41:00,394.01,394.46,394.01,394.05,20399
2026-05-18 15:42:00,394.08,394.31,394.0295,394.11,30374
2026-05-18 15:43:00,394.11,394.34,394.08,394.14,21016
2026-05-18 15:44:00,394.16,394.2899,394.08,394.26,15452
2026-05-18 15:45:00,394.25,394.39,394.06,394.09,17180
2026-05-18 15:46:00,394.13,394.2299,393.87,393.905,17168
2026-05-18 15:47:00,393.93,394.03,393.71,393.78,23369
2026-05-18 15:48:00,393.79,394.03,393.79,393.98,18946
2026-05-18 15:49:00,393.98,394.18,393.91,394.17,31373
2026-05-18 15:50:00,394.22,394.33,393.52,393.54,56109
2026-05-18 15:51:00,393.53,393.6,393.28,393.46,47316
2026-05-18 15:52:00,393.46,393.67,393.4,393.48,30533
2026-05-18 15:53:00,393.52,393.79,393.39,393.54,61850
2026-05-18 15:54:00,393.57,393.8,393.24,393.745,70134
2026-05-18 15:55:00,393.7,393.7,392.36,392.5491,113350
2026-05-18 15:56:00,392.59,392.75,392.27,392.3,95390
2026-05-18 15:57:00,392.29,392.51,392.17,392.5048,75456
2026-05-18 15:58:00,392.51,392.6,392.33,392.56,82802
2026-05-18 15:59:00,392.56,393.2,392.55,393.16,224354
2026-05-18 16:00:00,393.16,393.16,392.72,392.78,2513921
2026-05-18 16:01:00,393.06,393.19,393.05,393.16,2009
2026-05-18 16:02:00,393.21,393.22,393.01,393.22,972
2026-05-18 16:03:00,393.23,393.44,393.23,393.43,293
2026-05-18 16:04:00,393.48,393.5,393.4,393.4,1199
2026-05-18 16:05:00,393.5,393.5,393.15,393.15,243
2026-05-18 16:06:00,393.3,393.37,393.3,393.37,808
2026-05-18 16:09:00,393.5,393.5,393.11,393.35,2486
2026-05-18 16:10:00,393.48,393.48,393.48,393.48,42
2026-05-18 16:11:00,393.34,393.34,393.34,393.34,175
2026-05-18 16:12:00,393.2356,393.262,393.2356,393.2356,300
2026-05-18 16:13:00,393.262,393.312,393.262,393.312,232
2026-05-18 16:14:00,393.22,393.27,392.88,392.88,7852
2026-05-18 16:15:00,393.01,393.3,393.0,393.3,438
2026-05-18 16:16:00,393.1,393.1899,393.1,393.1899,280
2026-05-18 16:17:00,393.0716,393.1,393.0716,393.1,2256
2026-05-18 16:18:00,393.21,393.264,393.21,393.264,250
2026-05-18 16:19:00,393.11,393.11,392.9,392.9,80
2026-05-18 16:20:00,393.11,393.11,392.99,392.99,787
2026-05-18 16:21:00,392.99,393.05,392.99,393.05,250
2026-05-18 16:22:00,392.9,392.9,392.85,392.9,844
2026-05-18 16:23:00,392.83,392.83,392.83,392.83,50
2026-05-18 16:24:00,392.86,392.86,392.86,392.86,200
2026-05-18 16:25:00,393.09,393.09,392.9882,393.04,471
2026-05-18 16:26:00,392.9925,392.9925,392.9925,392.9925,1075
2026-05-18 16:27:00,393.0,393.3785,393.0,393.3785,901
2026-05-18 16:28:00,393.2946,393.39,393.11,393.11,1026
2026-05-18 16:29:00,393.2,393.25,393.2,393.25,178
2026-05-18 16:30:00,393.3,393.3,393.3,393.3,40
2026-05-18 16:31:00,393.35,393.4,393.34,393.4,7772
2026-05-18 16:32:00,393.46,393.46,393.46,393.46,52
2026-05-18 16:36:00,393.35,393.35,393.35,393.35,81
2026-05-18 16:37:00,393.34,393.34,393.25,393.25,125
2026-05-18 16:39:00,393.3552,393.3552,393.3552,393.3552,280
2026-05-18 16:40:00,393.36,393.3915,393.36,393.3915,358
2026-05-18 16:41:00,393.3753,393.4,393.35,393.38,725
2026-05-18 16:43:00,393.37,393.37,393.37,393.37,100
2026-05-18 16:44:00,393.38,393.38,393.37,393.37,91
2026-05-18 16:45:00,393.4,393.4,393.34,393.4,579
2026-05-18 16:46:00,393.3,393.3,393.3,393.3,58
2026-05-18 16:47:00,393.37,393.37,393.37,393.37,40
2026-05-18 16:49:00,393.35,393.37,393.32,393.32,351
2026-05-18 16:50:00,393.4,393.4,393.395,393.395,80
2026-05-18 16:53:00,393.3,393.3,393.3,393.3,290
2026-05-18 16:55:00,393.3,393.3,393.3,393.3,181
2026-05-18 16:56:00,393.34,393.34,393.34,393.34,171
2026-05-18 16:57:00,393.4,393.4,393.4,393.4,659
2026-05-18 16:58:00,393.35,393.43,393.35,393.43,1182
2026-05-18 16:59:00,393.4,393.4,393.4,393.4,185
2026-05-18 17:00:00,393.4,393.4,393.4,393.4,50
2026-05-18 17:01:00,393.4278,393.4278,393.4278,393.4278,155
2026-05-18 17:03:00,393.44,393.44,393.42,393.42,146
2026-05-18 17:05:00,393.43,393.49,393.4,393.49,725
2026-05-18 17:08:00,393.45,393.61,393.45,393.61,4974
2026-05-18 17:10:00,393.63,393.64,393.63,393.64,892
2026-05-18 17:11:00,393.61,393.6239,393.61,393.6239,939
2026-05-18 17:12:00,393.6498,393.6498,393.62,393.62,2656
2026-05-18 17:13:00,393.58,393.58,393.5,393.5,160
2026-05-18 17:15:00,393.5525,393.5525,393.5525,393.5525,300
2026-05-18 17:16:00,393.5195,393.5195,393.5195,393.5195,100
2026-05-18 17:17:00,393.51,393.51,393.5,393.5,125
2026-05-18 17:18:00,393.58,393.61,393.58,393.6,221
2026-05-18 17:19:00,393.58,393.58,393.58,393.58,989
2026-05-18 17:21:00,393.5734,393.5734,393.5734,393.5734,40
2026-05-18 17:23:00,393.62,393.62,393.5,393.5,278
2026-05-18 17:27:00,393.502,393.502,393.502,393.502,100
2026-05-18 17:29:00,393.5,393.5,393.5,393.5,100
2026-05-18 17:30:00,393.5001,393.5001,393.5001,393.5001,100
2026-05-18 17:31:00,393.58,393.5993,393.5,393.5,650
2026-05-18 17:32:00,393.6,393.6,393.59,393.59,150
2026-05-18 17:33:00,393.5999,393.5999,393.5999,393.5999,300
2026-05-18 17:37:00,393.6,393.62,393.6,393.62,2091
2026-05-18 17:38:00,393.53,393.53,393.53,393.53,58
2026-05-18 17:39:00,393.62,393.62,393.6199,393.62,696
2026-05-18 17:40:00,393.62,393.62,393.62,393.62,71
2026-05-18 17:41:00,393.62,393.62,393.62,393.62,150
2026-05-18 17:43:00,393.62,393.62,393.5,393.62,2476
2026-05-18 17:44:00,393.62,393.62,393.52,393.52,244
2026-05-18 17:45:00,393.62,393.62,393.62,393.62,69
2026-05-18 17:46:00,393.6,393.6,393.6,393.6,1000
2026-05-18 17:47:00,393.52,393.52,393.52,393.52,80
2026-05-18 17:49:00,393.57,393.62,393.57,393.62,3140
2026-05-18 17:51:00,393.69,393.69,393.69,393.69,986
2026-05-18 17:53:00,393.9,393.9,393.9,393.9,41
2026-05-18 17:57:00,394.0,394.13,394.0,394.13,4439
2026-05-18 17:58:00,394.0178,394.0178,394.0178,394.0178,50
2026-05-18 17:59:00,394.0,394.01,394.0,394.01,182
2026-05-18 18:01:00,394.07,394.07,394.0,394.0,314
2026-05-18 18:02:00,394.1,394.1,394.0,394.0,394
2026-05-18 18:04:00,394.16,394.2,394.16,394.2,239
2026-05-18 18:05:00,394.27,394.27,394.27,394.27,183
2026-05-18 18:07:00,394.1,394.4,394.1,394.38,480
2026-05-18 18:08:00,394.3989,394.41,394.3989,394.4,552
2026-05-18 18:09:00,394.4,394.4,394.4,394.4,476
2026-05-18 18:10:00,394.49,394.49,394.49,394.49,50
2026-05-18 18:11:00,394.3704,394.45,394.3704,394.45,200
2026-05-18 18:12:00,394.49,394.49,394.35,394.35,157
2026-05-18 18:13:00,394.3,394.3,394.3,394.3,126
2026-05-18 18:14:00,394.6175,394.6175,394.37,394.37,1469
2026-05-18 18:15:00,394.25,394.25,394.25,394.25,300
2026-05-18 18:16:00,394.25,394.4,394.25,394.4,240
2026-05-18 18:17:00,394.64,394.64,394.64,394.64,60
2026-05-18 18:19:00,394.64,394.64,394.64,394.64,260
2026-05-18 18:20:00,394.5,394.61,394.5,394.61,373
2026-05-18 18:21:00,394.53,394.7,394.53,394.7,1459
2026-05-18 18:22:00,394.7,394.7,394.7,394.7,185
2026-05-18 18:23:00,394.7,394.7,394.6925,394.7,1553
2026-05-18 18:24:00,394.8,394.8,394.72,394.76,430
2026-05-18 18:25:00,394.79,394.99,394.79,394.9,1082
2026-05-18 18:26:00,394.99,395.0,394.903,395.0,249
2026-05-18 18:27:00,394.99,394.99,394.99,394.99,180
2026-05-18 18:28:00,394.97,394.97,394.97,394.97,415
2026-05-18 18:29:00,394.8613,395.11,394.78,395.11,2442
2026-05-18 18:30:00,395.1,395.3,395.1,395.3,335
2026-05-18 18:31:00,395.5,395.51,395.31,395.31,539
2026-05-18 18:32:00,395.65,395.79,395.55,395.79,1727
2026-05-18 18:33:00,395.7734,396.0,395.77,395.87,452
2026-05-18 18:34:00,395.92,395.92,395.9,395.9,275
2026-05-18 18:35:00,396.0,396.0,395.75,395.75,2260
2026-05-18 18:36:00,395.8,395.8,395.76,395.76,280
2026-05-18 18:37:00,395.97,395.97,395.6,395.6,230
2026-05-18 18:39:00,395.6,395.83,395.6,395.83,200
2026-05-18 18:40:00,396.0695,396.08,396.0695,396.08,112
2026-05-18 18:41:00,395.87,395.87,395.87,395.87,88
2026-05-18 18:43:00,395.6,395.71,395.6,395.71,259
2026-05-18 18:44:00,395.76,395.8,395.75,395.75,340
2026-05-18 18:45:00,395.75,395.75,395.75,395.75,193
2026-05-18 18:46:00,395.5,395.64,395.5,395.64,249
2026-05-18 18:47:00,395.07,395.71,395.07,395.71,970
2026-05-18 18:48:00,395.1,395.1,395.1,395.1,500
2026-05-18 18:49:00,395.5,395.5,395.16,395.27,1437
2026-05-18 18:51:00,395.34,395.34,395.34,395.34,50
2026-05-18 18:52:00,395.52,395.56,395.52,395.56,140
2026-05-18 18:54:00,395.4668,395.4668,395.4,395.4,349
2026-05-18 18:55:00,395.3215,395.57,395.3215,395.57,259
2026-05-18 18:56:00,395.67,395.71,395.5273,395.71,322
2026-05-18 18:59:00,395.6082,395.7,395.6082,395.7,375
2026-05-18 19:00:00,395.61,395.61,395.61,395.61,56
2026-05-18 19:01:00,395.71,395.71,395.45,395.45,346
2026-05-18 19:02:00,395.98,396.0,395.9797,395.9797,1180
2026-05-18 19:03:00,395.97,395.97,395.9,395.91,619
2026-05-18 19:04:00,396.0,396.0,396.0,396.0,100
2026-05-18 19:05:00,396.01,396.01,395.75,395.75,8642
2026-05-18 19:06:00,396.06,396.06,396.06,396.06,80
2026-05-18 19:07:00,395.8,395.8,395.8,395.8,200
2026-05-18 19:08:00,395.909,395.909,395.909,395.909,55
2026-05-18 19:09:00,395.95,395.95,395.95,395.95,158
2026-05-18 19:10:00,395.6085,395.6085,395.6085,395.6085,100
2026-05-18 19:11:00,395.5838,395.5838,395.5838,395.5838,100
2026-05-18 19:14:00,395.51,395.51,395.51,395.51,78
2026-05-18 19:15:00,395.29,395.29,395.29,395.29,189
2026-05-18 19:16:00,395.5,395.5,395.49,395.49,150
2026-05-18 19:17:00,395.49,395.49,395.152,395.152,499
2026-05-18 19:19:00,395.26,395.26,395.26,395.26,398
2026-05-18 19:20:00,395.27,395.27,395.27,395.27,100
2026-05-18 19:21:00,395.2246,395.4,395.2246,395.28,1642
2026-05-18 19:22:00,395.2282,395.2282,395.2282,395.2282,50
2026-05-18 19:23:00,395.3999,395.3999,395.3999,395.3999,1048
2026-05-18 19:24:00,395.2825,395.3,395.2825,395.3,546
2026-05-18 19:25:00,395.3715,395.3715,395.2825,395.31,270
2026-05-18 19:26:00,395.4,395.4,395.4,395.4,100
2026-05-18 19:27:00,395.5,395.54,395.5,395.54,156
2026-05-18 19:30:00,395.45,395.5,395.45,395.5,290
2026-05-18 19:31:00,395.45,395.54,395.45,395.54,91
2026-05-18 19:32:00,395.5,395.5,395.5,395.5,100
2026-05-18 19:34:00,395.4893,395.525,395.15,395.525,1080
2026-05-18 19:37:00,395.5372,395.5372,395.3,395.53,551
2026-05-18 19:39:00,395.3312,395.5369,395.3312,395.5369,200
2026-05-18 19:40:00,395.54,395.54,395.54,395.54,42
2026-05-18 19:41:00,395.54,395.54,395.54,395.54,306
2026-05-18 19:42:00,395.62,395.62,395.55,395.55,275
2026-05-18 19:43:00,395.55,395.55,395.55,395.55,40
2026-05-18 19:45:00,395.52,395.53,395.52,395.53,340
2026-05-18 19:46:00,395.4185,395.4185,395.31,395.31,554
2026-05-18 19:48:00,395.4,395.4,395.4,395.4,49
2026-05-18 19:50:00,395.35,395.35,395.35,395.35,79
2026-05-18 19:51:00,395.34,395.34,395.34,395.34,249
2026-05-18 19:52:00,395.34,395.38,395.34,395.38,255
2026-05-18 19:53:00,395.48,395.48,395.3,395.3,1004
2026-05-18 19:54:00,395.16,395.4988,395.0737,395.0737,1045
2026-05-18 19:55:00,395.065,395.065,395.065,395.065,200
2026-05-18 19:56:00,395.45,395.45,395.45,395.45,1162
2026-05-18 19:57:00,395.5,395.5,395.0,395.0,1588
2026-05-18 19:59:00,395.01,395.4568,395.01,395.4568,96
2026-05-19 04:00:00,395.52,397.65,394.94,396.88,32686
2026-05-19 04:01:00,396.83,397.53,395.0,395.0,4249
2026-05-19 04:03:00,397.26,397.32,397.26,397.32,91
2026-05-19 04:04:00,397.22,397.22,397.22,397.22,148
2026-05-19 04:05:00,397.29,397.29,396.4,396.4,1110
2026-05-19 04:07:00,397.28,397.63,397.27,397.43,1022
2026-05-19 04:08:00,397.34,397.49,397.26,397.48,1182
2026-05-19 04:09:00,397.5377,397.5377,397.355,397.44,314
2026-05-19 04:10:00,397.52,397.71,397.42,397.65,3775
2026-05-19 04:11:00,397.56,397.6383,397.51,397.51,588
2026-05-19 04:12:00,397.23,397.24,397.1,397.1,750
2026-05-19 04:13:00,397.09,397.1,397.0,397.0,1014
2026-05-19 04:14:00,396.98,396.98,396.98,396.98,60
2026-05-19 04:15:00,397.17,397.17,396.9,396.9,143
2026-05-19 04:16:00,397.05,397.2,397.05,397.19,817
2026-05-19 04:17:00,397.36,400.0,397.19,397.2,3341
2026-05-19 04:18:00,397.1,397.17,397.08,397.17,445
2026-05-19 04:19:00,397.13,397.13,397.13,397.13,40
2026-05-19 04:20:00,397.11,397.11,397.11,397.11,70
2026-05-19 04:21:00,397.1,397.1,397.1,397.1,75
2026-05-19 04:22:00,397.03,397.03,397.03,397.03,100
2026-05-19 04:23:00,397.23,400.0,396.93,397.31,3116
2026-05-19 04:24:00,396.99,397.19,396.8,396.92,1619
2026-05-19 04:25:00,396.92,397.07,396.92,397.03,200
2026-05-19 04:26:00,397.17,397.17,396.48,397.09,1350
2026-05-19 04:27:00,396.42,397.33,396.42,397.31,2796
2026-05-19 04:28:00,397.32,397.74,397.31,397.63,649
2026-05-19 04:29:00,397.3,397.32,397.3,397.31,320
2026-05-19 04:30:00,397.32,397.32,397.01,397.01,544
2026-05-19 04:31:00,397.09,397.23,397.09,397.23,130
2026-05-19 04:32:00,397.23,399.0,397.0,397.46,4493
2026-05-19 04:33:00,397.53,397.57,397.53,397.57,140
2026-05-19 04:34:00,397.62,397.62,397.42,397.42,909
2026-05-19 04:35:00,397.39,397.39,397.39,397.39,140
2026-05-19 04:36:00,397.39,397.39,397.17,397.36,474
2026-05-19 04:37:00,397.37,397.5927,397.34,397.34,432
2026-05-19 04:38:00,397.13,397.25,397.0,397.25,501
2026-05-19 04:39:00,397.2,397.2,397.2,397.2,40
2026-05-19 04:40:00,397.41,397.5,397.41,397.49,1538
2026-05-19 04:41:00,397.58,397.58,397.32,397.32,90
2026-05-19 04:42:00,397.35,397.47,397.35,397.36,210
2026-05-19 04:43:00,397.36,397.36,397.23,397.23,160
2026-05-19 04:44:00,397.18,397.18,397.05,397.05,100
2026-05-19 04:45:00,397.03,397.03,397.03,397.03,80
2026-05-19 04:46:00,397.03,397.03,396.96,397.03,330
2026-05-19 04:47:00,396.96,397.01,396.92,397.01,176
2026-05-19 04:48:00,396.91,396.91,396.88,396.88,147
2026-05-19 04:49:00,396.77,396.77,396.77,396.77,50
2026-05-19 04:50:00,396.69,396.69,396.56,396.56,1719
2026-05-19 04:51:00,396.58,396.58,396.58,396.58,96
2026-05-19 04:52:00,396.6,396.83,396.41,396.45,672
2026-05-19 04:53:00,396.43,396.62,396.43,396.62,400
2026-05-19 04:54:00,396.49,396.49,396.43,396.43,120
2026-05-19 04:55:00,396.69,396.7,396.6,396.6,306
2026-05-19 04:56:00,396.7,396.7,396.7,396.7,48
2026-05-19 04:57:00,396.6,396.6,396.6,396.6,40
2026-05-19 04:58:00,396.6,396.9,396.6,396.9,170
2026-05-19 04:59:00,396.57,396.57,396.38,396.38,100
2026-05-19 05:00:00,396.42,396.42,396.19,396.3,729
2026-05-19 05:02:00,396.45,396.45,396.13,396.13,316
2026-05-19 05:03:00,396.0597,396.52,396.0597,396.52,1375
2026-05-19 05:04:00,396.52,396.8,396.47,396.51,495
2026-05-19 05:05:00,396.44,396.44,396.44,396.44,100
2026-05-19 05:06:00,396.44,396.44,396.44,396.44,80
2026-05-19 05:07:00,396.44,396.47,396.19,396.19,380
2026-05-19 05:08:00,396.29,396.33,396.29,396.33,379
2026-05-19 05:09:00,396.37,396.37,396.37,396.37,40
2026-05-19 05:10:00,396.38,396.4,396.31,396.33,515
2026-05-19 05:11:00,396.39,396.5,396.39,396.41,320
2026-05-19 05:12:00,396.35,396.43,396.35,396.43,642
2026-05-19 05:13:00,396.06,396.18,396.0,396.0,642
2026-05-19 05:14:00,395.92,396.06,395.9,396.06,223
2026-05-19 05:15:00,396.0,396.0,396.0,396.0,66
2026-05-19 05:16:00,396.01,396.01,396.0,396.0,209
2026-05-19 05:17:00,396.0,396.0,395.6,395.6,532
2026-05-19 05:19:00,395.72,395.87,395.5,395.78,384
2026-05-19 05:24:00,395.7,395.83,395.7,395.83,80
2026-05-19 05:25:00,395.78,395.78,395.5,395.5,237
2026-05-19 05:26:00,395.5,395.5,395.42,395.42,455
2026-05-19 05:27:00,395.41,395.41,395.41,395.41,50
2026-05-19 05:28:00,395.45,395.45,395.25,395.25,102
2026-05-19 05:29:00,395.22,395.23,395.19,395.19,405
2026-05-19 05:30:00,395.26,395.34,395.19,395.19,962
2026-05-19 05:31:00,395.12,395.12,394.68,394.68,502
2026-05-19 05:32:00,394.63,394.63,394.54,394.56,325
2026-05-19 05:33:00,394.55,394.61,394.5,394.61,1210
2026-05-19 05:35:00,394.65,394.96,394.6,394.96,1667
2026-05-19 05:36:00,394.9,395.03,394.89,394.99,502
2026-05-19 05:37:00,395.12,395.12,395.03,395.03,330
2026-05-19 05:40:00,395.07,395.07,394.75,394.75,502
2026-05-19 05:41:00,394.64,394.64,394.5,394.5,394
2026-05-19 05:42:00,394.61,394.61,394.61,394.61,40
2026-05-19 05:44:00,394.61,394.61,394.6,394.6,139
2026-05-19 05:45:00,394.62,394.62,394.62,394.62,100
2026-05-19 05:46:00,394.6,394.96,394.6,394.96,725
2026-05-19 05:47:00,394.7,394.7,394.55,394.55,158
2026-05-19 05:48:00,394.6,394.8,394.6,394.71,424
2026-05-19 05:49:00,394.93,395.06,394.93,395.0,661
2026-05-19 05:50:00,395.22,395.22,395.06,395.1,525
2026-05-19 05:51:00,394.97,395.24,394.97,395.23,569
2026-05-19 05:52:00,395.46,395.51,395.33,395.35,1320
2026-05-19 05:53:00,395.38,395.38,395.38,395.38,180
2026-05-19 05:55:00,395.16,395.22,395.16,395.22,820
2026-05-19 05:56:00,395.17,395.46,395.17,395.46,80
2026-05-19 05:57:00,395.52,395.52,395.51,395.52,260
2026-05-19 05:59:00,395.61,395.67,395.31,395.31,416
2026-05-19 06:02:00,395.37,395.37,395.37,395.37,40
2026-05-19 06:03:00,395.31,395.31,395.31,395.31,40
2026-05-19 06:06:00,395.29,395.29,395.29,395.29,69
2026-05-19 06:07:00,395.32,395.32,395.32,395.32,80
2026-05-19 06:08:00,395.32,395.32,395.11,395.11,242
2026-05-19 06:09:00,395.12,395.12,395.12,395.12,75
2026-05-19 06:10:00,395.14,395.14,395.14,395.14,49
2026-05-19 06:11:00,395.03,395.03,395.03,395.03,50
2026-05-19 06:12:00,394.93,394.93,394.93,394.93,140
2026-05-19 06:13:00,395.25,395.25,395.25,395.25,75
2026-05-19 06:14:00,395.28,395.28,395.28,395.28,40
2026-05-19 06:16:00,395.27,395.3,394.97,395.3,600
2026-05-19 06:18:00,395.11,395.11,395.11,395.11,50
2026-05-19 06:19:00,395.25,395.25,395.25,395.25,114
2026-05-19 06:23:00,395.13,395.13,395.13,395.13,417
2026-05-19 06:25:00,395.15,395.15,395.15,395.15,385
2026-05-19 06:26:00,395.0,395.0,395.0,395.0,175
2026-05-19 06:28:00,394.97,395.0,394.97,395.0,372
2026-05-19 06:30:00,394.96,394.98,394.96,394.96,369
2026-05-19 06:31:00,394.86,394.86,394.86,394.86,55
2026-05-19 06:32:00,394.97,394.97,394.97,394.97,463
2026-05-19 06:33:00,394.98,394.98,394.98,394.98,49
2026-05-19 06:34:00,395.1,395.1,395.1,395.1,149
2026-05-19 06:35:00,395.0,395.0,395.0,395.0,66
2026-05-19 06:38:00,394.9,394.9,394.13,394.13,681
2026-05-19 06:39:00,394.37,394.37,394.27,394.29,1486
2026-05-19 06:40:00,394.25,394.29,394.25,394.29,508
2026-05-19 06:41:00,394.19,394.19,394.09,394.13,435
2026-05-19 06:42:00,394.3,394.3,394.08,394.08,146
2026-05-19 06:43:00,394.12,394.12,393.81,393.81,547
2026-05-19 06:45:00,393.85,394.29,393.85,394.29,1010
2026-05-19 06:46:00,394.33,394.33,393.6946,394.0,542
2026-05-19 06:47:00,394.31,394.38,394.0,394.38,410
2026-05-19 06:49:00,394.62,394.66,394.6,394.66,330
2026-05-19 06:50:00,394.54,394.71,394.54,394.71,235
2026-05-19 06:51:00,394.71,394.71,394.59,394.59,250
2026-05-19 06:52:00,394.5,394.5,394.49,394.49,142
2026-05-19 06:54:00,394.5,394.5,394.5,394.5,42
2026-05-19 06:55:00,394.75,394.77,394.75,394.77,136
2026-05-19 06:58:00,395.0,395.0,395.0,395.0,40
2026-05-19 06:59:00,394.8,394.85,394.74,394.85,134
2026-05-19 07:00:00,394.87,395.1007,394.81,394.84,1776
2026-05-19 07:01:00,394.9799,394.9799,394.5711,394.5711,819
2026-05-19 07:02:00,394.86,395.154,394.86,395.154,1855
2026-05-19 07:03:00,395.17,395.18,394.98,394.98,1640
2026-05-19 07:04:00,395.18,395.18,395.18,395.18,162
2026-05-19 07:06:00,395.0,395.0,395.0,395.0,195
2026-05-19 07:09:00,395.4,395.46,395.4,395.44,410
2026-05-19 07:10:00,395.97,395.97,395.21,395.49,531
2026-05-19 07:11:00,395.88,395.88,395.7607,395.7607,152
2026-05-19 07:12:00,395.64,395.84,395.64,395.7,1885
2026-05-19 07:13:00,395.4,395.51,395.4,395.5,477
2026-05-19 07:14:00,395.7771,395.7771,395.7771,395.7771,250
2026-05-19 07:15:00,395.34,395.5,395.34,395.5,154
2026-05-19 07:19:00,395.51,395.62,395.51,395.62,929
2026-05-19 07:20:00,395.09,395.59,395.0,395.59,445
2026-05-19 07:21:00,395.25,395.25,395.25,395.25,100
2026-05-19 07:22:00,395.2,395.2,395.15,395.15,468
2026-05-19 07:24:00,395.15,395.15,395.15,395.15,51
2026-05-19 07:26:00,395.05,395.15,395.05,395.1,252
2026-05-19 07:30:00,395.05,395.4,395.05,395.4,2004
2026-05-19 07:31:00,395.38,395.39,395.25,395.39,149
2026-05-19 07:32:00,395.4,395.5,395.37,395.5,913
2026-05-19 07:33:00,395.43,395.4998,395.32,395.4,925
2026-05-19 07:34:00,395.49,395.49,395.49,395.49,88
2026-05-19 07:35:00,395.5,395.519,395.35,395.44,715
2026-05-19 07:36:00,395.35,395.52,395.24,395.52,609
2026-05-19 07:37:00,395.17,395.36,395.16,395.36,1052
2026-05-19 07:38:00,395.15,395.15,395.09,395.09,143
2026-05-19 07:39:00,395.09,395.09,395.01,395.05,604
2026-05-19 07:40:00,395.31,395.31,394.98,394.98,2074
2026-05-19 07:41:00,395.045,395.19,395.045,395.1,1871
2026-05-19 07:42:00,395.0998,395.11,395.06,395.11,300
2026-05-19 07:43:00,395.03,395.04,394.9,394.94,2854
2026-05-19 07:44:00,395.0,395.0,394.9857,394.9857,200
2026-05-19 07:45:00,394.89,394.94,394.67,394.67,1045
2026-05-19 07:46:00,394.72,394.74,394.41,394.51,750
2026-05-19 07:47:00,394.4401,394.62,394.4401,394.62,487
2026-05-19 07:48:00,394.77,394.77,394.56,394.56,350
2026-05-19 07:49:00,394.55,394.7,394.5,394.7,585
2026-05-19 07:50:00,394.73,394.885,394.65,394.75,595
2026-05-19 07:51:00,394.97,394.99,394.94,394.94,693
2026-05-19 07:52:00,394.92,395.08,394.86,395.02,713
2026-05-19 07:53:00,395.02,395.02,394.83,394.91,1175
2026-05-19 07:55:00,394.7,394.74,394.56,394.74,2615
2026-05-19 07:56:00,394.58,394.58,394.58,394.58,150
2026-05-19 07:57:00,394.625,394.625,394.625,394.625,100
2026-05-19 07:58:00,394.6262,394.66,394.6262,394.66,550
2026-05-19 07:59:00,394.6664,394.6664,394.52,394.58,580
2026-05-19 08:00:00,394.5,394.5,394.38,394.435,1123
2026-05-19 08:01:00,394.11,394.3,394.11,394.3,89
2026-05-19 08:02:00,394.43,394.51,394.3,394.49,831
2026-05-19 08:03:00,394.46,394.87,394.26,394.61,2648
2026-05-19 08:04:00,394.8678,394.8678,394.71,394.71,534
2026-05-19 08:05:00,394.84,395.1,394.84,394.85,1396
2026-05-19 08:06:00,394.63,395.0,394.63,394.67,2424
2026-05-19 08:07:00,394.68,394.99,394.67,394.97,321
2026-05-19 08:08:00,394.75,394.9336,394.75,394.78,141
2026-05-19 08:09:00,394.7,394.7,394.51,394.6695,701
2026-05-19 08:10:00,394.9,394.9,394.63,394.63,524
2026-05-19 08:11:00,394.8,394.8,394.8,394.8,44
2026-05-19 08:12:00,394.85,394.85,394.78,394.78,193
2026-05-19 08:13:00,394.76,394.77,394.74,394.76,213
2026-05-19 08:14:00,394.73,394.79,394.67,394.79,460
2026-05-19 08:15:00,394.78,394.8488,394.6582,394.77,492
2026-05-19 08:16:00,394.78,394.84,394.6,394.73,1500
2026-05-19 08:17:00,394.67,394.78,394.67,394.78,133
2026-05-19 08:18:00,394.72,394.94,394.72,394.94,180
2026-05-19 08:19:00,394.9414,394.97,394.81,394.97,498
2026-05-19 08:20:00,394.97,395.04,394.86,395.04,400
2026-05-19 08:21:00,394.87,395.05,394.87,394.98,706
2026-05-19 08:22:00,394.86,395.1,394.84,395.0,2664
2026-05-19 08:23:00,394.97,395.09,394.95,395.09,1389
2026-05-19 08:24:00,395.06,395.09,394.97,394.97,394
2026-05-19 08:25:00,394.97,394.99,394.74,394.74,1284
2026-05-19 08:26:00,394.79,394.79,394.59,394.78,434
2026-05-19 08:27:00,394.94,394.94,394.75,394.75,314
2026-05-19 08:28:00,394.82,395.1,394.82,395.06,1820
2026-05-19 08:29:00,394.99,395.26,394.99,395.22,2488
2026-05-19 08:30:00,395.15,395.33,395.1,395.1,925
2026-05-19 08:31:00,395.1,395.25,395.1,395.25,2050
2026-05-19 08:32:00,395.21,395.44,395.21,395.44,1105
2026-05-19 08:33:00,395.47,395.6416,395.47,395.5,2927
2026-05-19 08:34:00,395.46,395.46,395.46,395.46,100
2026-05-19 08:35:00,395.57,395.69,395.5,395.69,1088
2026-05-19 08:36:00,395.79,396.14,395.79,396.14,1175
2026-05-19 08:37:00,396.25,396.27,396.01,396.01,367
2026-05-19 08:38:00,396.2,396.34,396.2,396.34,750
2026-05-19 08:39:00,396.71,396.72,396.46,396.61,1284
2026-05-19 08:40:00,396.32,396.67,396.32,396.67,325
2026-05-19 08:41:00,396.57,396.99,396.53,396.8,3045
2026-05-19 08:42:00,396.8,397.0,396.8,396.81,326
2026-05-19 08:43:00,396.8,397.04,396.8,396.9,2490
2026-05-19 08:44:00,396.98,396.98,396.8,396.8,679
2026-05-19 08:45:00,396.94,397.04,396.92,396.97,1951
2026-05-19 08:46:00,396.76,396.76,396.63,396.76,390
2026-05-19 08:47:00,396.8,397.08,396.8,397.06,1021
2026-05-19 08:48:00,397.1,397.29,397.09,397.27,1045
2026-05-19 08:49:00,397.2,397.35,397.16,397.35,3363
2026-05-19 08:50:00,397.39,397.4,397.21,397.33,1846
2026-05-19 08:51:00,397.21,397.35,397.0,397.12,2330
2026-05-19 08:52:00,397.0,397.0,396.96,396.96,139
2026-05-19 08:53:00,397.08,397.1,396.91,397.08,2114
2026-05-19 08:54:00,396.9,397.3997,396.9,397.38,952
2026-05-19 08:55:00,397.36,397.36,397.15,397.15,352
2026-05-19 08:56:00,396.89,396.89,396.75,396.75,87
2026-05-19 08:57:00,396.76,396.76,396.72,396.72,156
2026-05-19 08:58:00,396.67,396.67,396.43,396.46,298
2026-05-19 08:59:00,396.46,396.56,396.45,396.45,699
2026-05-19 09:00:00,396.47,396.5643,396.425,396.5643,854
2026-05-19 09:01:00,396.2,396.33,396.2,396.33,215
2026-05-19 09:02:00,396.23,396.326,396.2,396.32,1029
2026-05-19 09:03:00,396.28,396.28,396.1,396.2,2516
2026-05-19 09:04:00,396.14,396.27,396.0,396.07,912
2026-05-19 09:05:00,396.07,396.07,395.89,395.89,2286
2026-05-19 09:06:00,395.92,396.22,395.66,395.72,1957
2026-05-19 09:07:00,395.73,395.73,395.0,395.38,1043
2026-05-19 09:08:00,395.13,395.35,395.07,395.28,3667
2026-05-19 09:09:00,395.18,395.18,395.1,395.18,1526
2026-05-19 09:10:00,395.02,395.18,394.84,395.13,2224
2026-05-19 09:11:00,395.31,395.45,395.04,395.24,2150
2026-05-19 09:12:00,395.35,395.7,395.17,395.7,947
2026-05-19 09:13:00,395.78,396.0,395.78,395.96,748
2026-05-19 09:14:00,396.0,396.2,396.0,396.18,3093
2026-05-19 09:15:00,396.19,396.2322,395.72,395.77,2145
2026-05-19 09:16:00,395.62,395.91,395.58,395.64,1400
2026-05-19 09:17:00,395.8499,395.85,395.54,395.6,2120
2026-05-19 09:18:00,395.65,395.65,395.23,395.26,605
2026-05-19 09:19:00,395.25,395.36,395.2182,395.36,1300
2026-05-19 09:20:00,395.44,395.44,394.84,394.84,4774
2026-05-19 09:21:00,395.2,395.2,394.8,395.05,507
2026-05-19 09:22:00,395.07,395.2,395.0,395.08,810
2026-05-19 09:23:00,395.17,395.42,395.15,395.26,846
2026-05-19 09:24:00,395.26,395.32,395.16,395.17,748
2026-05-19 09:25:00,395.12,395.12,394.0,394.12,4871
2026-05-19 09:26:00,394.12,394.25,394.0,394.0,4662
2026-05-19 09:27:00,393.93,393.93,393.14,393.29,5831
2026-05-19 09:28:00,393.18,393.44,392.83,393.0,5593
2026-05-19 09:29:00,393.04,393.24,393.04,393.1,1527
2026-05-19 09:30:00,393.32,393.3627,390.36,391.01,374231
2026-05-19 09:31:00,390.985,391.51,389.3,389.3899,94107
2026-05-19 09:32:00,389.335,389.59,388.88,389.285,85969
2026-05-19 09:33:00,389.31,390.0984,389.06,389.89,59197
2026-05-19 09:34:00,389.965,390.18,388.88,388.95,52569
2026-05-19 09:35:00,388.93,389.11,387.7101,387.975,90572
2026-05-19 09:36:00,387.99,388.92,387.9329,388.9,40397
2026-05-19 09:37:00,388.98,389.32,388.65,388.83,36882
2026-05-19 09:38:00,388.81,389.42,388.54,388.54,58576
2026-05-19 09:39:00,388.62,388.78,388.01,388.28,49704
2026-05-19 09:40:00,388.29,389.04,388.11,388.82,60668
2026-05-19 09:41:00,388.84,388.84,387.65,388.34,67446
2026-05-19 09:42:00,388.295,388.3,386.92,387.0,65112
2026-05-19 09:43:00,386.96,387.36,386.36,386.7,53762
2026-05-19 09:44:00,386.68,386.93,386.0,386.0,56394
2026-05-19 09:45:00,386.02,386.32,385.2425,385.245,82966
2026-05-19 09:46:00,385.29,385.34,384.65,384.8798,96393
2026-05-19 09:47:00,384.88,386.81,384.8,386.48,49544
2026-05-19 09:48:00,386.52,386.92,386.35,386.56,51667
2026-05-19 09:49:00,386.52,386.88,385.26,385.27,58690
2026-05-19 09:50:00,385.29,385.56,384.67,384.975,70566
2026-05-19 09:51:00,385.03,385.1,384.3,384.47,51463
2026-05-19 09:52:00,384.47,384.88,384.05,384.665,65296
2026-05-19 09:53:00,384.64,385.25,384.2401,385.045,58818
2026-05-19 09:54:00,385.09,386.1,385.0,385.9,76348
2026-05-19 09:55:00,385.85,386.35,385.8008,386.0,47121
2026-05-19 09:56:00,386.11,386.22,385.1801,385.325,37849
2026-05-19 09:57:00,385.37,386.46,385.34,386.25,52490
2026-05-19 09:58:00,386.275,387.12,385.85,387.055,80475
2026-05-19 09:59:00,387.055,387.5,387.0,387.25,62778
2026-05-19 10:00:00,387.19,387.9799,387.02,387.94,91413
2026-05-19 10:01:00,387.98,388.24,387.69,387.865,42311
2026-05-19 10:02:00,387.855,388.13,387.18,387.19,100045
2026-05-19 10:03:00,387.19,387.5899,387.06,387.3201,28406
2026-05-19 10:04:00,387.41,388.08,386.94,388.08,43471
2026-05-19 10:05:00,388.025,388.2,387.29,387.335,32087
2026-05-19 10:06:00,387.32,388.23,386.83,388.23,155201
2026-05-19 10:07:00,388.25,388.48,387.32,387.5743,57966
2026-05-19 10:08:00,387.61,388.22,387.54,387.865,36834
2026-05-19 10:09:00,387.885,389.205,387.76,389.19,60426
2026-05-19 10:10:00,389.23,389.54,388.775,389.44,86447
2026-05-19 10:11:00,389.52,389.83,389.0203,389.37,41047
2026-05-19 10:12:00,389.38,389.755,388.8113,389.725,29687
2026-05-19 10:13:00,389.66,389.9,389.1,389.105,21137
2026-05-19 10:14:00,389.13,389.135,387.95,387.95,41612
2026-05-19 10:15:00,387.85,387.85,386.985,387.34,46626
2026-05-19 10:16:00,387.39,387.48,386.52,386.64,27477
2026-05-19 10:17:00,386.685,386.95,386.47,386.51,50450
2026-05-19 10:18:00,386.49,387.38,386.4,386.77,28506
2026-05-19 10:19:00,386.8934,386.925,386.1,386.56,38964
2026-05-19 10:20:00,386.54,387.02,386.0,386.025,57990
2026-05-19 10:21:00,386.08,386.08,384.94,384.955,72284
2026-05-19 10:22:00,385.02,385.06,384.5,385.0,73948
2026-05-19 10:23:00,384.935,385.58,384.935,385.48,33817
2026-05-19 10:24:00,385.49,385.86,385.25,385.81,36114
2026-05-19 10:25:00,385.89,385.945,385.085,385.33,23504
2026-05-19 10:26:00,385.335,385.96,385.32,385.8,31470
2026-05-19 10:27:00,385.84,386.4357,385.815,386.3825,42576
2026-05-19 10:28:00,386.325,386.5,385.85,386.0251,64405
2026-05-19 10:29:00,386.07,386.88,386.01,386.585,57341
2026-05-19 10:30:00,386.63,386.98,386.14,386.74,51246
2026-05-19 10:31:00,386.79,387.51,386.71,387.12,48408
2026-05-19 10:32:00,387.06,387.23,386.77,387.03,43367
2026-05-19 10:33:00,387.04,387.33,386.92,387.33,29360
2026-05-19 10:34:00,387.26,387.27,386.66,386.93,34637
2026-05-19 10:35:00,386.95,387.43,386.94,387.43,26210
2026-05-19 10:36:00,387.3908,387.73,387.3082,387.48,32874
2026-05-19 10:37:00,387.45,387.6,387.19,387.505,30215
2026-05-19 10:38:00,387.51,387.51,386.9,387.22,32409
2026-05-19 10:39:00,387.26,387.41,387.015,387.17,22354
2026-05-19 10:40:00,387.13,387.8,386.78,387.75,24891
2026-05-19 10:41:00,387.73,387.84,387.52,387.74,32903
2026-05-19 10:42:00,387.77,388.05,387.115,387.46,30376
2026-05-19 10:43:00,387.5,387.63,386.51,386.53,37769
2026-05-19 10:44:00,386.5,386.52,385.9,386.1599,28961
2026-05-19 10:45:00,386.07,386.28,385.375,385.44,19056
2026-05-19 10:46:00,385.43,385.838,385.31,385.44,33912
2026-05-19 10:47:00,385.355,385.355,384.9,384.915,52394
2026-05-19 10:48:00,384.93,385.32,384.7,385.165,33616
2026-05-19 10:49:00,385.165,385.45,385.0,385.28,23874
2026-05-19 10:50:00,385.29,385.38,384.88,385.18,24695
2026-05-19 10:51:00,385.18,385.39,384.98,385.28,31076
2026-05-19 10:52:00,385.28,385.71,385.24,385.41,33511
2026-05-19 10:53:00,385.5,386.18,385.5,385.975,17386
2026-05-19 10:54:00,386.01,386.04,385.64,385.725,14300
2026-05-19 10:55:00,385.64,386.06,385.39,385.54,20032
2026-05-19 10:56:00,385.46,385.54,385.24,385.47,25897
2026-05-19 10:57:00,385.49,386.12,385.49,386.02,24113
2026-05-19 10:58:00,386.005,386.2,385.8,385.87,16087
2026-05-19 10:59:00,385.84,386.11,385.6001,386.05,17785
2026-05-19 11:00:00,386.04,386.18,385.91,386.0307,30428
2026-05-19 11:01:00,386.05,386.5,385.865,385.865,41294
2026-05-19 11:02:00,385.895,386.31,385.7,386.05,21064
2026-05-19 11:03:00,386.0501,386.24,385.8,385.91,12437
2026-05-19 11:04:00,385.89,386.17,385.79,385.885,22004
2026-05-19 11:05:00,385.9,385.9499,385.0,385.1164,21709
2026-05-19 11:06:00,385.08,385.81,385.04,385.81,24240
2026-05-19 11:07:00,385.7714,385.96,385.5,385.58,20163
2026-05-19 11:08:00,385.59,386.0,385.48,385.76,56713
2026-05-19 11:09:00,385.63,386.01,385.63,385.98,14537
2026-05-19 11:10:00,386.0,386.18,385.82,386.01,21062
2026-05-19 11:11:00,386.0,386.37,385.93,386.08,17226
2026-05-19 11:12:00,386.06,386.13,385.5001,385.545,18231
2026-05-19 11:13:00,385.59,385.73,385.45,385.5201,15605
2026-05-19 11:14:00,385.57,385.68,385.32,385.66,19303
2026-05-19 11:15:00,385.67,385.815,385.45,385.46,14025
2026-05-19 11:16:00,385.5,385.76,385.37,385.49,12025
2026-05-19 11:17:00,385.5,385.69,385.46,385.55,17468
2026-05-19 11:18:00,385.545,385.8,385.21,385.32,13905
2026-05-19 11:19:00,385.26,385.46,384.81,384.81,44124
2026-05-19 11:20:00,384.8399,384.99,384.62,384.73,29784
2026-05-19 11:21:00,384.78,385.205,384.78,384.98,21654
2026-05-19 11:22:00,384.98,385.21,384.8,384.83,21389
2026-05-19 11:23:00,384.82,384.92,384.5,384.5789,40489
2026-05-19 11:24:00,384.51,384.66,383.97,384.051,83298
2026-05-19 11:25:00,384.0275,384.12,383.7205,384.065,43034
2026-05-19 11:26:00,384.07,384.3,383.8001,383.84,25067
2026-05-19 11:27:00,383.8,383.99,383.5,383.97,38540
2026-05-19 11:28:00,383.93,384.02,383.45,383.52,21698
2026-05-19 11:29:00,383.535,383.965,383.5,383.91,17301
2026-05-19 11:30:00,383.84,384.2856,383.75,384.265,21083
2026-05-19 11:31:00,384.25,384.77,384.25,384.64,37620
2026-05-19 11:32:00,384.62,384.73,384.44,384.6264,16201
2026-05-19 11:33:00,384.64,385.06,384.4201,384.82,129423
2026-05-19 11:34:00,384.89,385.27,384.85,385.04,22876
2026-05-19 11:35:00,385.03,385.09,384.58,384.73,17359
2026-05-19 11:36:00,384.655,385.08,384.65,384.99,18306
2026-05-19 11:37:00,384.94,385.06,384.58,385.05,24293
2026-05-19 11:38:00,385.09,385.09,384.87,384.94,12865
2026-05-19 11:39:00,384.99,384.995,384.26,384.5904,24202
2026-05-19 11:40:00,384.5,384.52,384.03,384.305,14510
2026-05-19 11:41:00,384.32,384.32,383.92,384.22,25336
2026-05-19 11:42:00,384.23,384.69,384.14,384.405,26932
2026-05-19 11:43:00,384.395,384.395,383.92,384.33,24534
2026-05-19 11:44:00,384.33,384.77,384.28,384.735,24617
2026-05-19 11:45:00,384.7275,384.735,384.25,384.25,14856
2026-05-19 11:46:00,384.24,384.45,384.06,384.0815,30160
2026-05-19 11:47:00,384.1189,384.14,383.91,383.97,25695
2026-05-19 11:48:00,383.97,384.33,383.95,384.325,20837
2026-05-19 11:49:00,384.32,384.45,384.15,384.405,36532
2026-05-19 11:50:00,384.4399,384.47,383.75,384.18,42072
2026-05-19 11:51:00,384.18,384.2912,383.77,383.93,31498
2026-05-19 11:52:00,383.96,384.3,383.895,384.15,25877
2026-05-19 11:53:00,384.12,384.272,383.86,383.93,15602
2026-05-19 11:54:00,383.9155,384.1299,383.8016,384.09,15985
2026-05-19 11:55:00,384.055,384.06,383.55,383.66,32492
2026-05-19 11:56:00,383.655,383.9,383.53,383.865,23098
2026-05-19 11:57:00,383.9,383.99,383.65,383.8,18410
2026-05-19 11:58:00,383.79,383.86,383.4,383.53,22277
2026-05-19 11:59:00,383.535,383.87,383.4101,383.86,26290
2026-05-19 12:00:00,383.88,384.12,383.75,383.99,22845
2026-05-19 12:01:00,384.01,384.21,383.9,384.03,20405
2026-05-19 12:02:00,384.0,384.24,384.0,384.205,15841
2026-05-19 12:03:00,384.16,384.6,384.0501,384.45,25561
2026-05-19 12:04:00,384.425,384.765,384.28,384.765,24002
2026-05-19 12:05:00,384.765,385.0645,384.73,384.9,20780
2026-05-19 12:06:00,384.885,385.03,384.503,384.66,26665
2026-05-19 12:07:00,384.69,385.0799,384.6301,384.98,10422
2026-05-19 12:08:00,384.985,384.985,384.37,384.37,14060
2026-05-19 12:09:00,384.45,384.62,384.05,384.095,19869
2026-05-19 12:10:00,384.07,384.16,383.83,384.16,23731
2026-05-19 12:11:00,384.18,384.26,383.44,383.4985,24960
2026-05-19 12:12:00,383.47,383.51,383.13,383.375,36974
2026-05-19 12:13:00,383.37,383.46,383.18,383.25,15314
2026-05-19 12:14:00,383.27,383.29,383.0,383.18,44700
2026-05-19 12:15:00,383.19,383.79,383.18,383.63,29489
2026-05-19 12:16:00,383.64,383.7261,383.31,383.39,20767
2026-05-19 12:17:00,383.405,383.93,383.16,383.885,19355
2026-05-19 12:18:00,383.885,384.3299,383.84,384.3299,26562
2026-05-19 12:19:00,384.33,384.57,384.32,384.4,39530
2026-05-19 12:20:00,384.39,384.7,384.26,384.7,22853
2026-05-19 12:21:00,384.7,384.7576,384.5,384.595,14637
2026-05-19 12:22:00,384.56,384.65,384.4,384.51,20480
2026-05-19 12:23:00,384.55,384.82,384.48,384.7,17649
2026-05-19 12:24:00,384.705,384.77,384.6,384.62,20744
2026-05-19 12:25:00,384.6,384.97,384.6,384.9,22558
2026-05-19 12:26:00,384.82,385.11,384.8,384.84,28115
2026-05-19 12:27:00,384.84,385.01,384.72,384.93,21257
2026-05-19 12:28:00,384.96,385.13,384.79,384.84,19795
2026-05-19 12:29:00,384.87,385.03,384.81,384.81,14087
2026-05-19 12:30:00,384.837,385.18,384.62,385.04,32416
2026-05-19 12:31:00,385.06,385.21,384.9501,385.1299,16273
2026-05-19 12:32:00,385.115,385.46,385.03,385.05,15108
2026-05-19 12:33:00,385.15,385.22,384.71,384.895,20322
2026-05-19 12:34:00,384.92,385.1,384.785,385.09,10367
2026-05-19 12:35:00,385.09,385.1,384.88,384.935,13696
2026-05-19 12:36:00,384.95,385.01,384.66,384.75,18087
2026-05-19 12:37:00,384.8,384.81,384.38,384.43,26845
2026-05-19 12:38:00,384.4,384.96,384.37,384.94,14064
2026-05-19 12:39:00,384.95,385.09,384.75,384.91,19218
2026-05-19 12:40:00,384.97,385.0,384.5,384.5185,13992
2026-05-19 12:41:00,384.57,384.93,384.57,384.67,12634
2026-05-19 12:42:00,384.7,384.75,384.45,384.55,9300
2026-05-19 12:43:00,384.51,384.59,384.375,384.5148,15811
2026-05-19 12:44:00,384.5,384.665,384.41,384.64,10703
2026-05-19 12:45:00,384.655,384.72,384.53,384.55,11963
2026-05-19 12:46:00,384.57,384.61,384.345,384.54,26895
2026-05-19 12:47:00,384.54,384.97,384.46,384.935,33576
2026-05-19 12:48:00,384.935,384.9499,384.635,384.75,17356
2026-05-19 12:49:00,384.75,384.8499,384.2013,384.3086,31613
2026-05-19 12:50:00,384.31,384.67,384.11,384.658,16854
2026-05-19 12:51:00,384.67,385.2495,384.67,385.075,17185
2026-05-19 12:52:00,385.09,385.79,385.05,385.76,32512
2026-05-19 12:53:00,385.76,386.42,385.755,386.385,28463
2026-05-19 12:54:00,386.39,386.5,386.3,386.469,23746
2026-05-19 12:55:00,386.43,386.82,386.4,386.64,30172
2026-05-19 12:56:00,386.6,386.8,386.47,386.735,29837
2026-05-19 12:57:00,386.7695,386.93,386.56,386.65,23564
2026-05-19 12:58:00,386.605,386.761,386.59,386.6351,19216
2026-05-19 12:59:00,386.635,386.96,386.45,386.7,21862
2026-05-19 13:00:00,386.77,386.831,386.5121,386.6,13789
2026-05-19 13:01:00,386.54,386.95,386.45,386.9,18172
2026-05-19 13:02:00,386.88,387.15,386.77,387.02,22754
2026-05-19 13:03:00,387.025,387.8199,387.01,387.75,33548
2026-05-19 13:04:00,387.77,388.03,387.72,387.9,36342
2026-05-19 13:05:00,387.93,388.48,387.9,388.275,25173
2026-05-19 13:06:00,388.31,388.9,388.11,388.5701,34227
2026-05-19 13:07:00,388.57,388.78,388.23,388.41,28989
2026-05-19 13:08:00,388.371,388.44,388.19,388.275,20567
2026-05-19 13:09:00,388.29,388.3599,388.14,388.24,13954
2026-05-19 13:10:00,388.23,388.36,388.11,388.295,17939
2026-05-19 13:11:00,388.27,388.44,388.03,388.18,96592
2026-05-19 13:12:00,388.1801,388.45,388.065,388.34,24490
2026-05-19 13:13:00,388.355,388.45,388.2,388.44,10528
2026-05-19 13:14:00,388.445,388.5,387.821,388.05,29361
2026-05-19 13:15:00,388.07,388.32,388.0,388.1,14395
2026-05-19 13:16:00,388.13,388.53,388.0,388.405,36538
2026-05-19 13:17:00,388.405,389.4499,388.23,388.88,57268
2026-05-19 13:18:00,388.831,389.0,388.64,388.755,26538
2026-05-19 13:19:00,388.8299,389.059,388.61,389.059,48100
2026-05-19 13:20:00,389.06,389.77,389.06,389.7,45059
2026-05-19 13:21:00,389.67,390.19,389.56,389.87,53725
2026-05-19 13:22:00,389.81,389.81,389.26,389.42,30996
2026-05-19 13:23:00,389.4199,389.6299,388.985,389.4804,80057
2026-05-19 13:24:00,389.4,390.39,389.4,389.73,35934
2026-05-19 13:25:00,389.71,390.2,389.0,389.115,89847
2026-05-19 13:26:00,389.055,389.11,387.81,387.9,31914
2026-05-19 13:27:00,387.82,388.55,387.6784,388.01,57629
2026-05-19 13:28:00,388.01,388.16,387.39,387.44,14141
2026-05-19 13:29:00,387.475,388.3,387.4322,388.24,17192
2026-05-19 13:30:00,388.18,388.66,388.1,388.37,15646
2026-05-19 13:31:00,388.38,388.4399,387.63,387.72,18718
2026-05-19 13:32:00,387.63,387.83,387.36,387.61,19371
2026-05-19 13:33:00,387.57,387.64,387.32,387.34,20478
2026-05-19 13:34:00,387.2901,387.335,386.8,386.88,20398
2026-05-19 13:35:00,386.94,387.14,386.68,387.01,15765
2026-05-19 13:36:00,386.96,387.5,386.7201,386.87,26642
2026-05-19 13:37:00,386.83,386.9299,386.6101,386.735,21281
2026-05-19 13:38:00,386.825,387.07,386.65,386.68,23878
2026-05-19 13:39:00,386.7,386.88,386.5,386.8,18293
2026-05-19 13:40:00,386.81,387.0,386.51,386.81,16835
2026-05-19 13:41:00,386.73,386.91,386.53,386.79,11814
2026-05-19 13:42:00,386.82,386.82,386.5601,386.805,8744
2026-05-19 13:43:00,386.82,386.86,386.32,386.4001,19255
2026-05-19 13:44:00,386.445,386.82,386.445,386.59,12284
2026-05-19 13:45:00,386.63,386.8,386.48,386.555,15082
2026-05-19 13:46:00,386.54,386.7,386.3,386.46,26139
2026-05-19 13:47:00,386.46,386.59,386.23,386.33,25653
2026-05-19 13:48:00,386.3301,386.65,386.3301,386.395,17565
2026-05-19 13:49:00,386.32,386.58,386.2701,386.46,15515
2026-05-19 13:50:00,386.52,386.52,386.26,386.4753,12569
2026-05-19 13:51:00,386.39,386.6,386.34,386.44,19647
2026-05-19 13:52:00,386.495,386.65,386.36,386.49,12831
2026-05-19 13:53:00,386.59,386.78,386.46,386.6499,18153
2026-05-19 13:54:00,386.6,386.9,386.41,386.89,13130
2026-05-19 13:55:00,386.92,387.6,386.89,387.23,41554
2026-05-19 13:56:00,387.3,387.97,387.17,387.46,47691
2026-05-19 13:57:00,387.56,388.07,387.475,387.7,24858
2026-05-19 13:58:00,387.665,388.16,387.58,388.135,26617
2026-05-19 13:59:00,388.135,388.29,387.73,388.095,30278
2026-05-19 14:00:00,388.14,388.28,387.98,388.0,17422
2026-05-19 14:01:00,387.99,388.08,387.74,387.87,9608
2026-05-19 14:02:00,387.92,388.25,387.655,388.185,15738
2026-05-19 14:03:00,388.13,388.29,388.06,388.113,21329
2026-05-19 14:04:00,388.17,388.32,388.01,388.13,18449
2026-05-19 14:05:00,388.155,388.22,387.92,387.96,13230
2026-05-19 14:06:00,387.965,388.2,387.95,388.0,14474
2026-05-19 14:07:00,388.05,388.13,387.9,388.06,9246
2026-05-19 14:08:00,388.015,388.1,387.55,387.66,22279
2026-05-19 14:09:00,387.66,387.75,387.5,387.59,22121
2026-05-19 14:10:00,387.56,387.73,387.42,387.62,11828
2026-05-19 14:11:00,387.6,387.935,387.53,387.79,16620
2026-05-19 14:12:00,387.85,387.91,387.53,387.57,13966
2026-05-19 14:13:00,387.635,387.687,387.36,387.405,13436
2026-05-19 14:14:00,387.4,387.65,387.38,387.525,12332
2026-05-19 14:15:00,387.525,387.785,387.15,387.16,12326
2026-05-19 14:16:00,387.14,387.187,386.91,387.09,21035
2026-05-19 14:17:00,387.04,387.065,386.7701,386.88,15743
2026-05-19 14:18:00,386.79,386.79,386.565,386.57,20626
2026-05-19 14:19:00,386.61,386.69,386.5,386.615,6888
2026-05-19 14:20:00,386.66,386.79,386.55,386.7401,16675
2026-05-19 14:21:00,386.75,386.97,386.73,386.97,22865
2026-05-19 14:22:00,386.96,387.15,386.7,387.04,37113
2026-05-19 14:23:00,387.03,387.22,386.98,387.09,15340
2026-05-19 14:24:00,387.05,387.09,386.85,386.8501,10660
2026-05-19 14:25:00,386.895,387.15,386.7139,387.13,11273
2026-05-19 14:26:00,387.135,387.35,387.037,387.16,15241
2026-05-19 14:27:00,387.125,387.125,386.68,386.7,12905
2026-05-19 14:28:00,386.69,386.75,386.4601,386.6,14154
2026-05-19 14:29:00,386.57,386.72,386.57,386.63,11074
2026-05-19 14:30:00,386.6,386.63,386.39,386.59,10101
2026-05-19 14:31:00,386.58,386.61,386.4,386.49,15307
2026-05-19 14:32:00,386.52,386.62,386.42,386.58,14349
2026-05-19 14:33:00,386.5,386.63,386.42,386.58,8061
2026-05-19 14:34:00,386.55,386.76,386.5,386.7077,18598
2026-05-19 14:35:00,386.7177,386.82,386.5,386.82,9454
2026-05-19 14:36:00,386.81,386.86,386.6,386.645,6788
2026-05-19 14:37:00,386.6296,386.6999,386.5,386.5566,9913
2026-05-19 14:38:00,386.58,386.73,386.4,386.505,11570
2026-05-19 14:39:00,386.505,386.5051,386.31,386.43,10690
2026-05-19 14:40:00,386.43,386.53,386.3401,386.43,8466
2026-05-19 14:41:00,386.485,386.49,386.2486,386.49,9482
2026-05-19 14:42:00,386.5,386.5799,386.19,386.19,7211
2026-05-19 14:43:00,386.25,386.44,386.25,386.345,7568
2026-05-19 14:44:00,386.36,386.45,386.27,386.27,5112
2026-05-19 14:45:00,386.244,386.31,386.0,386.19,26374
2026-05-19 14:46:00,386.17,386.37,386.03,386.21,12663
2026-05-19 14:47:00,386.21,386.37,386.18,386.29,5924
2026-05-19 14:48:00,386.295,386.295,385.69,386.037,17728
2026-05-19 14:49:00,386.05,386.35,385.97,386.31,12416
2026-05-19 14:50:00,386.3,386.31,386.07,386.15,8940
2026-05-19 14:51:00,386.16,386.2,385.56,385.755,18557
2026-05-19 14:52:00,385.72,385.79,385.56,385.67,15219
2026-05-19 14:53:00,385.69,385.73,385.21,385.4,37925
2026-05-19 14:54:00,385.41,385.46,385.2327,385.31,10683
2026-05-19 14:55:00,385.26,385.41,385.02,385.16,24974
2026-05-19 14:56:00,385.2792,385.34,385.12,385.235,13619
2026-05-19 14:57:00,385.235,385.34,385.12,385.29,13237
2026-05-19 14:58:00,385.29,385.61,385.22,385.35,13816
2026-05-19 14:59:00,385.34,385.7,385.22,385.66,14293
2026-05-19 15:00:00,385.61,385.82,385.51,385.79,12854
2026-05-19 15:01:00,385.76,385.76,385.33,385.39,13196
2026-05-19 15:02:00,385.3807,385.3807,385.11,385.235,16079
2026-05-19 15:03:00,385.235,385.6799,385.2245,385.6799,20762
2026-05-19 15:04:00,385.68,385.8,385.5075,385.51,12929
2026-05-19 15:05:00,385.5689,385.6499,385.43,385.56,10853
2026-05-19 15:06:00,385.55,385.56,385.2801,385.3585,6913
2026-05-19 15:07:00,385.34,385.375,385.2,385.295,10711
2026-05-19 15:08:00,385.295,385.67,385.19,385.6401,12440
2026-05-19 15:09:00,385.66,385.94,385.64,385.765,17195
2026-05-19 15:10:00,385.775,386.09,385.64,385.96,22102
2026-05-19 15:11:00,386.05,386.05,385.53,385.64,20603
2026-05-19 15:12:00,385.68,385.75,385.58,385.6701,8493
2026-05-19 15:13:00,385.705,385.86,385.41,385.66,29032
2026-05-19 15:14:00,385.655,386.22,385.64,386.18,15803
2026-05-19 15:15:00,386.19,386.35,386.13,386.27,15617
2026-05-19 15:16:00,386.25,386.3299,386.01,386.245,14863
2026-05-19 15:17:00,386.2,386.4,386.11,386.3,16111
2026-05-19 15:18:00,386.33,386.6299,386.28,386.53,47478
2026-05-19 15:19:00,386.58,386.75,386.52,386.57,16610
2026-05-19 15:20:00,386.56,386.67,386.34,386.52,29281
2026-05-19 15:21:00,386.54,386.61,386.38,386.53,38514
2026-05-19 15:22:00,386.53,386.59,386.28,386.31,20609
2026-05-19 15:23:00,386.255,386.51,385.71,385.71,36673
2026-05-19 15:24:00,385.65,385.76,385.57,385.62,13120
2026-05-19 15:25:00,385.57,385.68,385.34,385.62,14344
2026-05-19 15:26:00,385.69,385.95,385.61,385.93,14749
2026-05-19 15:27:00,385.96,386.13,385.87,386.105,12634
2026-05-19 15:28:00,386.12,386.3899,386.12,386.2845,10699
2026-05-19 15:29:00,386.27,386.275,385.82,386.25,35745
2026-05-19 15:30:00,386.26,386.31,385.82,385.925,16309
2026-05-19 15:31:00,385.925,386.13,385.88,386.1089,14487
2026-05-19 15:32:00,386.15,386.25,386.035,386.14,13891
2026-05-19 15:33:00,386.15,386.17,385.73,385.75,19349
2026-05-19 15:34:00,385.731,385.87,385.73,385.775,11014
2026-05-19 15:35:00,385.805,385.84,385.71,385.76,10214
2026-05-19 15:36:00,385.73,385.83,385.58,385.58,19134
2026-05-19 15:37:00,385.61,385.7801,385.52,385.76,18138
2026-05-19 15:38:00,385.77,385.79,385.56,385.78,9194
2026-05-19 15:39:00,385.768,385.86,385.69,385.74,12471
2026-05-19 15:40:00,385.71,385.7799,385.51,385.72,17952
2026-05-19 15:41:00,385.73,385.82,385.57,385.765,17460
2026-05-19 15:42:00,385.74,385.74,385.36,385.57,17867
2026-05-19 15:43:00,385.55,385.555,385.3,385.37,11767
2026-05-19 15:44:00,385.4,385.43,385.2,385.275,14585
2026-05-19 15:45:00,385.275,385.375,385.02,385.1,25655
2026-05-19 15:46:00,385.1,385.18,385.0,385.053,28783
2026-05-19 15:47:00,385.11,385.28,385.06,385.12,16409
2026-05-19 15:48:00,385.13,385.22,385.01,385.04,26543
2026-05-19 15:49:00,385.05,385.18,384.97,385.05,45212
2026-05-19 15:50:00,385.03,385.27,384.77,385.16,64013
2026-05-19 15:51:00,385.11,385.29,384.7,384.745,57783
2026-05-19 15:52:00,384.77,385.03,384.73,384.97,59197
2026-05-19 15:53:00,384.94,385.11,384.86,384.985,49730
2026-05-19 15:54:00,384.97,384.98,384.33,384.75,117121
2026-05-19 15:55:00,384.715,384.715,383.84,384.3,206083
2026-05-19 15:56:00,384.32,384.425,383.99,384.21,162543
2026-05-19 15:57:00,384.21,384.63,384.14,384.37,182229
2026-05-19 15:58:00,384.37,384.72,384.3,384.72,196450
2026-05-19 15:59:00,384.7,385.04,384.58,384.94,554628
2026-05-19 16:00:00,384.97,385.17,384.74,384.87,2512599
2026-05-19 16:01:00,384.87,384.87,384.69,384.69,1402
2026-05-19 16:02:00,384.7,384.7,384.37,384.5,653
2026-05-19 16:03:00,384.76,384.7798,384.56,384.7798,780
2026-05-19 16:04:00,384.69,384.72,384.563,384.563,550
2026-05-19 16:05:00,384.5,384.6,384.5,384.6,191
2026-05-19 16:06:00,384.59,384.59,384.59,384.59,92
2026-05-19 16:07:00,384.8,384.88,384.72,384.86,1073
2026-05-19 16:08:00,385.07,385.07,384.81,384.81,572
2026-05-19 16:09:00,384.85,384.94,384.85,384.94,936
2026-05-19 16:10:00,384.9,384.9,384.8,384.87,1279
2026-05-19 16:11:00,384.89,385.01,384.89,385.0,394
2026-05-19 16:12:00,385.01,385.01,385.0,385.0,200
2026-05-19 16:13:00,384.87,384.88,384.87,384.88,150
2026-05-19 16:15:00,385.0,385.04,385.0,385.04,200
2026-05-19 16:16:00,385.04,385.04,384.88,384.88,984
2026-05-19 16:17:00,384.86,384.86,384.84,384.84,150
2026-05-19 16:18:00,385.0,385.0,384.8608,384.8608,550
2026-05-19 16:19:00,384.9646,384.98,384.91,384.98,256
2026-05-19 16:20:00,384.8956,385.0,384.88,384.88,2203
2026-05-19 16:21:00,384.8615,384.8615,384.8615,384.8615,50
2026-05-19 16:22:00,384.87,384.87,384.73,384.73,551
2026-05-19 16:23:00,384.86,384.86,384.8288,384.8288,625
2026-05-19 16:24:00,384.78,384.79,384.73,384.73,381
2026-05-19 16:25:00,384.8,384.9,384.72,384.9,458
2026-05-19 16:26:00,384.7347,384.85,384.7347,384.85,2950
2026-05-19 16:27:00,384.71,384.71,384.71,384.71,83
2026-05-19 16:28:00,384.6,384.6,384.6,384.6,52
2026-05-19 16:29:00,384.6,384.6001,384.6,384.6001,110
2026-05-19 16:30:00,384.58,384.58,384.58,384.58,53
2026-05-19 16:31:00,384.5,384.5,384.4,384.4,436
2026-05-19 16:32:00,384.4278,384.5,384.4152,384.45,610
2026-05-19 16:33:00,384.45,384.6,384.43,384.43,2020
2026-05-19 16:35:00,384.4,384.4748,384.3792,384.4,1637
2026-05-19 16:36:00,384.75,384.76,384.75,384.75,2172
2026-05-19 16:37:00,384.75,384.81,384.62,384.65,1188
2026-05-19 16:38:00,384.7475,384.76,384.65,384.76,130
2026-05-19 16:39:00,384.65,384.81,384.65,384.71,1391
2026-05-19 16:40:00,384.74,384.74,384.71,384.71,158
2026-05-19 16:41:00,384.71,384.71,384.38,384.68,2060
2026-05-19 16:42:00,384.47,384.47,384.47,384.47,40
2026-05-19 16:44:00,384.58,384.61,384.57,384.61,881
2026-05-19 16:45:00,384.6,384.6,384.6,384.6,50
2026-05-19 16:46:00,384.6,384.6,384.54,384.54,1611
2026-05-19 16:47:00,384.54,384.54,384.54,384.54,117
2026-05-19 16:48:00,384.6,384.6,384.59,384.6,344
2026-05-19 16:49:00,384.68,384.68,384.6,384.67,289
2026-05-19 16:51:00,384.62,384.62,384.62,384.62,596
2026-05-19 16:52:00,384.63,384.68,384.62,384.68,2216
2026-05-19 16:53:00,384.76,384.76,384.76,384.76,100
2026-05-19 16:54:00,384.6754,384.6754,384.6754,384.6754,100
2026-05-19 16:55:00,384.6969,384.7736,384.6969,384.75,533
2026-05-19 16:56:00,384.71,384.71,384.49,384.49,540
2026-05-19 16:57:00,384.48,384.48,384.48,384.48,100
2026-05-19 16:58:00,384.6414,384.6414,384.6414,384.6414,50
2026-05-19 16:59:00,384.66,384.66,384.66,384.66,100
2026-05-19 17:00:00,384.7527,384.81,384.75,384.75,216
2026-05-19 17:01:00,384.79,384.8,384.79,384.8,137
2026-05-19 17:02:00,384.6708,384.6708,384.6708,384.6708,50
2026-05-19 17:03:00,384.8099,384.8099,384.8099,384.8099,50
2026-05-19 17:04:00,384.77,384.78,384.77,384.77,120
2026-05-19 17:05:00,384.77,384.77,384.77,384.77,40
2026-05-19 17:06:00,384.81,384.81,384.81,384.81,40
2026-05-19 17:07:00,384.81,384.81,384.81,384.81,1000
2026-05-19 17:10:00,384.725,384.7668,384.725,384.7668,600
2026-05-19 17:12:00,384.77,384.77,384.77,384.77,50
2026-05-19 17:13:00,384.8,384.81,384.8,384.8,354
2026-05-19 17:15:00,384.825,384.85,384.825,384.85,100
2026-05-19 17:16:00,384.8499,384.8499,384.8499,384.8499,255
2026-05-19 17:18:00,384.92,384.92,384.85,384.85,130
2026-05-19 17:23:00,384.65,384.7,384.65,384.7,461
2026-05-19 17:24:00,384.79,384.79,384.7653,384.79,2010
2026-05-19 17:25:00,384.75,384.82,384.75,384.75,516
2026-05-19 17:27:00,384.6,384.62,384.6,384.6,2823
2026-05-19 17:28:00,384.5,384.7098,384.5,384.7098,807
2026-05-19 17:29:00,384.5,384.6,384.5,384.5,1026
2026-05-19 17:30:00,384.5014,384.5014,384.5,384.5,144
2026-05-19 17:32:00,384.4999,384.5,384.45,384.45,230
2026-05-19 17:33:00,384.2825,384.7,384.2825,384.47,1514
2026-05-19 17:34:00,384.5,384.5,384.2883,384.2883,213
2026-05-19 17:35:00,384.33,384.33,384.33,384.33,43
2026-05-19 17:36:00,384.33,384.3319,384.32,384.33,487
2026-05-19 17:37:00,384.23,384.26,384.23,384.26,1689
2026-05-19 17:38:00,384.26,384.26,384.25,384.25,104
2026-05-19 17:39:00,384.39,384.3901,384.39,384.39,656
2026-05-19 17:40:00,384.4,384.4,384.4,384.4,50
2026-05-19 17:41:00,384.4,384.4,384.4,384.4,100
2026-05-19 17:42:00,384.4915,384.4915,384.4915,384.4915,80
2026-05-19 17:45:00,384.4,384.4,384.4,384.4,547
2026-05-19 17:46:00,384.31,384.31,384.31,384.31,66
2026-05-19 17:47:00,384.4788,384.4788,384.4788,384.4788,200
2026-05-19 17:49:00,384.308,384.308,384.308,384.308,40
2026-05-19 17:51:00,384.38,384.4,384.35,384.4,523
2026-05-19 17:52:00,384.35,384.35,384.35,384.35,156
2026-05-19 17:53:00,384.35,384.35,384.35,384.35,100
2026-05-19 17:54:00,384.33,384.33,384.33,384.33,40
2026-05-19 17:55:00,384.35,384.35,384.35,384.35,558
2026-05-19 17:58:00,384.39,384.39,384.38,384.38,240
2026-05-19 17:59:00,384.36,384.36,384.36,384.36,56
2026-05-19 18:00:00,384.4934,384.4934,384.4934,384.4934,200
2026-05-19 18:02:00,384.39,384.4,384.3,384.4,242
2026-05-19 18:03:00,384.36,384.36,384.3,384.3,104
2026-05-19 18:05:00,384.5,384.5,384.5,384.5,144
2026-05-19 18:06:00,384.4993,384.4993,384.4993,384.4993,40
2026-05-19 18:08:00,384.5,384.7,384.5,384.7,1541
2026-05-19 18:11:00,384.7088,384.7088,384.7088,384.7088,199
2026-05-19 18:12:00,384.6,384.6,384.6,384.6,628
2026-05-19 18:13:00,384.5,384.5,384.5,384.5,52
2026-05-19 18:14:00,384.51,384.51,384.51,384.51,40
2026-05-19 18:15:00,384.5,384.5,384.34,384.34,663
2026-05-19 18:16:00,384.456,384.456,384.45,384.45,635
2026-05-19 18:17:00,384.45,384.45,384.45,384.45,47
2026-05-19 18:18:00,384.25,384.3599,384.25,384.25,724
2026-05-19 18:20:00,384.28,384.28,384.22,384.23,869
2026-05-19 18:21:00,384.25,384.25,384.25,384.25,300
2026-05-19 18:22:00,384.4697,384.4697,384.4697,384.4697,100
2026-05-19 18:23:00,384.48,384.48,384.48,384.48,268
2026-05-19 18:24:00,384.4697,384.4697,384.4697,384.4697,57
2026-05-19 18:25:00,384.35,384.35,384.35,384.35,100
2026-05-19 18:26:00,384.2,384.25,384.17,384.17,826
2026-05-19 18:28:00,384.26,384.26,384.05,384.1905,351
2026-05-19 18:29:00,384.19,384.3132,384.19,384.3132,135
2026-05-19 18:30:00,384.29,384.29,384.11,384.11,146
2026-05-19 18:31:00,384.286,384.286,384.2,384.2,160
2026-05-19 18:32:00,384.11,384.11,384.0,384.0,1252
2026-05-19 18:33:00,384.16,384.16,384.05,384.05,545
2026-05-19 18:34:00,384.05,384.05,384.05,384.05,2000
2026-05-19 18:35:00,384.05,384.05,384.03,384.03,2282
2026-05-19 18:36:00,384.01,384.1,384.0,384.1,581
2026-05-19 18:38:00,384.0,384.0623,384.0,384.0623,325
2026-05-19 18:39:00,384.18,384.18,384.18,384.18,95
2026-05-19 18:40:00,384.1,384.1,384.1,384.1,99
2026-05-19 18:41:00,384.01,384.01,384.01,384.01,97
2026-05-19 18:42:00,384.08,384.1,384.08,384.1,127
2026-05-19 18:43:00,384.1608,384.1608,384.1608,384.1608,100
2026-05-19 18:44:00,384.11,384.11,384.11,384.11,50
2026-05-19 18:45:00,384.1,384.1,384.1,384.1,44
2026-05-19 18:46:00,384.07,384.07,384.03,384.03,1405
2026-05-19 18:47:00,384.01,384.01,384.01,384.01,517
2026-05-19 18:48:00,384.1579,384.1579,384.1579,384.1579,52
2026-05-19 18:50:00,384.1,384.1,384.1,384.1,40
2026-05-19 18:52:00,384.01,384.19,384.01,384.19,349
2026-05-19 18:53:00,384.03,384.0801,384.0,384.0,892
2026-05-19 18:54:00,384.0004,384.0004,384.0004,384.0004,50
2026-05-19 18:55:00,384.0695,384.15,384.0695,384.15,141
2026-05-19 18:59:00,384.1235,384.1235,384.1235,384.1235,50
2026-05-19 19:00:00,384.15,384.15,384.0195,384.0195,236
2026-05-19 19:01:00,384.15,384.15,384.15,384.15,500
2026-05-19 19:03:00,384.15,384.15,384.02,384.02,1315
2026-05-19 19:04:00,384.05,384.1,384.05,384.1,177
2026-05-19 19:06:00,384.02,384.07,384.02,384.07,150
2026-05-19 19:07:00,384.02,384.02,384.02,384.02,72
2026-05-19 19:08:00,384.0202,384.0202,384.0202,384.0202,100
2026-05-19 19:09:00,384.07,384.2,384.07,384.2,505
2026-05-19 19:10:00,384.28,384.43,384.28,384.43,105
2026-05-19 19:11:00,384.39,384.59,384.37,384.59,305
2026-05-19 19:12:00,384.7,384.7,384.54,384.54,394
2026-05-19 19:13:00,384.54,384.55,384.54,384.55,734
2026-05-19 19:14:00,384.2803,384.66,384.2803,384.66,1400
2026-05-19 19:15:00,384.4,384.4,384.3,384.3,819
2026-05-19 19:16:00,384.65,384.69,384.65,384.69,152
2026-05-19 19:17:00,384.71,384.82,384.54,384.82,542
2026-05-19 19:18:00,384.76,384.84,384.76,384.84,129
2026-05-19 19:19:00,384.83,384.83,384.83,384.83,40
2026-05-19 19:20:00,384.88,384.88,384.88,384.88,56
2026-05-19 19:21:00,384.83,384.83,384.83,384.83,100
2026-05-19 19:23:00,384.69,384.69,384.67,384.67,1273
2026-05-19 19:24:00,384.71,384.84,384.71,384.84,150
2026-05-19 19:26:00,384.7735,384.84,384.7,384.7,270
2026-05-19 19:27:00,384.6607,384.6607,384.6607,384.6607,96
2026-05-19 19:30:00,384.75,384.79,384.7182,384.7182,685
2026-05-19 19:31:00,384.7,384.7,384.7,384.7,200
2026-05-19 19:32:00,384.7153,384.8335,384.7153,384.8335,240
2026-05-19 19:33:00,384.9,385.15,384.9,385.15,1085
2026-05-19 19:34:00,385.16,385.19,384.82,384.9142,1567
2026-05-19 19:35:00,385.2,385.2,385.2,385.2,100
2026-05-19 19:36:00,385.0247,385.0247,385.0247,385.0247,120
2026-05-19 19:37:00,385.01,385.01,385.0,385.0,239
2026-05-19 19:38:00,384.92,384.92,384.92,384.92,280
2026-05-19 19:40:00,385.0,385.0,384.94,384.9565,185
2026-05-19 19:41:00,385.0,385.0,385.0,385.0,100
2026-05-19 19:42:00,385.07,385.07,384.99,384.99,435
2026-05-19 19:43:00,385.037,385.037,384.98,384.98,240
2026-05-19 19:45:00,385.05,385.23,385.05,385.1,5185
2026-05-19 19:46:00,385.03,385.03,384.92,384.92,598
2026-05-19 19:47:00,385.01,385.01,385.01,385.01,40
2026-05-19 19:48:00,384.91,385.1045,384.8,385.1045,610
2026-05-19 19:50:00,385.15,385.15,385.15,385.15,50
2026-05-19 19:51:00,384.95,384.95,384.9305,384.9305,305
2026-05-19 19:52:00,384.81,384.84,384.81,384.84,405
2026-05-19 19:53:00,385.0,385.0,385.0,385.0,42
2026-05-19 19:54:00,385.09,385.1191,384.9099,384.9099,5240
2026-05-19 19:55:00,385.0,385.0,385.0,385.0,120
2026-05-19 19:56:00,384.9188,385.05,384.8873,384.8873,1748
2026-05-19 19:57:00,384.92,384.92,384.881,384.92,388
2026-05-19 19:58:00,385.07,385.07,384.9,384.9,1300
2026-05-19 19:59:00,385.0,385.07,385.0,385.07,240
2026-05-20 04:00:00,386.39,387.0,384.11,386.4,21814
2026-05-20 04:01:00,386.49,386.69,384.29,386.43,3862
2026-05-20 04:02:00,386.71,386.71,386.44,386.44,128
2026-05-20 04:03:00,386.59,386.98,386.59,386.95,168
2026-05-20 04:04:00,386.95,386.95,386.7,386.7,606
2026-05-20 04:05:00,386.4,386.4,386.4,386.4,55
2026-05-20 04:06:00,386.58,386.85,384.15,386.6,1515
2026-05-20 04:07:00,386.72,386.73,386.67,386.73,160
2026-05-20 04:10:00,386.0,386.01,386.0,386.0,703
2026-05-20 04:12:00,386.0,386.0,386.0,386.0,80
2026-05-20 04:13:00,385.98,386.0,385.98,386.0,461
2026-05-20 04:14:00,386.28,386.28,386.21,386.25,130
2026-05-20 04:15:00,386.32,386.33,386.3,386.33,617
2026-05-20 04:16:00,386.13,386.13,386.13,386.13,150
2026-05-20 04:17:00,386.17,386.265,386.17,386.23,221
2026-05-20 04:18:00,386.24,386.24,386.24,386.24,122
2026-05-20 04:20:00,386.4,386.4,386.4,386.4,133
2026-05-20 04:21:00,386.2,386.2,386.2,386.2,80
2026-05-20 04:22:00,385.97,386.08,385.97,386.08,181
2026-05-20 04:23:00,386.01,386.1609,386.0,386.1609,374
2026-05-20 04:27:00,386.26,386.28,386.26,386.28,315
2026-05-20 04:28:00,386.41,386.41,386.41,386.41,60
2026-05-20 04:31:00,386.64,386.73,386.64,386.73,140
2026-05-20 04:32:00,386.72,386.72,386.72,386.72,80
2026-05-20 04:35:00,386.948,386.948,386.948,386.948,100
2026-05-20 04:36:00,386.87,386.87,386.87,386.87,100
2026-05-20 04:37:00,386.898,387.0,386.8,386.8,500
2026-05-20 04:38:00,386.98,387.2,386.98,387.13,410
2026-05-20 04:39:00,387.13,387.13,387.13,387.13,80
2026-05-20 04:40:00,387.13,387.31,387.13,387.26,207
2026-05-20 04:41:00,387.21,387.4,387.18,387.31,1700
2026-05-20 04:42:00,387.26,387.41,387.12,387.12,551
2026-05-20 04:43:00,387.19,387.19,387.19,387.19,67
2026-05-20 04:44:00,387.16,387.16,387.16,387.16,180
2026-05-20 04:45:00,387.09,387.09,387.0,387.02,466
2026-05-20 04:46:00,387.02,387.39,387.02,387.39,950
2026-05-20 04:47:00,387.22,387.22,387.22,387.22,50
2026-05-20 04:48:00,387.2,387.21,387.0,387.0,890
2026-05-20 04:49:00,386.98,386.98,386.98,386.98,60
2026-05-20 04:50:00,387.03,387.03,387.03,387.03,100
2026-05-20 04:51:00,386.86,386.99,386.86,386.99,736
2026-05-20 04:53:00,387.01,387.01,387.01,387.01,62
2026-05-20 04:54:00,387.12,387.18,387.12,387.18,90
2026-05-20 04:57:00,386.72,386.75,386.67,386.75,740
2026-05-20 04:58:00,386.74,386.74,386.74,386.74,45
2026-05-20 04:59:00,386.81,386.82,386.66,386.66,601
2026-05-20 05:00:00,386.7,386.7,386.7,386.7,46
2026-05-20 05:04:00,386.77,386.77,386.77,386.77,44
2026-05-20 05:05:00,386.64,386.64,386.64,386.64,50
2026-05-20 05:06:00,386.58,386.58,386.58,386.58,100
2026-05-20 05:08:00,386.57,386.57,386.56,386.57,246
2026-05-20 05:09:00,386.56,386.58,386.56,386.58,328
2026-05-20 05:10:00,386.59,386.63,386.59,386.63,221
2026-05-20 05:11:00,386.689,386.69,386.66,386.69,336
2026-05-20 05:12:00,386.69,386.69,386.69,386.69,100
2026-05-20 05:14:00,386.5,386.5,386.373,386.45,380
2026-05-20 05:15:00,386.39,386.48,386.39,386.48,685
2026-05-20 05:16:00,386.5,386.5,386.29,386.32,547
2026-05-20 05:17:00,386.52,386.62,386.31,386.31,220
2026-05-20 05:20:00,386.65,386.65,386.65,386.65,50
2026-05-20 05:21:00,386.59,386.59,386.5,386.5,236
2026-05-20 05:23:00,386.5,386.5,386.5,386.5,280
2026-05-20 05:24:00,386.5,386.5,386.45,386.45,273
2026-05-20 05:25:00,386.48,386.48,386.48,386.48,50
2026-05-20 05:26:00,386.42,386.55,386.42,386.55,499
2026-05-20 05:28:00,386.56,386.62,386.56,386.61,1149
2026-05-20 05:30:00,386.6,386.6,386.51,386.55,323
2026-05-20 05:31:00,386.7,386.7,386.7,386.7,268
2026-05-20 05:32:00,386.64,386.64,386.54,386.56,215
2026-05-20 05:33:00,386.51,386.57,386.51,386.57,505
2026-05-20 05:34:00,386.62,386.8,386.62,386.78,825
2026-05-20 05:35:00,386.8091,386.8091,386.68,386.68,444
2026-05-20 05:36:00,386.78,386.83,386.77,386.83,200
2026-05-20 05:37:00,386.77,386.8845,386.77,386.8845,335
2026-05-20 05:38:00,386.78,386.82,386.78,386.82,180
2026-05-20 05:39:00,386.82,386.82,386.82,386.82,50
2026-05-20 05:40:00,387.0,387.18,386.89,387.18,1525
2026-05-20 05:41:00,387.0,387.0368,386.96,386.96,400
2026-05-20 05:42:00,386.97,386.97,386.6595,386.66,1402
2026-05-20 05:43:00,386.62,386.7188,386.59,386.7188,518
2026-05-20 05:44:00,386.72,386.72,386.66,386.66,193
2026-05-20 05:45:00,386.68,386.71,386.63,386.71,797
2026-05-20 05:46:00,386.63,386.72,386.6,386.6,554
2026-05-20 05:50:00,386.45,386.55,386.45,386.5,1127
2026-05-20 05:51:00,386.5,386.5,386.5,386.5,41
2026-05-20 05:52:00,386.61,386.78,386.51,386.78,1388
2026-05-20 05:54:00,386.6,386.6,386.5,386.5,726
2026-05-20 05:55:00,386.53,386.53,386.34,386.34,116
2026-05-20 05:56:00,386.24,386.24,386.24,386.24,50
2026-05-20 05:57:00,386.13,386.13,386.0,386.0,100
2026-05-20 05:58:00,386.15,386.16,386.15,386.16,80
2026-05-20 06:00:00,386.27,386.27,386.27,386.27,418
2026-05-20 06:01:00,386.09,386.09,386.0,386.0,112
2026-05-20 06:02:00,386.02,386.11,386.0,386.11,1466
2026-05-20 06:03:00,386.0,386.11,385.7,385.7,1444
2026-05-20 06:04:00,385.71,385.82,385.71,385.81,1684
2026-05-20 06:05:00,385.9,385.9,385.9,385.9,50
2026-05-20 06:06:00,385.9,385.91,385.88,385.88,300
2026-05-20 06:08:00,386.3,386.31,386.17,386.31,598
2026-05-20 06:09:00,386.27,386.27,386.0,386.0,148
2026-05-20 06:10:00,386.0,386.0351,385.9,385.9,694
2026-05-20 06:11:00,386.04,386.08,386.04,386.08,140
2026-05-20 06:12:00,386.0,386.0,386.0,386.0,80
2026-05-20 06:13:00,386.17,386.17,386.17,386.17,80
2026-05-20 06:14:00,386.2,386.2,386.2,386.2,67
2026-05-20 06:15:00,386.18,386.18,385.9,385.9,934
2026-05-20 06:16:00,386.0,386.0,385.94,385.94,974
2026-05-20 06:17:00,385.86,385.86,385.86,385.86,98
2026-05-20 06:19:00,386.0,386.0,386.0,386.0,100
2026-05-20 06:20:00,385.81,385.81,385.81,385.81,500
2026-05-20 06:22:00,385.81,385.81,385.72,385.72,247
2026-05-20 06:23:00,385.71,385.72,385.5,385.5,1042
2026-05-20 06:24:00,385.5,385.5,385.5,385.5,172
2026-05-20 06:25:00,385.54,385.54,385.54,385.54,160
2026-05-20 06:26:00,385.53,385.53,385.51,385.51,541
2026-05-20 06:27:00,385.46,385.5,385.46,385.5,148
2026-05-20 06:28:00,385.5,385.5,385.45,385.45,1035
2026-05-20 06:29:00,385.5,385.5,385.5,385.5,70
2026-05-20 06:33:00,385.98,385.98,385.98,385.98,50
2026-05-20 06:35:00,386.16,386.16,386.16,386.16,44
2026-05-20 06:36:00,386.23,386.32,386.23,386.29,317
2026-05-20 06:38:00,386.31,386.31,386.31,386.31,100
2026-05-20 06:40:00,386.08,386.1075,386.08,386.1075,300
2026-05-20 06:41:00,386.0,386.1,386.0,386.1,150
2026-05-20 06:42:00,386.0107,386.0107,386.0107,386.0107,44
2026-05-20 06:43:00,386.0,386.0644,386.0,386.0644,367
2026-05-20 06:44:00,386.04,386.06,386.04,386.06,110
2026-05-20 06:45:00,386.0,386.0,386.0,386.0,244
2026-05-20 06:47:00,386.21,386.28,386.21,386.28,160
2026-05-20 06:48:00,386.24,386.28,386.24,386.28,100
2026-05-20 06:49:00,386.13,386.13,386.03,386.03,90
2026-05-20 06:50:00,386.0,386.0,386.0,386.0,40
2026-05-20 06:51:00,386.0,386.0,385.9567,385.9567,105
2026-05-20 06:55:00,385.87,385.92,385.87,385.92,134
2026-05-20 06:56:00,386.0,386.0,385.87,385.87,139
2026-05-20 06:57:00,385.88,385.88,385.8314,385.8314,101
2026-05-20 06:58:00,385.87,385.87,385.86,385.86,104
2026-05-20 06:59:00,385.81,385.81,385.81,385.81,136
2026-05-20 07:00:00,385.82,386.05,385.82,386.05,483
2026-05-20 07:01:00,386.0,386.27,386.0,386.12,2044
2026-05-20 07:02:00,386.22,386.22,386.1,386.1,322
2026-05-20 07:03:00,386.0,386.1,385.9999,386.1,308
2026-05-20 07:04:00,386.0927,386.0927,385.77,385.85,365
2026-05-20 07:05:00,385.95,386.15,385.93,385.9715,1080
2026-05-20 07:06:00,386.0,386.17,385.9414,386.17,640
2026-05-20 07:07:00,386.2,386.2,386.09,386.09,610
2026-05-20 07:08:00,386.1394,386.16,386.08,386.08,381
2026-05-20 07:09:00,386.01,386.05,385.898,386.05,361
2026-05-20 07:10:00,385.9,385.9,385.9,385.9,43
2026-05-20 07:11:00,386.05,386.05,386.0,386.0,269
2026-05-20 07:12:00,386.0,386.0,386.0,386.0,84
2026-05-20 07:13:00,385.86,386.0,385.86,386.0,390
2026-05-20 07:14:00,385.82,385.82,385.8,385.8,2092
2026-05-20 07:15:00,385.8692,385.8692,385.8191,385.8191,628
2026-05-20 07:16:00,385.81,385.9548,385.81,385.9548,155
2026-05-20 07:18:00,385.94,385.94,385.94,385.94,50
2026-05-20 07:19:00,385.85,385.89,385.8404,385.8404,367
2026-05-20 07:20:00,385.91,385.9761,385.83,385.9761,307
2026-05-20 07:21:00,385.9,385.9393,385.9,385.92,214
2026-05-20 07:22:00,385.94,386.0,385.94,386.0,590
2026-05-20 07:23:00,386.1,386.1,386.1,386.1,50
2026-05-20 07:24:00,386.05,386.06,385.94,385.94,5634
2026-05-20 07:25:00,385.8204,385.8204,385.81,385.81,122
2026-05-20 07:26:00,385.8,385.87,385.8,385.87,1369
2026-05-20 07:27:00,385.83,385.8487,385.81,385.8487,292
2026-05-20 07:29:00,385.9298,385.93,385.84,385.93,3427
2026-05-20 07:30:00,386.0,386.0,386.0,386.0,98
2026-05-20 07:31:00,386.14,386.14,386.04,386.04,400
2026-05-20 07:33:00,386.06,386.12,386.06,386.12,400
2026-05-20 07:34:00,386.1,386.11,386.1,386.11,100
2026-05-20 07:35:00,386.11,386.11,386.11,386.11,40
2026-05-20 07:36:00,386.08,386.1,386.0,386.0,710
2026-05-20 07:37:00,386.0,386.0,386.0,386.0,45
2026-05-20 07:39:00,385.91,385.9932,385.91,385.9932,220
2026-05-20 07:40:00,385.9966,385.9966,385.9,385.91,459
2026-05-20 07:41:00,385.95,385.98,385.95,385.98,145
2026-05-20 07:42:00,385.95,385.96,385.66,385.66,1007
2026-05-20 07:43:00,385.63,385.64,385.63,385.64,202
2026-05-20 07:44:00,385.69,385.69,385.63,385.68,382
2026-05-20 07:45:00,385.61,385.6891,385.58,385.6488,1200
2026-05-20 07:46:00,385.53,385.53,385.42,385.42,597
2026-05-20 07:47:00,385.42,385.43,385.3318,385.43,1053
2026-05-20 07:48:00,385.4,385.4,385.24,385.24,2604
2026-05-20 07:49:00,385.256,385.256,385.0,385.0,2333
2026-05-20 07:50:00,385.13,385.2083,384.9,384.91,704
2026-05-20 07:51:00,384.91,385.03,384.861,385.02,2850
2026-05-20 07:52:00,385.02,385.02,385.02,385.02,40
2026-05-20 07:53:00,385.29,385.29,385.2,385.2,337
2026-05-20 07:54:00,385.12,385.25,385.12,385.25,546
2026-05-20 07:55:00,385.247,385.3,385.247,385.3,300
2026-05-20 07:57:00,385.53,385.53,385.35,385.35,300
2026-05-20 07:59:00,385.242,385.242,385.242,385.242,150
2026-05-20 08:00:00,385.2,385.3,385.16,385.29,407
2026-05-20 08:01:00,385.42,385.43,385.29,385.43,508
2026-05-20 08:02:00,385.39,385.39,385.39,385.39,546
2026-05-20 08:03:00,385.4,385.56,385.4,385.56,512
2026-05-20 08:04:00,385.56,385.57,385.46,385.57,1267
2026-05-20 08:05:00,385.6,385.6,385.5777,385.5984,360
2026-05-20 08:06:00,385.52,385.61,385.45,385.47,5139
2026-05-20 08:07:00,385.55,385.66,385.5,385.66,4352
2026-05-20 08:08:00,385.61,385.63,385.29,385.29,3902
2026-05-20 08:09:00,385.32,385.4,385.27,385.27,1649
2026-05-20 08:10:00,385.25,385.3,385.15,385.206,1105
2026-05-20 08:11:00,385.2224,385.35,385.2224,385.28,590
2026-05-20 08:12:00,385.2347,385.2347,385.2347,385.2347,200
2026-05-20 08:13:00,385.38,385.38,385.38,385.38,145
2026-05-20 08:14:00,385.5,385.5,385.48,385.48,530
2026-05-20 08:15:00,385.42,385.42,385.33,385.4,654
2026-05-20 08:16:00,385.4317,385.5089,385.37,385.37,350
2026-05-20 08:17:00,385.33,385.4799,385.32,385.4799,3179
2026-05-20 08:18:00,385.48,385.48,385.37,385.37,215
2026-05-20 08:19:00,385.37,385.38,385.25,385.25,460
2026-05-20 08:20:00,385.3,385.38,385.2,385.25,477
2026-05-20 08:21:00,385.2855,385.2855,385.1,385.25,806
2026-05-20 08:22:00,385.1074,385.1074,385.1074,385.1074,50
2026-05-20 08:23:00,385.16,385.27,385.15,385.27,509
2026-05-20 08:24:00,385.48,385.48,385.48,385.48,199
2026-05-20 08:25:00,385.4,385.5775,385.4,385.5775,381
2026-05-20 08:26:00,385.63,385.63,385.47,385.6,599
2026-05-20 08:28:00,385.45,385.47,385.45,385.47,90
2026-05-20 08:29:00,385.64,385.66,385.64,385.6468,270
2026-05-20 08:30:00,385.65,385.75,385.43,385.43,429
2026-05-20 08:31:00,385.5,385.5,385.44,385.45,332
2026-05-20 08:32:00,385.75,385.75,385.63,385.7,1146
2026-05-20 08:33:00,385.61,385.7,385.61,385.66,695
2026-05-20 08:34:00,385.4,385.75,385.4,385.75,260
2026-05-20 08:35:00,385.65,385.65,385.61,385.626,239
2026-05-20 08:36:00,385.7,385.8,385.61,385.7,870
2026-05-20 08:37:00,385.7,385.81,385.7,385.75,1986
2026-05-20 08:38:00,385.6656,385.79,385.65,385.67,563
2026-05-20 08:39:00,385.77,385.77,385.7,385.7682,1225
2026-05-20 08:40:00,385.74,385.7488,385.55,385.55,200
2026-05-20 08:41:00,385.58,385.58,385.44,385.44,335
2026-05-20 08:42:00,385.5,385.58,385.5,385.5299,243
2026-05-20 08:43:00,385.58,385.58,385.58,385.58,625
2026-05-20 08:44:00,385.58,385.68,385.58,385.65,2088
2026-05-20 08:45:00,385.5695,385.6601,385.5695,385.6601,90
2026-05-20 08:46:00,385.66,385.8,385.66,385.8,310
2026-05-20 08:47:00,385.77,385.7844,385.7,385.7844,400
2026-05-20 08:48:00,385.7085,385.71,385.7085,385.71,200
2026-05-20 08:49:00,385.6,385.65,385.53,385.53,1115
2026-05-20 08:50:00,385.59,385.59,385.2907,385.33,2162
2026-05-20 08:51:00,385.27,385.33,385.27,385.33,250
2026-05-20 08:52:00,385.26,385.3183,385.26,385.29,250
2026-05-20 08:53:00,385.3196,385.3196,385.17,385.23,804
2026-05-20 08:54:00,385.32,385.32,385.06,385.12,1248
2026-05-20 08:55:00,385.14,385.3,385.14,385.1669,753
2026-05-20 08:56:00,385.15,385.2,385.15,385.2,350
2026-05-20 08:57:00,385.17,385.1857,385.05,385.05,680
2026-05-20 08:58:00,385.0,385.08,384.97,384.97,1455
2026-05-20 08:59:00,384.92,384.93,384.73,384.73,997
2026-05-20 09:00:00,384.79,384.8,384.7,384.7813,1519
2026-05-20 09:01:00,384.82,384.82,384.55,384.58,4627
2026-05-20 09:02:00,384.7095,384.76,384.36,384.4051,1418
2026-05-20 09:03:00,384.51,384.57,384.41,384.51,1526
2026-05-20 09:04:00,384.57,384.6,384.4019,384.4019,417
2026-05-20 09:05:00,384.55,384.7718,384.55,384.6,960
2026-05-20 09:06:00,384.5,384.6284,384.4416,384.47,283
2026-05-20 09:07:00,384.72,384.7614,384.45,384.45,585
2026-05-20 09:08:00,384.43,384.54,384.39,384.45,1529
2026-05-20 09:09:00,384.78,384.89,384.7417,384.89,932
2026-05-20 09:10:00,384.73,384.8,384.71,384.71,1885
2026-05-20 09:11:00,384.7419,384.7789,384.7,384.7,505
2026-05-20 09:12:00,384.62,384.65,384.33,384.57,642
2026-05-20 09:13:00,384.46,384.55,384.46,384.55,481
2026-05-20 09:14:00,384.58,384.7785,384.52,384.6234,772
2026-05-20 09:15:00,384.7799,384.7799,384.56,384.56,728
2026-05-20 09:16:00,384.59,384.59,384.44,384.44,289
2026-05-20 09:17:00,384.43,384.56,384.43,384.56,744
2026-05-20 09:18:00,384.46,384.51,384.4,384.5013,294
2026-05-20 09:19:00,384.5132,384.6043,384.49,384.5,1695
2026-05-20 09:20:00,384.5104,384.7022,384.5104,384.7022,286
2026-05-20 09:21:00,384.78,384.9,384.75,384.75,1012
2026-05-20 09:22:00,384.73,384.73,384.639,384.7105,980
2026-05-20 09:23:00,384.69,384.8159,384.67,384.8,1131
2026-05-20 09:24:00,384.93,385.02,384.93,385.02,1191
2026-05-20 09:25:00,385.01,385.01,384.26,384.39,849
2026-05-20 09:26:00,384.479,384.49,384.26,384.2998,2215
2026-05-20 09:27:00,384.2,385.55,384.11,384.69,4709
2026-05-20 09:28:00,384.39,385.24,384.39,385.09,3604
2026-05-20 09:29:00,384.97,385.22,384.81,385.22,6577
2026-05-20 09:30:00,385.27,387.75,384.5,387.74,307057
2026-05-20 09:31:00,387.61,389.56,387.5275,389.32,92594
2026-05-20 09:32:00,389.275,389.63,387.5,388.17,76056
2026-05-20 09:33:00,388.17,389.23,387.59,389.23,69875
2026-05-20 09:34:00,389.14,390.6999,389.14,389.86,152016
2026-05-20 09:35:00,389.6701,390.385,388.1601,388.5571,99483
2026-05-20 09:36:00,388.44,388.48,386.92,387.11,39262
2026-05-20 09:37:00,387.04,387.09,386.19,386.53,33983
2026-05-20 09:38:00,386.495,387.03,385.59,385.93,35616
2026-05-20 09:39:00,385.85,386.33,385.61,386.01,60752
2026-05-20 09:40:00,385.9857,386.86,385.51,386.54,32628
2026-05-20 09:41:00,386.59,387.15,385.81,386.45,48907
2026-05-20 09:42:00,386.42,386.5,385.51,385.695,35744
2026-05-20 09:43:00,385.65,385.8399,385.0,385.7,54180
2026-05-20 09:44:00,385.695,386.105,384.99,385.87,38152
2026-05-20 09:45:00,385.89,386.4075,385.0,385.0499,45922
2026-05-20 09:46:00,384.96,385.85,384.77,385.8,37543
2026-05-20 09:47:00,385.8,386.1,385.57,385.9471,35317
2026-05-20 09:48:00,385.89,386.275,385.7201,385.79,30711
2026-05-20 09:49:00,385.79,385.97,385.28,385.355,30416
2026-05-20 09:50:00,385.34,385.7,385.04,385.1398,51454
2026-05-20 09:51:00,385.0751,385.11,384.09,384.8,40418
2026-05-20 09:52:00,384.9,385.25,384.6,385.17,24266
2026-05-20 09:53:00,385.17,385.51,384.9,384.935,35942
2026-05-20 09:54:00,384.935,385.1799,383.8,383.91,71604
2026-05-20 09:55:00,383.8501,384.08,383.0,383.09,35981
2026-05-20 09:56:00,383.15,383.25,382.55,382.695,77443
2026-05-20 09:57:00,382.685,383.6699,382.4,383.315,52304
2026-05-20 09:58:00,383.25,383.985,383.01,383.33,44781
2026-05-20 09:59:00,383.32,384.31,383.32,384.0,27186
2026-05-20 10:00:00,384.035,384.035,383.38,383.64,19999
2026-05-20 10:01:00,383.67,384.02,382.9406,383.08,27297
2026-05-20 10:02:00,383.04,383.3073,382.75,382.865,40001
2026-05-20 10:03:00,382.92,383.04,381.85,381.85,59884
2026-05-20 10:04:00,381.88,382.32,381.76,381.89,26830
2026-05-20 10:05:00,381.83,381.84,380.9,380.97,79278
2026-05-20 10:06:00,381.0,382.29,380.9,382.2,61928
2026-05-20 10:07:00,382.2899,382.2899,381.72,381.86,22384
2026-05-20 10:08:00,381.9,382.09,381.68,381.8283,26616
2026-05-20 10:09:00,381.83,382.0299,381.16,381.43,24884
2026-05-20 10:10:00,381.3904,381.68,380.84,380.8609,35865
2026-05-20 10:11:00,380.86,381.17,380.35,380.435,51235
2026-05-20 10:12:00,380.45,380.77,380.0,380.47,66328
2026-05-20 10:13:00,380.5201,381.0,380.3225,380.97,42736
2026-05-20 10:14:00,380.91,382.14,380.881,381.42,51621
2026-05-20 10:15:00,381.46,382.6,381.41,382.51,41505
2026-05-20 10:16:00,382.55,383.0999,382.35,382.92,55212
2026-05-20 10:17:00,383.01,383.16,382.35,382.35,62258
2026-05-20 10:18:00,382.38,382.55,381.635,381.785,35411
2026-05-20 10:19:00,381.83,382.95,381.83,382.92,38041
2026-05-20 10:20:00,382.9,384.0699,382.9,383.9099,38676
2026-05-20 10:21:00,383.81,383.8209,383.0,383.76,28654
2026-05-20 10:22:00,383.78,384.0,383.47,383.65,19870
2026-05-20 10:23:00,383.58,383.84,383.37,383.5101,38860
2026-05-20 10:24:00,383.47,383.55,382.94,383.3,52502
2026-05-20 10:25:00,383.3,383.4,382.66,382.825,66355
2026-05-20 10:26:00,382.79,383.08,382.7,382.7,32223
2026-05-20 10:27:00,382.7,382.92,382.43,382.85,20672
2026-05-20 10:28:00,382.835,382.87,382.33,382.612,15332
2026-05-20 10:29:00,382.57,382.7,381.89,382.16,29937
2026-05-20 10:30:00,382.09,382.72,381.93,382.31,44335
2026-05-20 10:31:00,382.315,382.77,382.215,382.23,14995
2026-05-20 10:32:00,382.2945,382.4,381.88,382.02,43246
2026-05-20 10:33:00,381.97,382.61,381.85,381.89,19567
2026-05-20 10:34:00,381.89,382.24,381.8,381.86,16016
2026-05-20 10:35:00,381.875,382.27,381.62,381.73,28197
2026-05-20 10:36:00,381.8,382.36,381.76,382.285,18485
2026-05-20 10:37:00,382.32,382.4,381.79,381.92,29156
2026-05-20 10:38:00,381.85,382.13,381.77,381.9,29343
2026-05-20 10:39:00,381.895,382.13,381.8,381.8952,17705
2026-05-20 10:40:00,381.85,382.07,381.55,381.64,23499
2026-05-20 10:41:00,381.66,381.85,381.5,381.705,30237
2026-05-20 10:42:00,381.695,381.85,381.345,381.72,19815
2026-05-20 10:43:00,381.72,381.93,381.6,381.67,27746
2026-05-20 10:44:00,381.62,382.29,381.58,382.265,13651
2026-05-20 10:45:00,382.29,382.37,381.93,382.025,29938
2026-05-20 10:46:00,382.03,382.28,381.75,381.83,22961
2026-05-20 10:47:00,381.825,381.96,381.65,381.675,17256
2026-05-20 10:48:00,381.67,382.0,381.66,381.875,17610
2026-05-20 10:49:00,381.85,381.93,381.4,381.6,24190
2026-05-20 10:50:00,381.6323,381.72,381.3,381.3,20875
2026-05-20 10:51:00,381.2601,381.8,381.18,381.5,28552
2026-05-20 10:52:00,381.515,381.61,381.32,381.4,14979
2026-05-20 10:53:00,381.44,381.97,381.425,381.955,19271
2026-05-20 10:54:00,381.955,382.2982,381.95,382.255,21909
2026-05-20 10:55:00,382.2,382.605,382.12,382.48,14698
2026-05-20 10:56:00,382.51,382.8,382.44,382.66,19866
2026-05-20 10:57:00,382.579,382.75,382.52,382.74,17470
2026-05-20 10:58:00,382.67,382.78,381.86,381.98,28267
2026-05-20 10:59:00,381.98,382.5999,381.96,382.47,14129
2026-05-20 11:00:00,382.38,382.94,382.38,382.93,17002
2026-05-20 11:01:00,382.9,382.9342,382.62,382.8295,18026
2026-05-20 11:02:00,382.89,383.0,382.68,382.71,22508
2026-05-20 11:03:00,382.705,382.8618,382.27,382.27,25607
2026-05-20 11:04:00,382.335,382.465,382.0,382.085,17240
2026-05-20 11:05:00,382.09,382.36,382.0,382.235,17585
2026-05-20 11:06:00,382.29,382.4799,381.59,381.75,25296
2026-05-20 11:07:00,381.77,382.0,381.38,381.38,18571
2026-05-20 11:08:00,381.38,381.515,381.26,381.48,29621
2026-05-20 11:09:00,381.4272,381.74,381.4272,381.55,18047
2026-05-20 11:10:00,381.55,381.56,381.35,381.55,13792
2026-05-20 11:11:00,381.53,381.69,381.42,381.53,12542
2026-05-20 11:12:00,381.52,381.53,381.36,381.498,14834
2026-05-20 11:13:00,381.49,381.71,381.41,381.425,20270
2026-05-20 11:14:00,381.43,381.67,381.25,381.5101,18263
2026-05-20 11:15:00,381.57,383.32,381.57,382.83,72064
2026-05-20 11:16:00,382.86,383.7,382.72,383.4669,50529
2026-05-20 11:17:00,383.56,383.63,382.13,382.3,39720
2026-05-20 11:18:00,382.42,382.58,382.01,382.345,19309
2026-05-20 11:19:00,382.44,382.77,382.22,382.255,33363
2026-05-20 11:20:00,382.27,382.89,382.27,382.81,15959
2026-05-20 11:21:00,382.8799,382.9,382.45,382.62,13946
2026-05-20 11:22:00,382.62,382.645,382.11,382.225,21720
2026-05-20 11:23:00,382.2599,382.26,381.98,382.045,19755
2026-05-20 11:24:00,382.09,382.25,382.01,382.17,18355
2026-05-20 11:25:00,382.17,382.27,381.6,381.61,38016
2026-05-20 11:26:00,381.6,381.76,381.45,381.74,27904
2026-05-20 11:27:00,381.74,381.92,381.36,381.54,32378
2026-05-20 11:28:00,381.54,381.65,381.35,381.45,33181
2026-05-20 11:29:00,381.47,381.47,381.1,381.15,67668
2026-05-20 11:30:00,381.19,381.79,381.125,381.7441,21311
2026-05-20 11:31:00,381.7655,381.82,381.41,381.42,26518
2026-05-20 11:32:00,381.44,381.59,381.34,381.48,19953
2026-05-20 11:33:00,381.45,381.4627,381.06,381.24,29036
2026-05-20 11:34:00,381.24,381.4,381.12,381.3632,22546
2026-05-20 11:35:00,381.42,381.5699,381.4,381.53,16862
2026-05-20 11:36:00,381.5504,381.62,381.41,381.515,24758
2026-05-20 11:37:00,381.5,381.58,381.3,381.382,14910
2026-05-20 11:38:00,381.38,381.84,381.371,381.78,18070
2026-05-20 11:39:00,381.8,381.84,381.67,381.73,12550
2026-05-20 11:40:00,381.765,381.9,381.67,381.7603,16766
2026-05-20 11:41:00,381.8,381.8727,381.66,381.78,12750
2026-05-20 11:42:00,381.85,382.23,381.73,382.1601,13966
2026-05-20 11:43:00,382.19,382.44,382.09,382.28,19787
2026-05-20 11:44:00,382.28,382.44,382.2,382.44,12255
2026-05-20 11:45:00,382.38,383.19,382.34,383.15,36682
2026-05-20 11:46:00,383.15,383.32,383.12,383.245,62368
2026-05-20 11:47:00,383.25,383.25,383.05,383.075,14889
2026-05-20 11:48:00,383.1,383.4442,382.94,383.32,28062
2026-05-20 11:49:00,383.28,383.8499,383.23,383.82,21189
2026-05-20 11:50:00,383.82,384.08,383.65,383.68,45373
2026-05-20 11:51:00,383.67,383.9599,383.67,383.8,17012
2026-05-20 11:52:00,383.78,384.0,383.43,383.96,32700
2026-05-20 11:53:00,383.97,384.02,383.585,383.73,19366
2026-05-20 11:54:00,383.73,383.86,383.64,383.69,5585
2026-05-20 11:55:00,383.7376,383.81,383.62,383.64,8275
2026-05-20 11:56:00,383.61,383.735,383.44,383.7282,13751
2026-05-20 11:57:00,383.7211,383.7211,383.07,383.07,29234
2026-05-20 11:58:00,383.05,383.53,382.87,383.46,16858
2026-05-20 11:59:00,383.425,383.52,383.01,383.24,12464
2026-05-20 12:00:00,383.23,383.265,383.0,383.0205,12449
2026-05-20 12:01:00,383.1,383.44,383.06,383.44,8687
2026-05-20 12:02:00,383.47,383.7083,383.22,383.665,15983
2026-05-20 12:03:00,383.64,383.66,383.18,383.18,14297
2026-05-20 12:04:00,383.22,383.79,383.22,383.65,14180
2026-05-20 12:05:00,383.5999,383.5999,383.17,383.26,11705
2026-05-20 12:06:00,383.235,383.365,383.08,383.21,12516
2026-05-20 12:07:00,383.26,383.47,383.105,383.275,11517
2026-05-20 12:08:00,383.275,383.33,382.91,382.96,19598
2026-05-20 12:09:00,382.95,383.0399,382.88,383.0399,8281
2026-05-20 12:10:00,383.01,383.12,382.89,383.1,3984
2026-05-20 12:11:00,383.13,383.18,382.815,382.855,15672
2026-05-20 12:12:00,382.865,382.91,382.55,382.6943,13403
2026-05-20 12:13:00,382.7,382.78,382.56,382.75,9117
2026-05-20 12:14:00,382.767,383.043,382.7,382.8999,17354
2026-05-20 12:15:00,382.9,382.9199,382.44,382.49,14712
2026-05-20 12:16:00,382.465,382.66,382.4,382.6313,8121
2026-05-20 12:17:00,382.72,382.825,382.56,382.56,4530
2026-05-20 12:18:00,382.52,382.6,382.45,382.52,15633
2026-05-20 12:19:00,382.54,382.56,382.31,382.41,5626
2026-05-20 12:20:00,382.42,382.53,382.11,382.17,12198
2026-05-20 12:21:00,382.165,382.165,381.7301,381.78,24085
2026-05-20 12:22:00,381.79,381.865,381.74,381.815,7076
2026-05-20 12:23:00,381.815,382.1,381.71,382.05,11385
2026-05-20 12:24:00,382.09,382.27,381.76,382.24,18043
2026-05-20 12:25:00,382.15,382.16,381.85,382.14,15887
2026-05-20 12:26:00,382.06,382.2,381.87,381.94,19361
2026-05-20 12:27:00,381.91,382.21,381.91,382.2,6210
2026-05-20 12:28:00,382.15,382.15,381.93,382.03,12754
2026-05-20 12:29:00,382.025,382.22,381.91,382.195,6492
2026-05-20 12:30:00,382.195,382.22,381.93,382.01,4350
2026-05-20 12:31:00,381.98,382.15,381.915,382.11,8746
2026-05-20 12:32:00,382.14,382.3699,381.97,382.01,8663
2026-05-20 12:33:00,381.97,382.0,381.6,381.725,25917
2026-05-20 12:34:00,381.725,381.81,381.51,381.54,9213
2026-05-20 12:35:00,381.55,381.645,381.45,381.56,33692
2026-05-20 12:36:00,381.58,381.825,381.49,381.7983,17781
2026-05-20 12:37:00,381.77,381.8476,381.3682,381.42,15934
2026-05-20 12:38:00,381.41,381.922,381.38,381.89,12325
2026-05-20 12:39:00,381.936,382.0,381.51,381.59,12400
2026-05-20 12:40:00,381.56,381.9012,381.4635,381.9012,9978
2026-05-20 12:41:00,381.905,382.1899,381.84,382.0708,18061
2026-05-20 12:42:00,382.04,382.12,381.827,381.915,5531
2026-05-20 12:43:00,381.905,382.34,381.86,382.25,9903
2026-05-20 12:44:00,382.3,382.5,382.11,382.5,10264
2026-05-20 12:45:00,382.505,382.51,382.14,382.14,14625
2026-05-20 12:46:00,382.155,382.31,382.15,382.22,4740
2026-05-20 12:47:00,382.22,382.2899,381.8937,382.005,11725
2026-05-20 12:48:00,382.005,382.09,381.66,381.675,10349
2026-05-20 12:49:00,381.66,381.89,381.61,381.89,10584
2026-05-20 12:50:00,381.8754,382.1083,381.8701,381.95,14625
2026-05-20 12:51:00,381.98,382.16,381.98,382.02,5402
2026-05-20 12:52:00,382.04,382.25,382.01,382.085,10036
2026-05-20 12:53:00,382.03,382.2653,382.0,382.2,2999
2026-05-20 12:54:00,382.22,382.33,382.17,382.24,7415
2026-05-20 12:55:00,382.25,382.2683,381.82,381.885,9372
2026-05-20 12:56:00,381.9,382.14,381.78,381.99,7506
2026-05-20 12:57:00,381.93,381.9448,381.51,381.555,6447
2026-05-20 12:58:00,381.52,381.75,381.5,381.71,9609
2026-05-20 12:59:00,381.725,382.38,381.725,382.07,18476
2026-05-20 13:00:00,382.055,382.26,381.81,382.26,25602
2026-05-20 13:01:00,382.17,382.36,382.16,382.36,10689
2026-05-20 13:02:00,382.32,382.37,382.07,382.23,6796
2026-05-20 13:03:00,382.23,382.29,382.14,382.16,2766
2026-05-20 13:04:00,382.1,382.1,381.75,381.8775,5880
2026-05-20 13:05:00,381.82,381.8699,381.495,381.6,13339
2026-05-20 13:06:00,381.555,381.69,381.3,381.69,13137
2026-05-20 13:07:00,381.645,381.68,381.47,381.51,7773
2026-05-20 13:08:00,381.505,381.54,381.22,381.26,16688
2026-05-20 13:09:00,381.2,381.27,381.13,381.2699,19102
2026-05-20 13:10:00,381.235,381.35,380.98,381.2801,71354
2026-05-20 13:11:00,381.36,381.61,381.36,381.5,15608
2026-05-20 13:12:00,381.505,381.63,381.41,381.5175,9282
2026-05-20 13:13:00,381.575,382.41,381.51,381.96,40630
2026-05-20 13:14:00,382.02,382.34,381.95,382.098,16974
2026-05-20 13:15:00,382.11,382.11,381.9501,381.996,9135
2026-05-20 13:16:00,382.025,382.3,381.95,381.95,9038
2026-05-20 13:17:00,381.96,382.01,381.825,381.965,4834
2026-05-20 13:18:00,382.01,382.405,382.01,382.31,11267
2026-05-20 13:19:00,382.23,382.29,381.95,382.01,10059
2026-05-20 13:20:00,382.015,382.08,381.91,382.08,6479
2026-05-20 13:21:00,382.055,382.1,381.57,381.57,12286
2026-05-20 13:22:00,381.56,381.71,381.47,381.6,16216
2026-05-20 13:23:00,381.6,381.68,381.5,381.58,11736
2026-05-20 13:24:00,381.585,381.69,381.54,381.66,8122
2026-05-20 13:25:00,381.6183,381.67,381.53,381.545,8056
2026-05-20 13:26:00,381.54,381.78,381.53,381.73,9248
2026-05-20 13:27:00,381.73,382.01,381.7,381.95,13899
2026-05-20 13:28:00,381.955,382.06,381.8212,381.96,7647
2026-05-20 13:29:00,381.92,382.1,381.8,382.08,13111
2026-05-20 13:30:00,382.09,382.3,381.9301,381.98,7189
2026-05-20 13:31:00,381.91,382.0,381.6611,381.7837,16384
2026-05-20 13:32:00,381.76,381.8,381.51,381.68,22373
2026-05-20 13:33:00,381.75,381.75,381.3,381.54,19160
2026-05-20 13:34:00,381.525,381.61,381.3,381.33,9571
2026-05-20 13:35:00,381.4199,381.75,381.23,381.745,14553
2026-05-20 13:36:00,381.705,382.28,381.58,382.04,30639
2026-05-20 13:37:00,382.065,382.2,381.8175,381.8175,5951
2026-05-20 13:38:00,381.805,381.9,381.66,381.9,21227
2026-05-20 13:39:00,381.95,382.17,381.87,381.87,10388
2026-05-20 13:40:00,381.82,381.93,381.74,381.82,5261
2026-05-20 13:41:00,381.85,381.99,381.85,381.9,6607
2026-05-20 13:42:00,381.91,382.01,381.89,381.96,11160
2026-05-20 13:43:00,381.91,381.93,381.71,381.77,4698
2026-05-20 13:44:00,381.78,381.81,381.61,381.66,12271
2026-05-20 13:45:00,381.65,381.77,381.61,381.635,12234
2026-05-20 13:46:00,381.65,381.72,381.5172,381.605,7150
2026-05-20 13:47:00,381.5951,381.62,381.5,381.52,7853
2026-05-20 13:48:00,381.53,381.58,381.28,381.4,16706
2026-05-20 13:49:00,381.39,381.6158,381.39,381.485,5936
2026-05-20 13:50:00,381.48,381.59,381.43,381.57,6661
2026-05-20 13:51:00,381.5458,381.72,381.44,381.585,7674
2026-05-20 13:52:00,381.62,381.62,381.38,381.411,6913
2026-05-20 13:53:00,381.425,381.55,381.38,381.38,10763
2026-05-20 13:54:00,381.49,381.93,381.43,381.65,32090
2026-05-20 13:55:00,381.65,382.03,381.62,382.0,18197
2026-05-20 13:56:00,382.03,382.63,381.99,382.39,27834
2026-05-20 13:57:00,382.35,382.435,382.14,382.28,10998
2026-05-20 13:58:00,382.29,382.45,382.27,382.39,7341
2026-05-20 13:59:00,382.37,382.5699,382.26,382.4201,11840
2026-05-20 14:00:00,382.46,382.7,381.94,382.48,27204
2026-05-20 14:01:00,382.46,382.5,382.25,382.5,10173
2026-05-20 14:02:00,382.52,382.8,382.2901,382.63,26155
2026-05-20 14:03:00,382.64,382.89,382.64,382.7401,19557
2026-05-20 14:04:00,382.778,382.98,382.61,382.97,26267
2026-05-20 14:05:00,382.945,383.04,382.88,382.96,39430
2026-05-20 14:06:00,382.915,383.04,382.85,383.0,12200
2026-05-20 14:07:00,383.0,383.43,382.9551,383.355,28114
2026-05-20 14:08:00,383.4,383.6875,383.22,383.3351,30825
2026-05-20 14:09:00,383.3637,383.49,383.13,383.19,14817
2026-05-20 14:10:00,383.2,383.48,383.07,383.3,15810
2026-05-20 14:11:00,383.31,383.34,383.185,383.2429,9592
2026-05-20 14:12:00,383.24,383.25,383.05,383.18,10022
2026-05-20 14:13:00,383.18,383.25,383.01,383.13,7096
2026-05-20 14:14:00,383.12,383.14,382.95,382.97,7397
2026-05-20 14:15:00,382.95,383.29,382.9082,383.1244,19905
2026-05-20 14:16:00,383.11,383.25,383.055,383.165,14529
2026-05-20 14:17:00,383.21,383.42,383.13,383.38,8149
2026-05-20 14:18:00,383.37,383.4,383.16,383.2649,12382
2026-05-20 14:19:00,383.29,383.33,383.2,383.2003,5491
2026-05-20 14:20:00,383.2105,383.62,383.2105,383.3663,16726
2026-05-20 14:21:00,383.31,383.44,383.0977,383.135,12021
2026-05-20 14:22:00,383.16,383.18,382.96,383.01,8349
2026-05-20 14:23:00,383.02,383.24,383.0,383.225,11560
2026-05-20 14:24:00,383.225,383.225,382.73,382.74,17181
2026-05-20 14:25:00,382.68,383.0,382.56,382.635,19902
2026-05-20 14:26:00,382.65,382.795,382.61,382.795,8853
2026-05-20 14:27:00,382.77,382.873,382.7517,382.84,5479
2026-05-20 14:28:00,382.81,382.9955,382.755,382.845,7717
2026-05-20 14:29:00,382.81,383.2,382.775,383.19,10107
2026-05-20 14:30:00,383.1994,383.23,383.1,383.2,5661
2026-05-20 14:31:00,383.2,383.2,382.935,382.975,9624
2026-05-20 14:32:00,382.95,382.95,382.825,382.89,14159
2026-05-20 14:33:00,382.95,383.0099,382.76,382.8835,6942
2026-05-20 14:34:00,382.91,383.135,382.9,383.1,3598
2026-05-20 14:35:00,383.02,383.16,382.93,383.11,7645
2026-05-20 14:36:00,383.0801,383.15,382.901,383.0099,8832
2026-05-20 14:37:00,382.975,383.8,382.94,383.8,29759
2026-05-20 14:38:00,383.79,383.79,383.5601,383.73,7752
2026-05-20 14:39:00,383.695,383.91,383.66,383.79,20644
2026-05-20 14:40:00,383.785,383.85,383.7,383.74,12567
2026-05-20 14:41:00,383.745,383.78,383.52,383.56,12488
2026-05-20 14:42:00,383.55,383.62,383.4702,383.575,9500
2026-05-20 14:43:00,383.6,383.83,383.46,383.725,21445
2026-05-20 14:44:00,383.76,383.9,383.475,383.475,35792
2026-05-20 14:45:00,383.475,383.86,383.405,383.815,19745
2026-05-20 14:46:00,383.78,383.81,383.7001,383.795,32705
2026-05-20 14:47:00,383.82,383.89,383.7103,383.76,9252
2026-05-20 14:48:00,383.7762,383.7762,383.59,383.66,8996
2026-05-20 14:49:00,383.66,383.77,383.4701,383.48,4798
2026-05-20 14:50:00,383.5,383.6426,383.4316,383.5,11212
2026-05-20 14:51:00,383.54,383.6,383.45,383.465,9802
2026-05-20 14:52:00,383.455,383.73,383.455,383.705,6712
2026-05-20 14:53:00,383.7,383.86,383.6701,383.86,12639
2026-05-20 14:54:00,383.9,384.08,383.8703,383.99,48452
2026-05-20 14:55:00,383.955,384.05,383.93,384.03,23719
2026-05-20 14:56:00,384.02,384.08,383.791,383.825,28999
2026-05-20 14:57:00,383.85,384.17,383.85,384.15,13259
2026-05-20 14:58:00,384.15,384.2799,384.05,384.1234,27979
2026-05-20 14:59:00,384.14,384.15,383.9742,384.009,20435
2026-05-20 15:00:00,384.0,384.19,383.9201,384.19,10953
2026-05-20 15:01:00,384.21,384.23,383.91,383.975,6948
2026-05-20 15:02:00,383.975,384.0899,383.97,384.07,4370
2026-05-20 15:03:00,384.09,384.09,383.64,383.69,17848
2026-05-20 15:04:00,383.7,383.87,383.67,383.67,6540
2026-05-20 15:05:00,383.66,383.66,383.17,383.2,15792
2026-05-20 15:06:00,383.16,383.23,382.97,383.16,33121
2026-05-20 15:07:00,383.14,383.23,383.03,383.23,12978
2026-05-20 15:08:00,383.21,383.295,383.05,383.25,14762
2026-05-20 15:09:00,383.23,383.23,383.03,383.19,12978
2026-05-20 15:10:00,383.14,383.45,383.02,383.27,22101
2026-05-20 15:11:00,383.23,383.45,383.13,383.17,19064
2026-05-20 15:12:00,383.17,383.61,383.17,383.38,21193
2026-05-20 15:13:00,383.36,383.44,383.27,383.3999,12432
2026-05-20 15:14:00,383.4,383.59,383.35,383.47,16569
2026-05-20 15:15:00,383.48,383.57,383.38,383.49,13965
2026-05-20 15:16:00,383.49,383.49,383.14,383.34,16976
2026-05-20 15:17:00,383.34,383.37,383.2001,383.25,9225
2026-05-20 15:18:00,383.25,383.44,383.21,383.39,8257
2026-05-20 15:19:00,383.36,383.98,383.36,383.795,23888
2026-05-20 15:20:00,383.82,384.16,383.77,384.09,21616
2026-05-20 15:21:00,384.09,384.09,383.8301,383.909,19573
2026-05-20 15:22:00,383.93,384.0,383.8,383.835,11623
2026-05-20 15:23:00,383.8351,384.22,383.69,384.1,29143
2026-05-20 15:24:00,384.11,384.21,383.82,383.89,23684
2026-05-20 15:25:00,383.88,384.35,383.81,384.35,26201
2026-05-20 15:26:00,384.335,384.38,384.15,384.2,16554
2026-05-20 15:27:00,384.175,384.32,384.14,384.24,12692
2026-05-20 15:28:00,384.195,384.43,384.0501,384.11,14706
2026-05-20 15:29:00,384.105,384.2,383.99,384.13,15452
2026-05-20 15:30:00,384.08,384.37,383.74,383.74,22503
2026-05-20 15:31:00,383.81,384.4099,383.74,384.3,31246
2026-05-20 15:32:00,384.32,384.42,384.22,384.25,10723
2026-05-20 15:33:00,384.25,384.25,384.13,384.25,11675
2026-05-20 15:34:00,384.25,384.285,384.05,384.08,20698
2026-05-20 15:35:00,384.08,384.45,384.08,384.3646,14586
2026-05-20 15:36:00,384.345,384.54,384.325,384.355,20084
2026-05-20 15:37:00,384.375,384.47,384.25,384.45,7821
2026-05-20 15:38:00,384.425,384.51,384.27,384.27,8933
2026-05-20 15:39:00,384.25,384.74,384.11,384.5,43444
2026-05-20 15:40:00,384.485,384.74,384.485,384.6797,26329
2026-05-20 15:41:00,384.6999,384.6999,384.5,384.52,15153
2026-05-20 15:42:00,384.54,384.69,384.53,384.64,19373
2026-05-20 15:43:00,384.6671,384.73,384.53,384.56,22010
2026-05-20 15:44:00,384.587,384.68,384.39,384.4,17274
2026-05-20 15:45:00,384.39,384.59,384.21,384.56,31735
2026-05-20 15:46:00,384.56,384.67,384.3817,384.3817,24098
2026-05-20 15:47:00,384.44,384.49,384.0,384.02,18232
2026-05-20 15:48:00,384.0,384.72,383.99,384.6,40258
2026-05-20 15:49:00,384.605,384.69,384.4,384.61,25410
2026-05-20 15:50:00,384.51,384.59,384.04,384.13,35486
2026-05-20 15:51:00,384.14,384.26,384.03,384.115,25315
2026-05-20 15:52:00,384.12,384.41,384.07,384.3,26763
2026-05-20 15:53:00,384.31,385.1,384.31,385.1,121238
2026-05-20 15:54:00,385.1,385.22,384.77,384.82,82624
2026-05-20 15:55:00,384.83,384.95,384.17,384.1925,51300
2026-05-20 15:56:00,384.135,384.98,384.1201,384.94,173793
2026-05-20 15:57:00,384.92,385.1,384.86,384.98,87071
2026-05-20 15:58:00,384.99,385.33,384.95,385.02,127947
2026-05-20 15:59:00,385.02,385.1,384.75,384.89,245994
2026-05-20 16:00:00,384.89,385.04,384.81,385.0,2084710
2026-05-20 16:01:00,384.81,384.9,384.41,384.6261,31148
2026-05-20 16:02:00,384.87,385.0,384.87,385.0,2630
2026-05-20 16:03:00,384.9,385.05,384.89,384.95,270
2026-05-20 16:04:00,385.06,385.2,385.0043,385.2,645
2026-05-20 16:05:00,385.06,385.22,385.03,385.1,2241
2026-05-20 16:06:00,385.13,385.32,385.13,385.32,3073
2026-05-20 16:07:00,385.32,385.32,385.23,385.23,140
2026-05-20 16:08:00,385.22,385.22,385.22,385.22,60
2026-05-20 16:09:00,385.1,385.19,385.1,385.13,372
2026-05-20 16:10:00,385.06,385.21,385.06,385.11,708
2026-05-20 16:11:00,385.08,385.08,385.0,385.0,405
2026-05-20 16:12:00,385.057,385.057,384.97,384.97,249
2026-05-20 16:13:00,384.99,385.1,384.98,385.1,347
2026-05-20 16:14:00,385.1,385.1,385.0,385.05,988
2026-05-20 16:15:00,384.9844,385.006,384.9844,385.0,430
2026-05-20 16:16:00,385.0,385.0,384.9,384.9,538
2026-05-20 16:17:00,384.9,385.0,384.8515,385.0,378
2026-05-20 16:18:00,385.0,385.11,385.0,385.02,2289
2026-05-20 16:20:00,385.02,385.11,384.85,385.0,2353
2026-05-20 16:21:00,384.85,385.04,384.85,385.04,870
2026-05-20 16:22:00,385.09,385.1,384.85,384.85,1374
2026-05-20 16:23:00,384.999,385.0,384.85,384.85,453
2026-05-20 16:24:00,385.0,385.0,384.8512,384.9025,491
2026-05-20 16:25:00,384.96,384.96,384.82,384.82,709
2026-05-20 16:26:00,384.81,385.0,384.81,384.8457,618
2026-05-20 16:27:00,385.0,385.0,384.8,384.91,731
2026-05-20 16:28:00,384.8873,384.9579,384.75,384.9579,390
2026-05-20 16:29:00,384.77,384.94,384.76,384.76,353
2026-05-20 16:30:00,384.86,384.94,384.52,384.94,1235
2026-05-20 16:31:00,384.66,384.66,384.6,384.66,422
2026-05-20 16:32:00,384.5565,384.5565,384.2655,384.43,1284
2026-05-20 16:33:00,384.37,384.37,384.26,384.26,83
2026-05-20 16:34:00,384.2,384.39,384.2,384.3,2477
2026-05-20 16:35:00,384.26,384.3,384.2159,384.3,340
2026-05-20 16:38:00,384.0716,384.0716,384.0,384.0001,1441
2026-05-20 16:39:00,383.78,384.0,383.78,383.9,1207
2026-05-20 16:40:00,383.9158,384.0004,383.89,384.0004,640
2026-05-20 16:41:00,384.0,384.0957,383.94,383.94,678
2026-05-20 16:42:00,384.07,384.4,384.07,384.4,4233
2026-05-20 16:43:00,384.19,384.35,384.19,384.35,106
2026-05-20 16:44:00,384.3,384.3,384.17,384.17,140
2026-05-20 16:45:00,384.19,384.28,384.19,384.28,145
2026-05-20 16:46:00,384.19,384.33,384.19,384.3063,499
2026-05-20 16:47:00,384.1186,384.37,384.1186,384.29,1014
2026-05-20 16:48:00,384.33,384.37,384.22,384.37,458
2026-05-20 16:49:00,384.3,384.37,384.3,384.37,120
2026-05-20 16:50:00,384.1769,384.24,384.1769,384.24,140
2026-05-20 16:51:00,384.25,384.36,384.25,384.36,873
2026-05-20 16:52:00,384.24,384.33,384.12,384.33,1440
2026-05-20 16:53:00,384.0,384.0,384.0,384.0,184
2026-05-20 16:54:00,383.94,383.94,383.94,383.94,43
2026-05-20 16:55:00,383.84,384.0045,383.84,384.0045,200
2026-05-20 16:56:00,384.04,384.12,384.04,384.12,173
2026-05-20 16:57:00,384.25,384.25,384.25,384.25,186
2026-05-20 16:58:00,384.26,384.3696,384.25,384.3696,3687
2026-05-20 17:00:00,384.37,384.37,384.37,384.37,969
2026-05-20 17:01:00,384.38,384.38,384.38,384.38,40
2026-05-20 17:02:00,384.38,384.4,384.37,384.4,184
2026-05-20 17:03:00,384.28,384.4,384.28,384.4,100
2026-05-20 17:04:00,384.49,384.49,384.36,384.36,200
2026-05-20 17:05:00,384.5,384.6,384.5,384.6,300
2026-05-20 17:06:00,384.51,384.51,384.51,384.51,63
2026-05-20 17:07:00,384.7,384.7,384.7,384.7,50
2026-05-20 17:08:00,384.65,384.65,384.65,384.65,60
2026-05-20 17:09:00,384.5,384.52,384.5,384.51,200
2026-05-20 17:10:00,384.56,384.56,384.56,384.56,60
2026-05-20 17:11:00,384.6,384.6,384.6,384.6,50
2026-05-20 17:12:00,384.51,384.51,384.51,384.51,99
2026-05-20 17:13:00,384.52,384.52,384.52,384.52,100
2026-05-20 17:14:00,384.52,384.52,384.52,384.52,58
2026-05-20 17:15:00,384.67,384.67,384.67,384.67,150
2026-05-20 17:16:00,384.67,384.67,384.67,384.67,300
2026-05-20 17:20:00,384.35,384.35,384.35,384.35,50
2026-05-20 17:22:00,384.58,384.58,384.58,384.58,100
2026-05-20 17:23:00,384.6,384.6,384.6,384.6,78
2026-05-20 17:24:00,384.55,384.55,384.35,384.4,1346
2026-05-20 17:26:00,384.33,384.33,384.33,384.33,40
2026-05-20 17:27:00,384.2,384.6,384.2,384.6,837
2026-05-20 17:28:00,384.25,384.6,384.25,384.2955,172
2026-05-20 17:29:00,384.3,384.3,384.3,384.3,250
2026-05-20 17:30:00,384.25,384.26,384.25,384.26,241
2026-05-20 17:33:00,384.5545,384.5672,384.5545,384.5672,100
2026-05-20 17:34:00,384.6,384.6,384.551,384.551,350
2026-05-20 17:35:00,384.5,384.5,384.5,384.5,150
2026-05-20 17:36:00,384.35,384.58,384.35,384.54,332
2026-05-20 17:37:00,384.59,384.6,384.459,384.46,377
2026-05-20 17:39:00,384.3978,384.3978,384.3978,384.3978,100
2026-05-20 17:41:00,384.518,384.518,384.518,384.518,208
2026-05-20 17:43:00,384.53,384.6404,384.53,384.6404,305
2026-05-20 17:46:00,384.67,384.82,384.67,384.82,252
2026-05-20 17:47:00,384.61,384.61,384.61,384.61,147
2026-05-20 17:49:00,384.5677,384.5677,384.5677,384.5677,300
2026-05-20 17:50:00,384.61,384.61,384.61,384.61,50
2026-05-20 17:52:00,384.7272,384.73,384.7272,384.73,114
2026-05-20 17:53:00,384.82,384.82,384.82,384.82,50
2026-05-20 17:54:00,384.82,384.82,384.82,384.82,50
2026-05-20 17:55:00,384.82,384.8888,384.82,384.8888,696
2026-05-20 17:56:00,384.82,384.82,384.74,384.78,406
2026-05-20 17:58:00,384.62,384.62,384.53,384.53,326
2026-05-20 17:59:00,384.6,384.62,384.5,384.5,241
2026-05-20 18:00:00,384.3,384.63,384.3,384.63,202
2026-05-20 18:01:00,384.25,384.25,384.25,384.25,266
2026-05-20 18:02:00,384.1,384.1,384.1,384.1,342
2026-05-20 18:04:00,384.01,384.01,384.01,384.01,675
2026-05-20 18:05:00,384.0,384.013,384.0,384.013,295
2026-05-20 18:06:00,384.06,384.15,384.06,384.15,460
2026-05-20 18:07:00,384.1,384.1,383.35,383.35,1768
2026-05-20 18:08:00,383.4185,383.4185,383.0,383.0,684
2026-05-20 18:09:00,383.0,383.05,383.0,383.0,331
2026-05-20 18:10:00,383.0,383.0,382.8915,382.8915,250
2026-05-20 18:11:00,382.88,383.04,382.69,383.04,867
2026-05-20 18:12:00,382.83,383.05,382.83,383.05,150
2026-05-20 18:13:00,383.29,383.45,383.29,383.3,1300
2026-05-20 18:14:00,383.4,383.4,383.4,383.4,43
2026-05-20 18:15:00,383.4,383.4,383.051,383.051,166
2026-05-20 18:16:00,383.05,383.05,382.71,382.71,112
2026-05-20 18:17:00,382.86,383.36,382.86,383.36,1160
2026-05-20 18:18:00,382.8515,383.0,382.8515,382.8533,362
2026-05-20 18:19:00,383.0,383.0,382.5,382.6296,450
2026-05-20 18:20:00,382.99,383.0,382.99,383.0,130
2026-05-20 18:21:00,382.83,383.0,382.83,383.0,1383
2026-05-20 18:22:00,383.0,383.06,383.0,383.06,140
2026-05-20 18:23:00,382.813,382.813,382.813,382.813,61
2026-05-20 18:25:00,382.97,383.13,382.81,383.13,466
2026-05-20 18:26:00,383.08,383.08,383.08,383.08,40
2026-05-20 18:27:00,383.2,383.36,383.07,383.07,741
2026-05-20 18:28:00,383.06,383.19,383.06,383.19,702
2026-05-20 18:29:00,383.25,383.25,383.25,383.25,998
2026-05-20 18:30:00,383.25,383.25,383.25,383.25,139
2026-05-20 18:31:00,383.4,383.4,383.4,383.4,160
2026-05-20 18:32:00,383.3525,383.36,383.3525,383.36,140
2026-05-20 18:33:00,383.35,383.35,383.35,383.35,50
2026-05-20 18:34:00,383.3825,383.58,383.3825,383.58,106
2026-05-20 18:35:00,383.76,383.76,383.76,383.76,201
2026-05-20 18:36:00,383.76,383.76,383.76,383.76,200
2026-05-20 18:38:00,383.6,383.76,383.6,383.76,104
2026-05-20 18:40:00,383.55,383.55,383.35,383.35,890
2026-05-20 18:41:00,383.31,383.31,383.13,383.13,120
2026-05-20 18:43:00,383.1,383.21,383.1,383.15,359
2026-05-20 18:45:00,383.15,383.15,383.15,383.15,50
2026-05-20 18:46:00,382.99,382.99,382.95,382.95,1052
2026-05-20 18:48:00,383.35,383.35,383.35,383.35,440
2026-05-20 18:50:00,383.21,383.21,383.15,383.15,80
2026-05-20 18:51:00,383.27,383.5,383.27,383.5,200
2026-05-20 18:52:00,383.76,383.76,383.58,383.76,1701
2026-05-20 18:54:00,383.37,383.37,383.37,383.37,100
2026-05-20 18:56:00,383.47,383.9,383.3063,383.9,1341
2026-05-20 18:57:00,383.51,383.51,383.3,383.34,219
2026-05-20 19:00:00,383.69,383.69,383.69,383.69,1234
2026-05-20 19:04:00,383.65,383.69,383.57,383.57,503
2026-05-20 19:05:00,383.69,383.69,383.31,383.31,272
2026-05-20 19:10:00,383.74,383.74,383.74,383.74,80
2026-05-20 19:12:00,383.75,383.75,383.75,383.75,94
2026-05-20 19:15:00,383.77,383.77,383.72,383.72,224
2026-05-20 19:16:00,383.87,383.87,383.87,383.87,50
2026-05-20 19:17:00,383.74,383.74,383.73,383.73,100
2026-05-20 19:18:00,383.7,383.7,383.7,383.7,50
2026-05-20 19:22:00,383.78,383.8083,383.78,383.8083,149
2026-05-20 19:23:00,383.7,383.7,383.7,383.7,84
2026-05-20 19:24:00,383.7293,383.7293,383.7,383.7,90
2026-05-20 19:26:00,383.6,383.6,383.6,383.6,50
2026-05-20 19:27:00,383.64,383.64,383.64,383.64,50
2026-05-20 19:28:00,383.49,383.6,383.49,383.6,303
2026-05-20 19:31:00,383.2009,383.2009,383.2009,383.2009,258
2026-05-20 19:32:00,383.5904,383.5904,383.2027,383.2027,500
2026-05-20 19:33:00,383.2,383.2,383.2,383.2,123
2026-05-20 19:34:00,383.6,383.6,383.46,383.6,780
2026-05-20 19:35:00,383.5653,383.6,383.46,383.6,300
2026-05-20 19:36:00,383.59,383.5959,383.59,383.5959,150
2026-05-20 19:37:00,383.6,383.75,383.5,383.75,761
2026-05-20 19:38:00,383.5,383.5377,383.5,383.5377,200
2026-05-20 19:39:00,383.5,383.6177,383.5,383.6177,150
2026-05-20 19:42:00,383.73,383.73,383.73,383.73,60
2026-05-20 19:43:00,383.78,383.78,383.78,383.78,103
2026-05-20 19:45:00,383.62,383.72,383.62,383.72,138
2026-05-20 19:47:00,383.81,383.81,383.6447,383.6447,100
2026-05-20 19:48:00,383.62,383.81,383.62,383.81,102
2026-05-20 19:49:00,383.97,383.97,383.97,383.97,50
2026-05-20 19:50:00,383.9577,383.9577,383.9577,383.9577,65
2026-05-20 19:51:00,383.82,383.8202,383.82,383.8202,282
2026-05-20 19:52:00,383.87,383.87,383.82,383.82,240
2026-05-20 19:53:00,383.821,383.88,383.821,383.88,440
2026-05-20 19:54:00,384.0,384.0,384.0,384.0,50
2026-05-20 19:55:00,384.02,384.02,384.02,384.02,100
2026-05-20 19:56:00,384.06,384.19,384.0407,384.19,1539
2026-05-20 19:57:00,383.99,383.99,383.99,383.99,160
2026-05-20 19:58:00,383.81,383.81,383.7,383.74,259
2026-05-21 04:00:00,385.86,386.18,383.2076,384.26,30224
2026-05-21 04:01:00,384.17,386.06,383.23,384.82,2044
2026-05-21 04:02:00,384.72,384.72,384.68,384.68,98
2026-05-21 04:03:00,384.85,385.02,384.65,384.72,1262
2026-05-21 04:05:00,385.0,385.0,384.81,384.89,379
2026-05-21 04:06:00,383.81,384.5,383.81,384.5,276
2026-05-21 04:07:00,384.9,385.01,384.9,385.01,210
2026-05-21 04:08:00,384.88,384.92,384.67,384.67,602
2026-05-21 04:09:00,384.72,384.9,384.63,384.9,861
2026-05-21 04:10:00,384.83,385.07,384.83,385.07,851
2026-05-21 04:11:00,385.18,385.25,385.1,385.25,336
2026-05-21 04:12:00,385.48,385.5,385.3,385.3,339
2026-05-21 04:13:00,385.17,385.2,385.17,385.2,200
2026-05-21 04:14:00,385.34,385.5,385.18,385.47,1331
2026-05-21 04:15:00,385.58,385.58,385.58,385.58,50
2026-05-21 04:16:00,385.89,385.9,385.89,385.89,557
2026-05-21 04:17:00,385.72,385.72,385.68,385.69,250
2026-05-21 04:18:00,385.56,385.79,385.55,385.58,994
2026-05-21 04:19:00,385.36,385.53,385.36,385.53,175
2026-05-21 04:20:00,385.33,385.4,385.3,385.4,302
2026-05-21 04:21:00,385.38,385.38,385.35,385.35,220
2026-05-21 04:22:00,385.25,385.29,385.24,385.27,506
2026-05-21 04:23:00,385.29,385.42,385.29,385.4,295
2026-05-21 04:24:00,385.56,385.56,385.54,385.54,150
2026-05-21 04:27:00,385.28,385.56,385.28,385.56,242
2026-05-21 04:28:00,385.56,385.56,385.56,385.56,50
2026-05-21 04:30:00,385.69,385.69,385.68,385.68,278
2026-05-21 04:36:00,385.85,385.85,385.8,385.8,123
2026-05-21 04:37:00,385.8,385.8,385.8,385.8,41
2026-05-21 04:39:00,385.63,385.63,385.58,385.58,90
2026-05-21 04:42:00,385.55,385.63,385.55,385.63,159
2026-05-21 04:43:00,385.79,385.79,385.79,385.79,182
2026-05-21 04:44:00,385.86,385.9,385.86,385.9,288
2026-05-21 04:48:00,385.82,385.82,385.82,385.82,50
2026-05-21 04:49:00,385.84,385.84,385.84,385.84,86
2026-05-21 04:50:00,385.85,385.94,385.85,385.94,291
2026-05-21 04:51:00,385.85,385.85,385.85,385.85,86
2026-05-21 04:52:00,385.8,385.8,385.56,385.56,133
2026-05-21 04:53:00,385.55,385.55,385.55,385.55,50
2026-05-21 04:55:00,385.84,385.84,385.76,385.78,231
2026-05-21 04:56:00,385.81,385.81,385.78,385.78,159
2026-05-21 04:57:00,385.74,385.74,385.74,385.74,100
2026-05-21 04:58:00,385.66,385.68,385.66,385.68,583
2026-05-21 04:59:00,385.66,385.66,385.66,385.66,112
2026-05-21 05:01:00,385.66,385.66,385.65,385.65,151
2026-05-21 05:02:00,385.67,385.7,385.67,385.7,241
2026-05-21 05:07:00,385.68,385.68,385.68,385.68,50
2026-05-21 05:09:00,385.8,385.8,385.8,385.8,50
2026-05-21 05:10:00,385.74,385.74,385.74,385.74,100
2026-05-21 05:11:00,385.72,385.72,385.72,385.72,61
2026-05-21 05:12:00,385.75,385.75,385.75,385.75,200
2026-05-21 05:15:00,385.9824,385.9824,385.9824,385.9824,111
2026-05-21 05:17:00,386.0,386.0,385.99,385.99,218
2026-05-21 05:18:00,385.97,386.01,385.97,386.01,180
2026-05-21 05:19:00,386.06,386.08,386.05,386.06,542
2026-05-21 05:20:00,386.08,386.08,386.08,386.08,60
2026-05-21 05:21:00,386.13,386.13,386.03,386.03,366
2026-05-21 05:23:00,385.99,385.99,385.99,385.99,86
2026-05-21 05:27:00,386.09,386.1,386.09,386.1,428
2026-05-21 05:29:00,386.2472,386.2472,386.2472,386.2472,50
2026-05-21 05:30:00,386.25,386.34,386.25,386.34,351
2026-05-21 05:31:00,386.36,386.36,386.28,386.28,336
2026-05-21 05:32:00,386.13,386.13,386.13,386.13,100
2026-05-21 05:36:00,386.32,386.32,386.32,386.32,100
2026-05-21 05:37:00,386.29,386.4,386.29,386.4,482
2026-05-21 05:38:00,386.3,386.3,386.3,386.3,50
2026-05-21 05:40:00,386.32,386.32,386.29,386.29,343
2026-05-21 05:41:00,386.37,386.37,386.37,386.37,80
2026-05-21 05:42:00,386.2,386.21,386.2,386.2,155
2026-05-21 05:43:00,386.2,386.21,386.18,386.21,210
2026-05-21 05:44:00,386.03,386.03,386.0,386.0,170
2026-05-21 05:45:00,385.92,385.92,385.9,385.9,81
2026-05-21 05:46:00,385.79,385.91,385.78,385.89,401
2026-05-21 05:47:00,386.03,386.03,386.03,386.03,52
2026-05-21 05:50:00,385.98,386.0,385.98,386.0,125
2026-05-21 05:51:00,385.97,385.97,385.97,385.97,76
2026-05-21 05:52:00,385.98,386.0,385.98,386.0,158
2026-05-21 05:53:00,386.05,386.09,386.0,386.09,810
2026-05-21 05:54:00,385.9,385.9,385.9,385.9,600
2026-05-21 05:55:00,385.85,385.85,385.85,385.85,98
2026-05-21 05:56:00,385.92,385.97,385.92,385.96,489
2026-05-21 05:57:00,386.0,386.0,385.84,385.84,229
2026-05-21 05:59:00,385.9853,385.9853,385.87,385.87,173
2026-05-21 06:00:00,385.97,385.97,385.96,385.96,250
2026-05-21 06:04:00,386.07,386.07,386.07,386.07,60
2026-05-21 06:05:00,385.98,385.98,385.97,385.97,259
2026-05-21 06:06:00,385.83,385.83,385.81,385.81,250
2026-05-21 06:07:00,385.89,385.89,385.89,385.89,80
2026-05-21 06:09:00,385.71,385.74,385.71,385.74,640
2026-05-21 06:10:00,385.91,385.91,385.91,385.91,50
2026-05-21 06:11:00,385.85,385.85,385.85,385.85,84
2026-05-21 06:13:00,385.8005,385.8005,385.8005,385.8005,44
2026-05-21 06:14:00,385.91,386.11,385.91,386.11,742
2026-05-21 06:15:00,386.07,386.07,386.07,386.07,820
2026-05-21 06:16:00,386.06,386.2,386.06,386.2,153
2026-05-21 06:17:00,386.19,386.19,386.19,386.19,100
2026-05-21 06:19:00,386.04,386.04,386.01,386.01,93
2026-05-21 06:21:00,386.0,386.0,386.0,386.0,154
2026-05-21 06:22:00,385.77,385.77,385.76,385.76,223
2026-05-21 06:23:00,385.85,385.85,385.85,385.85,50
2026-05-21 06:24:00,385.83,385.83,385.83,385.83,60
2026-05-21 06:25:00,385.8,385.8,384.81,385.12,3116
2026-05-21 06:26:00,384.85,384.85,384.27,384.27,797
2026-05-21 06:27:00,384.54,384.76,384.54,384.76,240
2026-05-21 06:28:00,384.64,384.64,384.39,384.39,130
2026-05-21 06:29:00,384.43,384.43,384.31,384.39,251
2026-05-21 06:30:00,384.39,384.39,384.0,384.07,443
2026-05-21 06:31:00,384.12,384.14,384.12,384.14,214
2026-05-21 06:33:00,384.14,384.14,384.14,384.14,69
2026-05-21 06:34:00,384.4,384.4,384.4,384.4,40
2026-05-21 06:35:00,384.41,384.5,384.35,384.35,1272
2026-05-21 06:38:00,384.54,384.54,384.09,384.18,371
2026-05-21 06:39:00,383.97,383.97,383.95,383.95,143
2026-05-21 06:40:00,383.72,383.77,383.72,383.77,181
2026-05-21 06:41:00,383.9,383.91,383.74,383.74,216
2026-05-21 06:42:00,383.95,383.98,383.95,383.98,140
2026-05-21 06:43:00,384.23,384.23,384.23,384.23,104
2026-05-21 06:44:00,384.5,384.62,384.5,384.62,380
2026-05-21 06:45:00,384.7,384.7,384.7,384.7,200
2026-05-21 06:46:00,384.37,384.45,384.35,384.45,498
2026-05-21 06:47:00,384.23,384.28,384.23,384.25,237
2026-05-21 06:48:00,384.22,384.22,384.06,384.06,184
2026-05-21 06:49:00,384.15,384.15,384.15,384.15,100
2026-05-21 06:50:00,384.15,384.27,384.09,384.26,248
2026-05-21 06:51:00,384.26,384.3,384.26,384.28,1071
2026-05-21 06:52:00,384.02,384.03,384.02,384.03,153
2026-05-21 06:53:00,384.11,384.39,384.11,384.39,207
2026-05-21 06:55:00,384.4,384.4,384.4,384.4,103
2026-05-21 06:56:00,384.2,384.2,384.2,384.2,50
2026-05-21 06:58:00,384.41,384.41,384.41,384.41,48
2026-05-21 07:00:00,384.24,384.82,383.76,383.76,2861
2026-05-21 07:01:00,383.74,383.74,383.64,383.64,627
2026-05-21 07:02:00,383.76,383.76,383.71,383.71,476
2026-05-21 07:03:00,384.0,384.0,384.0,384.0,145
2026-05-21 07:04:00,384.5099,384.5099,384.5099,384.5099,55
2026-05-21 07:05:00,384.256,384.256,384.256,384.256,50
2026-05-21 07:06:00,383.8,383.89,383.8,383.88,586
2026-05-21 07:07:00,383.8,383.9718,383.8,383.9718,1126
2026-05-21 07:08:00,384.0,384.19,384.0,384.19,260
2026-05-21 07:09:00,384.4098,384.4098,384.17,384.17,302
2026-05-21 07:10:00,384.1809,384.26,384.1809,384.26,318
2026-05-21 07:11:00,384.26,384.26,384.26,384.26,40
2026-05-21 07:12:00,384.35,384.35,384.35,384.35,50
2026-05-21 07:13:00,384.35,384.49,384.35,384.49,212
2026-05-21 07:14:00,384.64,384.64,384.4,384.4,239
2026-05-21 07:15:00,384.36,384.52,384.36,384.52,574
2026-05-21 07:16:00,384.65,384.65,384.43,384.5593,392
2026-05-21 07:18:00,384.51,384.51,384.49,384.49,324
2026-05-21 07:19:00,384.5,384.5,384.48,384.48,449
2026-05-21 07:20:00,384.6549,384.6549,384.42,384.42,660
2026-05-21 07:21:00,384.4,384.4,384.4,384.4,54
2026-05-21 07:23:00,384.14,384.14,384.0,384.0,80
2026-05-21 07:25:00,384.07,384.07,384.07,384.07,40
2026-05-21 07:27:00,384.05,384.05,384.05,384.05,40
2026-05-21 07:28:00,384.15,384.2,384.07,384.13,791
2026-05-21 07:29:00,384.1544,384.1544,384.1544,384.1544,50
2026-05-21 07:31:00,384.27,384.38,384.27,384.37,590
2026-05-21 07:32:00,384.4,384.4,384.38,384.4,252
2026-05-21 07:33:00,384.4684,384.4684,384.28,384.28,300
2026-05-21 07:34:00,384.182,384.182,384.182,384.182,50
2026-05-21 07:36:00,384.21,384.23,384.17,384.17,192
2026-05-21 07:37:00,384.13,384.18,384.13,384.18,165
2026-05-21 07:38:00,384.0,384.09,384.0,384.07,1086
2026-05-21 07:39:00,384.0,384.07,384.0,384.07,153
2026-05-21 07:40:00,384.07,384.16,384.07,384.16,139
2026-05-21 07:41:00,384.06,384.06,384.06,384.06,100
2026-05-21 07:42:00,383.82,383.98,383.82,383.98,650
2026-05-21 07:43:00,383.8,384.06,383.8,384.06,155
2026-05-21 07:44:00,383.92,383.92,383.8,383.8,150
2026-05-21 07:46:00,384.01,384.01,384.01,384.01,80
2026-05-21 07:47:00,383.8,384.01,383.8,384.01,4985
2026-05-21 07:48:00,383.84,383.85,383.84,383.85,285
2026-05-21 07:49:00,383.94,384.01,383.94,384.01,180
2026-05-21 07:51:00,383.93,384.03,383.93,384.03,258
2026-05-21 07:53:00,383.9406,384.07,383.9406,384.07,3805
2026-05-21 07:54:00,384.19,384.19,383.9105,383.9105,737
2026-05-21 07:55:00,383.9345,383.9345,383.92,383.92,506
2026-05-21 07:57:00,383.96,383.96,383.92,383.92,122
2026-05-21 08:00:00,383.91,384.0,383.91,384.0,443
2026-05-21 08:01:00,383.91,384.05,383.9,384.05,410
2026-05-21 08:02:00,384.06,384.06,384.06,384.06,52
2026-05-21 08:03:00,383.84,383.84,383.82,383.82,257
2026-05-21 08:04:00,383.76,383.91,383.76,383.91,4082
2026-05-21 08:05:00,383.98,383.99,383.98,383.99,140
2026-05-21 08:06:00,383.71,383.71,383.71,383.71,50
2026-05-21 08:07:00,383.8044,383.8044,383.8044,383.8044,200
2026-05-21 08:09:00,383.65,383.65,383.65,383.65,41
2026-05-21 08:10:00,383.6377,383.6377,383.6377,383.6377,100
2026-05-21 08:11:00,383.64,383.81,383.64,383.81,340
2026-05-21 08:13:00,383.9,383.9,383.7,383.7,242
2026-05-21 08:14:00,383.73,383.73,383.73,383.73,96
2026-05-21 08:15:00,383.74,383.75,383.74,383.75,161
2026-05-21 08:16:00,383.83,383.83,383.83,383.83,50
2026-05-21 08:17:00,383.9,384.05,383.8673,384.05,204
2026-05-21 08:19:00,383.98,384.05,383.98,384.05,457
2026-05-21 08:20:00,384.05,384.08,383.89,384.08,212
2026-05-21 08:21:00,383.88,383.9109,383.88,383.9109,95
2026-05-21 08:22:00,383.835,383.835,383.835,383.835,50
2026-05-21 08:23:00,383.8,383.8809,383.8,383.8809,1257
2026-05-21 08:24:00,383.7,383.7,383.7,383.7,928
2026-05-21 08:26:00,383.63,383.63,383.63,383.63,50
2026-05-21 08:28:00,383.85,383.85,383.84,383.84,286
2026-05-21 08:29:00,383.8,383.8,383.8,383.8,361
2026-05-21 08:30:00,383.8,383.8,383.72,383.72,202
2026-05-21 08:31:00,383.6635,383.6635,383.6635,383.6635,56
2026-05-21 08:33:00,383.98,384.09,383.9,384.09,908
2026-05-21 08:34:00,384.09,384.09,384.08,384.08,113
2026-05-21 08:35:00,384.0153,384.0153,384.0153,384.0153,55
2026-05-21 08:36:00,384.0,384.05,384.0,384.02,560
2026-05-21 08:37:00,383.81,383.81,383.81,383.81,100
2026-05-21 08:38:00,384.0,384.0,383.8,383.856,267
2026-05-21 08:40:00,383.98,383.98,383.94,383.94,498
2026-05-21 08:41:00,383.82,383.8585,383.69,383.69,2886
2026-05-21 08:42:00,383.69,383.8883,383.69,383.8,646
2026-05-21 08:43:00,383.92,383.92,383.92,383.92,100
2026-05-21 08:44:00,383.85,383.99,383.85,383.99,87
2026-05-21 08:45:00,384.0,384.0,383.9356,384.0,190
2026-05-21 08:46:00,384.07,384.09,383.97,383.97,1440
2026-05-21 08:47:00,384.0345,384.2494,384.0,384.13,2040
2026-05-21 08:48:00,384.35,384.35,384.1347,384.1347,600
2026-05-21 08:49:00,384.18,384.2,384.18,384.2,145
2026-05-21 08:50:00,384.14,384.14,384.14,384.14,100
2026-05-21 08:51:00,384.04,384.04,384.01,384.01,142
2026-05-21 08:52:00,384.05,384.05,383.98,384.05,436
2026-05-21 08:53:00,384.05,384.08,383.9369,383.9369,1137
2026-05-21 08:54:00,383.92,384.05,383.92,384.05,1292
2026-05-21 08:55:00,383.97,384.05,383.9,383.9,362
2026-05-21 08:56:00,383.84,383.84,383.76,383.78,519
2026-05-21 08:57:00,383.81,383.81,383.78,383.78,686
2026-05-21 08:58:00,383.77,383.99,383.77,383.98,815
2026-05-21 08:59:00,383.94,383.94,383.85,383.9,823
2026-05-21 09:00:00,383.8,384.05,383.2,383.42,4376
2026-05-21 09:01:00,383.6,385.0,383.29,384.96,8744
2026-05-21 09:02:00,384.38,384.569,384.38,384.569,194
2026-05-21 09:03:00,384.28,384.5,383.82,383.82,1269
2026-05-21 09:04:00,383.96,384.01,383.6201,383.66,1765
2026-05-21 09:05:00,383.66,383.66,383.0,383.2077,3998
2026-05-21 09:06:00,383.21,383.4,383.0,383.07,2354
2026-05-21 09:07:00,383.27,383.49,383.17,383.378,461
2026-05-21 09:08:00,383.3955,383.3955,382.75,382.92,2652
2026-05-21 09:09:00,382.75,382.89,382.41,382.41,3302
2026-05-21 09:10:00,382.47,382.51,382.26,382.51,1116
2026-05-21 09:11:00,382.75,382.75,382.75,382.75,46
2026-05-21 09:12:00,382.96,382.96,382.67,382.67,848
2026-05-21 09:13:00,383.0,383.0,382.987,383.0,199
2026-05-21 09:14:00,383.16,383.16,383.0305,383.0305,144
2026-05-21 09:15:00,383.06,383.09,382.93,382.93,1305
2026-05-21 09:16:00,382.7,382.7,382.7,382.7,2320
2026-05-21 09:17:00,382.8,382.8,382.8,382.8,62
2026-05-21 09:18:00,382.9,383.08,382.9,382.98,150
2026-05-21 09:19:00,382.89,382.93,382.89,382.93,315
2026-05-21 09:20:00,382.96,382.96,382.76,382.76,1172
2026-05-21 09:21:00,382.61,382.8,382.51,382.8,381
2026-05-21 09:22:00,382.6,382.6,382.6,382.6,500
2026-05-21 09:23:00,382.91,382.91,382.91,382.91,76
2026-05-21 09:25:00,383.06,383.06,382.72,382.98,1479
2026-05-21 09:26:00,382.99,383.09,382.93,383.03,994
2026-05-21 09:27:00,383.17,383.53,382.19,382.19,3863
2026-05-21 09:28:00,382.22,382.22,381.31,381.35,5257
2026-05-21 09:29:00,381.34,381.85,381.24,381.66,3901
2026-05-21 09:30:00,381.99,382.67,380.65,380.9,329754
2026-05-21 09:31:00,380.73,380.9499,379.48,379.8675,126581
2026-05-21 09:32:00,379.865,381.15,379.67,380.7701,54617
2026-05-21 09:33:00,380.87,381.05,380.47,381.0099,61320
2026-05-21 09:34:00,381.01,381.63,380.87,381.34,22394
2026-05-21 09:35:00,381.32,381.38,380.755,380.98,46868
2026-05-21 09:36:00,381.11,382.24,381.01,381.895,30297
2026-05-21 09:37:00,381.895,382.66,381.895,382.5,33840
2026-05-21 09:38:00,382.425,382.645,381.52,381.54,55387
2026-05-21 09:39:00,381.58,381.965,381.31,381.3101,22671
2026-05-21 09:40:00,381.4071,382.58,381.26,382.27,33092
2026-05-21 09:41:00,382.23,382.5,381.97,382.18,30651
2026-05-21 09:42:00,382.2,382.4399,382.12,382.16,13578
2026-05-21 09:43:00,382.1141,382.79,382.1,382.635,18196
2026-05-21 09:44:00,382.635,383.0,382.538,382.775,24696
2026-05-21 09:45:00,382.87,383.12,382.28,382.35,33394
2026-05-21 09:46:00,382.34,382.6,381.9,382.3739,34133
2026-05-21 09:47:00,382.41,382.45,381.6734,381.92,26441
2026-05-21 09:48:00,381.86,382.2,381.72,381.9,18512
2026-05-21 09:49:00,381.92,382.235,381.75,381.95,22912
2026-05-21 09:50:00,381.94,382.43,381.77,382.18,23482
2026-05-21 09:51:00,382.17,382.21,381.52,381.8701,19512
2026-05-21 09:52:00,381.95,382.7653,381.91,382.095,38811
2026-05-21 09:53:00,382.08,382.42,381.72,381.99,20885
2026-05-21 09:54:00,381.96,382.3,381.67,382.27,32121
2026-05-21 09:55:00,382.27,382.565,381.62,381.73,30031
2026-05-21 09:56:00,381.65,381.8,381.07,381.55,58072
2026-05-21 09:57:00,381.49,382.1,381.26,381.61,41942
2026-05-21 09:58:00,381.56,381.9,381.065,381.8,43510
2026-05-21 09:59:00,381.805,382.17,381.805,381.99,26196
2026-05-21 10:00:00,381.9,382.3,381.9,382.13,25938
2026-05-21 10:01:00,382.12,382.13,381.375,381.56,24172
2026-05-21 10:02:00,381.5169,381.64,381.26,381.26,19218
2026-05-21 10:03:00,381.26,381.35,381.0101,381.1399,32790
2026-05-21 10:04:00,381.09,381.09,379.91,379.975,114479
2026-05-21 10:05:00,379.975,380.31,379.62,379.99,73740
2026-05-21 10:06:00,380.06,380.14,379.7,379.7962,50837
2026-05-21 10:07:00,379.83,380.11,379.51,380.11,56502
2026-05-21 10:08:00,380.14,380.465,380.11,380.375,43762
2026-05-21 10:09:00,380.42,381.101,380.41,381.0032,66493
2026-05-21 10:10:00,381.0,381.26,380.74,381.26,26187
2026-05-21 10:11:00,381.2517,381.75,380.9,380.9,32295
2026-05-21 10:12:00,380.88,380.93,380.31,380.64,55778
2026-05-21 10:13:00,380.67,380.71,380.28,380.45,31909
2026-05-21 10:14:00,380.37,381.03,380.02,380.58,66941
2026-05-21 10:15:00,380.6,381.1,380.48,381.0264,35391
2026-05-21 10:16:00,381.01,381.24,380.68,381.23,27071
2026-05-21 10:17:00,381.2,382.17,381.0901,382.05,45659
2026-05-21 10:18:00,382.06,382.2,381.54,381.97,28956
2026-05-21 10:19:00,381.93,382.35,381.84,382.02,32101
2026-05-21 10:20:00,382.03,382.14,381.61,381.73,28859
2026-05-21 10:21:00,381.74,381.74,380.89,381.29,20679
2026-05-21 10:22:00,381.25,381.7,381.05,381.665,34021
2026-05-21 10:23:00,381.64,381.96,381.53,381.79,30363
2026-05-21 10:24:00,381.74,381.82,381.4,381.415,30087
2026-05-21 10:25:00,381.445,382.1099,381.28,382.015,26626
2026-05-21 10:26:00,382.06,382.11,381.6201,381.685,16288
2026-05-21 10:27:00,381.685,382.25,381.61,382.2,24384
2026-05-21 10:28:00,382.1801,382.25,381.89,382.025,21456
2026-05-21 10:29:00,382.035,382.79,382.0,382.77,67445
2026-05-21 10:30:00,382.79,383.49,382.64,383.395,82101
2026-05-21 10:31:00,383.35,383.66,383.3,383.46,58480
2026-05-21 10:32:00,383.4799,383.915,383.46,383.9,64003
2026-05-21 10:33:00,383.86,384.32,383.63,384.1262,96590
2026-05-21 10:34:00,384.1,384.53,384.0481,384.18,54341
2026-05-21 10:35:00,384.18,384.5596,384.18,384.215,35018
2026-05-21 10:36:00,384.23,384.4,384.04,384.29,45104
2026-05-21 10:37:00,384.31,384.43,384.195,384.385,53685
2026-05-21 10:38:00,384.39,384.42,384.13,384.4,26925
2026-05-21 10:39:00,384.39,384.42,383.91,384.06,51031
2026-05-21 10:40:00,384.04,384.165,383.62,383.755,39522
2026-05-21 10:41:00,383.72,383.96,383.56,383.82,22233
2026-05-21 10:42:00,383.83,383.98,383.665,383.92,23494
2026-05-21 10:43:00,383.88,384.1237,383.795,384.105,34423
2026-05-21 10:44:00,384.115,384.2,383.8,384.12,26967
2026-05-21 10:45:00,384.12,384.34,383.94,384.12,47567
2026-05-21 10:46:00,384.2,384.225,383.86,384.01,23467
2026-05-21 10:47:00,383.99,384.24,383.81,383.89,28153
2026-05-21 10:48:00,383.92,384.41,383.76,383.9601,48425
2026-05-21 10:49:00,383.98,384.2,383.785,384.145,50774
2026-05-21 10:50:00,384.14,384.15,383.69,383.79,45761
2026-05-21 10:51:00,383.76,384.37,383.75,384.12,29587
2026-05-21 10:52:00,384.1501,384.41,384.04,384.175,26687
2026-05-21 10:53:00,384.22,384.54,384.09,384.365,23071
2026-05-21 10:54:00,384.37,384.74,384.11,384.5,33184
2026-05-21 10:55:00,384.51,384.95,384.49,384.95,30888
2026-05-21 10:56:00,384.94,385.27,384.92,385.2,54884
2026-05-21 10:57:00,385.22,385.41,385.0,385.1,33250
2026-05-21 10:58:00,385.07,385.19,384.99,385.16,27272
2026-05-21 10:59:00,385.17,385.37,384.8,384.88,34832
2026-05-21 11:00:00,384.92,385.32,384.86,385.09,31664
2026-05-21 11:01:00,385.1,385.13,384.7,384.8034,29181
2026-05-21 11:02:00,384.87,385.36,384.86,385.315,23586
2026-05-21 11:03:00,385.32,385.34,384.77,384.85,14311
2026-05-21 11:04:00,384.85,385.1,384.7,385.05,16553
2026-05-21 11:05:00,385.0301,385.105,384.57,384.625,16392
2026-05-21 11:06:00,384.607,384.92,384.39,384.59,25772
2026-05-21 11:07:00,384.56,384.73,384.265,384.53,16348
2026-05-21 11:08:00,384.49,384.78,384.26,384.37,17055
2026-05-21 11:09:00,384.31,384.62,384.14,384.55,11602
2026-05-21 11:10:00,384.53,384.65,383.9217,384.64,29323
2026-05-21 11:11:00,384.61,384.74,384.545,384.63,11532
2026-05-21 11:12:00,384.61,384.69,384.4,384.55,15737
2026-05-21 11:13:00,384.48,385.46,384.365,385.3371,33079
2026-05-21 11:14:00,385.42,385.5,385.15,385.39,28163
2026-05-21 11:15:00,385.4451,385.48,384.97,385.2,16015
2026-05-21 11:16:00,385.215,385.27,385.0205,385.15,12153
2026-05-21 11:17:00,385.17,385.33,385.04,385.1,11453
2026-05-21 11:18:00,385.1,385.21,384.965,385.21,12588
2026-05-21 11:19:00,385.24,385.48,385.15,385.36,26986
2026-05-21 11:20:00,385.36,385.58,385.1625,385.51,26853
2026-05-21 11:21:00,385.49,385.54,385.125,385.13,29457
2026-05-21 11:22:00,385.155,385.22,385.0,385.18,14987
2026-05-21 11:23:00,385.16,385.44,385.09,385.115,22938
2026-05-21 11:24:00,385.115,385.18,384.735,384.8,13365
2026-05-21 11:25:00,384.72,384.87,384.66,384.84,9961
2026-05-21 11:26:00,384.82,385.05,384.77,384.81,8768
2026-05-21 11:27:00,384.84,385.29,384.84,385.235,19089
2026-05-21 11:28:00,385.22,385.47,385.13,385.38,17467
2026-05-21 11:29:00,385.35,385.51,385.25,385.445,13523
2026-05-21 11:30:00,385.44,385.76,385.3,385.465,24724
2026-05-21 11:31:00,385.4975,385.57,385.25,385.39,17910
2026-05-21 11:32:00,385.46,385.66,385.18,385.25,19396
2026-05-21 11:33:00,385.23,385.33,385.08,385.165,24645
2026-05-21 11:34:00,385.17,385.29,385.03,385.195,15488
2026-05-21 11:35:00,385.15,385.8075,385.11,385.695,43545
2026-05-21 11:36:00,385.73,385.93,385.3,385.93,11189
2026-05-21 11:37:00,385.89,386.22,385.71,386.09,39060
2026-05-21 11:38:00,386.06,386.2499,386.02,386.215,25052
2026-05-21 11:39:00,386.205,386.67,386.09,386.6,12789
2026-05-21 11:40:00,386.57,386.63,386.1,386.11,28322
2026-05-21 11:41:00,386.11,386.16,385.77,385.8,14247
2026-05-21 11:42:00,385.8,386.13,385.79,386.125,36521
2026-05-21 11:43:00,386.139,386.59,386.075,386.43,17095
2026-05-21 11:44:00,386.465,386.54,385.95,386.26,15827
2026-05-21 11:45:00,386.3928,386.4699,386.18,386.35,9324
2026-05-21 11:46:00,386.345,386.35,386.05,386.13,15594
2026-05-21 11:47:00,386.14,386.19,385.905,386.13,20679
2026-05-21 11:48:00,386.145,386.17,385.91,385.98,7527
2026-05-21 11:49:00,385.95,386.04,385.7,385.78,12318
2026-05-21 11:50:00,385.79,385.87,385.5,385.525,16861
2026-05-21 11:51:00,385.54,385.62,385.44,385.5357,6904
2026-05-21 11:52:00,385.55,385.55,385.38,385.44,10144
2026-05-21 11:53:00,385.4205,385.76,385.35,385.73,23403
2026-05-21 11:54:00,385.7601,385.85,385.51,385.52,12426
2026-05-21 11:55:00,385.51,385.645,385.355,385.63,19899
2026-05-21 11:56:00,385.6487,385.69,385.37,385.62,30404
2026-05-21 11:57:00,385.66,385.83,385.475,385.8299,13461
2026-05-21 11:58:00,385.805,385.945,385.66,385.93,10535
2026-05-21 11:59:00,385.93,385.93,385.56,385.675,10520
2026-05-21 12:00:00,385.7,386.14,385.67,386.085,23375
2026-05-21 12:01:00,386.115,386.37,386.01,386.03,12042
2026-05-21 12:02:00,386.07,386.15,385.675,385.82,16461
2026-05-21 12:03:00,385.82,386.0,385.81,386.0,9436
2026-05-21 12:04:00,385.975,386.12,385.8566,386.07,10248
2026-05-21 12:05:00,386.07,386.08,385.72,385.76,15528
2026-05-21 12:06:00,385.77,385.8,385.41,385.59,9535
2026-05-21 12:07:00,385.595,385.8399,385.56,385.76,10249
2026-05-21 12:08:00,385.76,386.0193,385.76,385.92,14402
2026-05-21 12:09:00,385.92,385.96,385.75,385.94,12489
2026-05-21 12:10:00,385.92,385.97,385.66,385.68,14156
2026-05-21 12:11:00,385.71,385.9,385.39,385.9,12701
2026-05-21 12:12:00,385.895,385.93,385.73,385.86,6753
2026-05-21 12:13:00,385.845,385.92,385.37,385.42,21512
2026-05-21 12:14:00,385.435,385.63,385.32,385.52,21293
2026-05-21 12:15:00,385.49,385.5425,385.23,385.44,9922
2026-05-21 12:16:00,385.44,385.605,385.22,385.58,13684
2026-05-21 12:17:00,385.63,385.77,385.48,385.71,9737
2026-05-21 12:18:00,385.65,385.77,385.63,385.74,7559
2026-05-21 12:19:00,385.65,385.84,385.54,385.83,13469
2026-05-21 12:20:00,385.83,385.96,385.35,385.515,12083
2026-05-21 12:21:00,385.52,385.565,385.24,385.295,6364
2026-05-21 12:22:00,385.24,385.31,384.95,384.99,24288
2026-05-21 12:23:00,384.99,385.26,384.9301,385.165,17461
2026-05-21 12:24:00,385.1501,385.47,385.085,385.385,14762
2026-05-21 12:25:00,385.4,385.45,385.09,385.09,6259
2026-05-21 12:26:00,385.11,385.24,385.0,385.05,14307
2026-05-21 12:27:00,385.01,385.375,385.0001,385.35,10427
2026-05-21 12:28:00,385.37,385.37,385.0902,385.2,4728
2026-05-21 12:29:00,385.16,385.23,385.06,385.1926,5001
2026-05-21 12:30:00,385.19,385.33,385.07,385.22,7874
2026-05-21 12:31:00,385.2,385.23,384.98,385.045,10653
2026-05-21 12:32:00,385.02,385.15,384.88,385.15,25832
2026-05-21 12:33:00,385.16,385.3696,385.14,385.28,14126
2026-05-21 12:34:00,385.26,385.26,384.9501,384.97,10859
2026-05-21 12:35:00,385.01,385.04,384.83,385.03,13570
2026-05-21 12:36:00,385.0,385.025,384.62,384.64,17351
2026-05-21 12:37:00,384.64,384.76,384.43,384.43,15709
2026-05-21 12:38:00,384.47,384.49,384.07,384.18,9260
2026-05-21 12:39:00,384.15,384.3199,384.1101,384.2701,10266
2026-05-21 12:40:00,384.3,384.32,384.145,384.205,8424
2026-05-21 12:41:00,384.19,384.275,384.028,384.245,5885
2026-05-21 12:42:00,384.25,384.57,384.2401,384.51,5432
2026-05-21 12:43:00,384.54,384.6,384.31,384.43,7822
2026-05-21 12:44:00,384.435,384.55,384.27,384.3368,6027
2026-05-21 12:45:00,384.359,384.6,384.345,384.44,5227
2026-05-21 12:46:00,384.43,384.43,383.86,383.89,13094
2026-05-21 12:47:00,383.89,384.09,383.8,384.05,23042
2026-05-21 12:48:00,384.03,384.08,383.82,383.88,7877
2026-05-21 12:49:00,383.9,384.01,383.89,383.9965,15410
2026-05-21 12:50:00,383.98,383.99,383.63,383.69,9161
2026-05-21 12:51:00,383.67,383.92,383.6,383.92,8271
2026-05-21 12:52:00,383.885,384.12,383.85,383.9486,6087
2026-05-21 12:53:00,383.945,384.22,383.945,384.045,17480
2026-05-21 12:54:00,384.01,384.06,383.81,383.905,11120
2026-05-21 12:55:00,383.88,384.26,383.84,384.235,5080
2026-05-21 12:56:00,384.23,384.52,384.23,384.31,10155
2026-05-21 12:57:00,384.29,384.3799,384.14,384.3,10685
2026-05-21 12:58:00,384.27,384.355,384.25,384.33,5171
2026-05-21 12:59:00,384.34,384.4799,384.32,384.34,4229
2026-05-21 13:00:00,384.34,384.57,384.34,384.3903,6396
2026-05-21 13:01:00,384.395,384.465,384.26,384.3,3552
2026-05-21 13:02:00,384.335,384.5099,384.25,384.41,5604
2026-05-21 13:03:00,384.45,384.67,384.45,384.64,8304
2026-05-21 13:04:00,384.67,384.73,384.56,384.59,7136
2026-05-21 13:05:00,384.6,384.68,384.5,384.525,6723
2026-05-21 13:06:00,384.525,384.6399,384.33,384.48,5551
2026-05-21 13:07:00,384.48,384.53,384.37,384.39,7503
2026-05-21 13:08:00,384.39,384.4199,384.225,384.4,10470
2026-05-21 13:09:00,384.37,384.44,384.27,384.2925,5531
2026-05-21 13:10:00,384.255,384.95,384.21,384.88,43293
2026-05-21 13:11:00,384.87,385.31,384.87,385.01,32454
2026-05-21 13:12:00,385.08,385.1,384.48,385.0299,21652
2026-05-21 13:13:00,384.9279,384.96,384.69,384.85,11010
2026-05-21 13:14:00,384.87,385.165,384.8,385.14,28718
2026-05-21 13:15:00,385.19,385.57,385.14,385.57,16346
2026-05-21 13:16:00,385.53,386.42,385.52,386.33,50303
2026-05-21 13:17:00,386.325,386.51,385.95,385.99,57434
2026-05-21 13:18:00,385.99,386.4,385.69,386.4,14958
2026-05-21 13:19:00,386.42,386.48,386.2,386.28,20044
2026-05-21 13:20:00,386.23,386.7492,386.2,386.68,34971
2026-05-21 13:21:00,386.685,387.12,386.65,387.0,27529
2026-05-21 13:22:00,387.015,387.065,386.08,386.32,33456
2026-05-21 13:23:00,386.35,386.39,385.33,385.8,26490
2026-05-21 13:24:00,385.81,386.04,385.735,386.0,13325
2026-05-21 13:25:00,386.06,386.35,386.035,386.2299,20045
2026-05-21 13:26:00,386.25,386.32,385.825,386.15,31169
2026-05-21 13:27:00,386.15,386.35,386.0,386.34,19445
2026-05-21 13:28:00,386.31,386.58,386.22,386.58,15616
2026-05-21 13:29:00,386.61,386.7,386.51,386.54,16116
2026-05-21 13:30:00,386.525,386.83,386.495,386.81,18039
2026-05-21 13:31:00,386.83,386.84,386.61,386.79,20373
2026-05-21 13:32:00,386.7823,386.7823,386.47,386.54,17604
2026-05-21 13:33:00,386.5899,386.66,386.09,386.24,11348
2026-05-21 13:34:00,386.17,386.55,386.17,386.48,6967
2026-05-21 13:35:00,386.47,386.83,386.45,386.64,11439
2026-05-21 13:36:00,386.57,386.615,386.49,386.495,4594
2026-05-21 13:37:00,386.45,386.6,386.37,386.45,4329
2026-05-21 13:38:00,386.48,386.5599,386.33,386.35,6465
2026-05-21 13:39:00,386.365,386.75,386.3364,386.56,16728
2026-05-21 13:40:00,386.63,387.09,386.6,387.01,21742
2026-05-21 13:41:00,387.03,387.335,386.98,387.245,12546
2026-05-21 13:42:00,387.265,387.32,387.0,387.07,8731
2026-05-21 13:43:00,387.07,387.12,386.935,387.05,7726
2026-05-21 13:44:00,387.02,387.15,386.94,387.15,10725
2026-05-21 13:45:00,387.16,387.26,386.725,386.79,10885
2026-05-21 13:46:00,386.785,387.07,386.785,387.07,8398
2026-05-21 13:47:00,387.0802,387.14,386.95,387.0,5813
2026-05-21 13:48:00,387.029,387.3973,387.029,387.28,7647
2026-05-21 13:49:00,387.29,387.6,387.28,387.5844,12143
2026-05-21 13:50:00,387.6,387.655,387.4,387.51,8894
2026-05-21 13:51:00,387.51,387.76,387.49,387.735,9537
2026-05-21 13:52:00,387.74,387.96,387.74,387.91,12213
2026-05-21 13:53:00,387.91,388.075,387.885,388.075,18899
2026-05-21 13:54:00,388.06,388.46,388.06,388.3301,19751
2026-05-21 13:55:00,388.34,388.54,388.19,388.2,19979
2026-05-21 13:56:00,388.18,388.51,388.15,388.18,116876
2026-05-21 13:57:00,388.21,388.68,388.21,388.515,28983
2026-05-21 13:58:00,388.515,388.5599,388.21,388.24,97671
2026-05-21 13:59:00,388.26,388.28,388.0,388.0,12462
2026-05-21 14:00:00,388.0,388.17,387.91,387.91,8836
2026-05-21 14:01:00,387.91,388.05,387.38,387.48,20111
2026-05-21 14:02:00,387.51,387.57,387.15,387.24,9928
2026-05-21 14:03:00,387.29,387.41,387.1,387.205,12715
2026-05-21 14:04:00,387.18,387.21,386.39,386.4,28208
2026-05-21 14:05:00,386.4,386.56,386.29,386.42,16021
2026-05-21 14:06:00,386.425,386.8,386.32,386.725,31056
2026-05-21 14:07:00,386.74,386.87,386.66,386.8,23618
2026-05-21 14:08:00,386.87,386.93,386.69,386.85,13510
2026-05-21 14:09:00,386.79,386.9093,386.52,386.52,9577
2026-05-21 14:10:00,386.5,386.72,386.43,386.435,18022
2026-05-21 14:11:00,386.435,386.62,386.34,386.42,6882
2026-05-21 14:12:00,386.39,386.51,386.29,386.33,4560
2026-05-21 14:13:00,386.29,386.36,386.2,386.31,5394
2026-05-21 14:14:00,386.31,386.31,385.97,386.055,14113
2026-05-21 14:15:00,386.07,386.2,386.04,386.1,8925
2026-05-21 14:16:00,386.09,386.245,386.07,386.07,8910
2026-05-21 14:17:00,386.08,386.3951,386.0,386.38,27053
2026-05-21 14:18:00,386.38,386.75,386.37,386.52,26992
2026-05-21 14:19:00,386.4901,386.7,386.4901,386.7,8198
2026-05-21 14:20:00,386.67,386.85,386.61,386.85,25396
2026-05-21 14:21:00,386.86,387.15,386.825,386.89,21665
2026-05-21 14:22:00,386.88,386.9999,386.755,386.86,11917
2026-05-21 14:23:00,386.83,386.83,386.68,386.735,3844
2026-05-21 14:24:00,386.7133,386.88,386.6101,386.805,9012
2026-05-21 14:25:00,386.77,386.82,386.64,386.6764,7570
2026-05-21 14:26:00,386.7,386.76,386.6119,386.68,9026
2026-05-21 14:27:00,386.63,386.6799,386.545,386.6,10542
2026-05-21 14:28:00,386.56,386.86,386.56,386.66,9723
2026-05-21 14:29:00,386.67,386.675,386.57,386.59,7354
2026-05-21 14:30:00,386.61,386.715,386.4601,386.715,5362
2026-05-21 14:31:00,386.68,386.78,386.56,386.59,9988
2026-05-21 14:32:00,386.63,386.7,386.17,386.205,25671
2026-05-21 14:33:00,386.19,386.45,386.15,386.415,12012
2026-05-21 14:34:00,386.415,386.59,386.41,386.57,8702
2026-05-21 14:35:00,386.51,386.51,386.39,386.44,6969
2026-05-21 14:36:00,386.44,386.66,386.3401,386.485,12359
2026-05-21 14:37:00,386.52,386.79,386.4301,386.4301,13668
2026-05-21 14:38:00,386.42,386.5199,386.18,386.37,18380
2026-05-21 14:39:00,386.345,386.39,386.23,386.32,4977
2026-05-21 14:40:00,386.33,386.64,386.28,386.63,7014
2026-05-21 14:41:00,386.625,386.75,386.57,386.58,7815
2026-05-21 14:42:00,386.57,386.78,386.57,386.775,3843
2026-05-21 14:43:00,386.775,386.87,386.73,386.8371,9886
2026-05-21 14:44:00,386.84,386.96,386.8002,386.85,7027
2026-05-21 14:45:00,386.86,386.96,386.75,386.83,11055
2026-05-21 14:46:00,386.81,386.84,386.43,386.51,7687
2026-05-21 14:47:00,386.51,386.73,386.51,386.695,7074
2026-05-21 14:48:00,386.6719,386.73,386.09,386.28,25744
2026-05-21 14:49:00,386.32,386.54,386.32,386.3375,6071
2026-05-21 14:50:00,386.37,386.69,386.3501,386.66,8651
2026-05-21 14:51:00,386.64,386.66,386.44,386.61,9116
2026-05-21 14:52:00,386.605,386.61,385.37,385.5075,39956
2026-05-21 14:53:00,385.49,385.97,385.39,385.445,9645
2026-05-21 14:54:00,385.4,385.62,384.68,384.68,42333
2026-05-21 14:55:00,384.65,384.84,384.425,384.6495,15519
2026-05-21 14:56:00,384.67,384.93,384.54,384.6825,14836
2026-05-21 14:57:00,384.64,384.705,384.5,384.609,18848
2026-05-21 14:58:00,384.59,384.64,384.3,384.45,10666
2026-05-21 14:59:00,384.42,384.83,384.39,384.79,17392
2026-05-21 15:00:00,384.77,385.04,384.73,384.76,9789
2026-05-21 15:01:00,384.84,385.02,384.67,384.8228,13347
2026-05-21 15:02:00,384.76,384.805,384.29,384.36,4920
2026-05-21 15:03:00,384.34,384.855,384.34,384.78,6042
2026-05-21 15:04:00,384.78,384.9,384.605,384.785,10205
2026-05-21 15:05:00,384.7851,384.87,384.535,384.59,6907
2026-05-21 15:06:00,384.61,384.65,384.16,384.34,10820
2026-05-21 15:07:00,384.29,384.47,384.24,384.38,12338
2026-05-21 15:08:00,384.38,385.01,384.34,384.8465,10737
2026-05-21 15:09:00,384.83,385.12,384.8,384.97,10279
2026-05-21 15:10:00,384.91,384.92,384.63,384.665,9349
2026-05-21 15:11:00,384.645,384.73,384.59,384.665,4438
2026-05-21 15:12:00,384.595,384.8,384.595,384.8,5124
2026-05-21 15:13:00,384.78,384.83,384.62,384.65,9539
2026-05-21 15:14:00,384.675,384.71,384.47,384.63,7128
2026-05-21 15:15:00,384.69,384.77,384.52,384.6955,10051
2026-05-21 15:16:00,384.72,384.8299,384.51,384.53,7021
2026-05-21 15:17:00,384.53,384.62,384.32,384.57,16080
2026-05-21 15:18:00,384.57,384.66,384.5,384.64,5117
2026-05-21 15:19:00,384.66,384.87,384.61,384.8,11034
2026-05-21 15:20:00,384.7799,384.82,384.61,384.68,7005
2026-05-21 15:21:00,384.72,384.75,384.53,384.53,9321
2026-05-21 15:22:00,384.53,384.58,384.435,384.48,7711
2026-05-21 15:23:00,384.42,384.57,384.38,384.42,11146
2026-05-21 15:24:00,384.47,384.75,384.4101,384.67,17613
2026-05-21 15:25:00,384.68,384.84,384.66,384.79,9284
2026-05-21 15:26:00,384.82,384.915,384.79,384.87,5139
2026-05-21 15:27:00,384.81,384.86,384.65,384.695,14323
2026-05-21 15:28:00,384.67,385.11,384.67,385.095,6256
2026-05-21 15:29:00,385.07,385.11,384.85,385.04,20239
2026-05-21 15:30:00,385.03,385.405,385.01,385.13,10168
2026-05-21 15:31:00,385.15,385.19,384.8907,385.02,7512
2026-05-21 15:32:00,385.0,385.0,384.72,384.79,7596
2026-05-21 15:33:00,384.81,384.83,384.635,384.635,6807
2026-05-21 15:34:00,384.6,384.76,384.5401,384.72,9379
2026-05-21 15:35:00,384.73,384.755,384.52,384.69,8079
2026-05-21 15:36:00,384.67,384.76,384.64,384.66,7412
2026-05-21 15:37:00,384.64,384.64,384.36,384.375,6817
2026-05-21 15:38:00,384.35,384.4,384.3,384.34,10860
2026-05-21 15:39:00,384.34,384.6,384.315,384.56,15540
2026-05-21 15:40:00,384.555,384.77,384.46,384.47,12222
2026-05-21 15:41:00,384.47,384.53,384.34,384.34,10155
2026-05-21 15:42:00,384.33,384.43,384.21,384.265,12883
2026-05-21 15:43:00,384.25,384.42,384.21,384.42,10490
2026-05-21 15:44:00,384.42,384.585,384.385,384.45,17781
2026-05-21 15:45:00,384.44,384.48,384.31,384.4499,35370
2026-05-21 15:46:00,384.42,384.59,384.33,384.5701,13061
2026-05-21 15:47:00,384.55,384.56,384.45,384.52,11359
2026-05-21 15:48:00,384.52,384.745,384.514,384.74,14622
2026-05-21 15:49:00,384.76,384.795,384.605,384.74,18917
2026-05-21 15:50:00,384.76,384.86,384.0,384.47,86386
2026-05-21 15:51:00,384.49,384.49,384.25,384.26,36949
2026-05-21 15:52:00,384.23,384.33,384.12,384.28,34806
2026-05-21 15:53:00,384.26,384.26,383.34,383.35,78269
2026-05-21 15:54:00,383.38,383.38,382.34,382.63,117929
2026-05-21 15:55:00,382.59,382.71,382.0,382.41,192809
2026-05-21 15:56:00,382.41,383.23,382.41,383.01,178514
2026-05-21 15:57:00,383.0,383.63,382.79,383.34,208606
2026-05-21 15:58:00,383.35,383.68,383.25,383.355,171591
2026-05-21 15:59:00,383.36,383.63,383.23,383.47,379801
2026-05-21 16:00:00,383.53,383.61,383.47,383.6,3726825
2026-05-21 16:01:00,383.8,383.8,383.5,383.5,93
2026-05-21 16:02:00,383.79,383.79,383.79,383.79,40
2026-05-21 16:03:00,383.88,384.29,383.79,384.06,2301
2026-05-21 16:04:00,383.97,383.99,383.47,383.47,259
2026-05-21 16:05:00,383.7,383.7775,383.48,383.7775,735
2026-05-21 16:06:00,383.84,383.99,383.84,383.96,1526
2026-05-21 16:07:00,383.8659,383.9,383.85,383.9,322
2026-05-21 16:08:00,383.92,384.14,383.84,384.13,1080
2026-05-21 16:10:00,383.97,383.97,383.97,383.97,100
2026-05-21 16:11:00,383.88,384.0,383.88,384.0,191
2026-05-21 16:12:00,383.88,383.88,383.82,383.82,162
2026-05-21 16:13:00,383.93,383.93,383.93,383.93,50
2026-05-21 16:14:00,383.8,383.8,383.8,383.8,58
2026-05-21 16:15:00,383.65,383.65,383.65,383.65,60
2026-05-21 16:19:00,383.79,383.79,383.79,383.79,100
2026-05-21 16:20:00,383.7491,383.7491,383.7491,383.7491,100
2026-05-21 16:22:00,383.79,383.79,383.79,383.79,50
2026-05-21 16:24:00,383.98,384.04,383.98,384.0,1644
2026-05-21 16:25:00,384.03,384.03,384.03,384.03,73
2026-05-21 16:27:00,384.14,384.17,384.0221,384.0221,1106
2026-05-21 16:28:00,384.14,384.15,384.0,384.0,144
2026-05-21 16:29:00,384.13,384.15,384.13,384.14,342
2026-05-21 16:30:00,384.15,384.15,384.14,384.15,121
2026-05-21 16:32:00,384.24,384.24,384.24,384.24,42
2026-05-21 16:33:00,384.25,384.28,384.25,384.28,1050
2026-05-21 16:35:00,384.4694,384.4694,384.4694,384.4694,45
2026-05-21 16:37:00,384.48,384.48,384.48,384.48,50
2026-05-21 16:39:00,384.3084,384.49,384.3084,384.49,144
2026-05-21 16:40:00,384.474,384.474,384.474,384.474,40
2026-05-21 16:43:00,384.37,384.37,384.37,384.37,133
2026-05-21 16:45:00,384.34,384.34,384.34,384.34,100
2026-05-21 16:47:00,384.31,384.35,384.26,384.35,724
2026-05-21 16:49:00,384.28,384.28,384.28,384.28,56
2026-05-21 16:50:00,384.47,384.47,384.47,384.47,88
2026-05-21 16:51:00,384.49,384.49,384.48,384.49,221
2026-05-21 16:52:00,384.315,384.315,384.315,384.315,75
2026-05-21 16:53:00,384.31,384.31,384.31,384.31,80
2026-05-21 16:54:00,384.34,384.35,384.34,384.35,157
2026-05-21 16:55:00,384.35,384.35,384.35,384.35,242
2026-05-21 16:57:00,384.3,384.3,384.3,384.3,100
2026-05-21 16:58:00,384.29,384.29,384.29,384.29,53
2026-05-21 16:59:00,384.35,384.35,384.35,384.35,130
2026-05-21 17:00:00,384.49,384.49,384.49,384.49,805
2026-05-21 17:01:00,384.39,384.39,384.39,384.39,69
2026-05-21 17:02:00,384.5,384.5,384.5,384.5,140
2026-05-21 17:04:00,384.35,384.5,384.35,384.49,1629
2026-05-21 17:10:00,384.49,384.56,384.37,384.44,325
2026-05-21 17:11:00,384.4,384.4,384.4,384.4,50
2026-05-21 17:12:00,384.32,384.32,384.2,384.2,1192
2026-05-21 17:13:00,384.2,384.2,384.2,384.2,606
2026-05-21 17:14:00,384.2,384.2,384.2,384.2,788
2026-05-21 17:15:00,384.2,384.25,384.19,384.25,444
2026-05-21 17:17:00,384.356,384.356,384.356,384.356,50
2026-05-21 17:18:00,384.46,384.46,384.46,384.46,200
2026-05-21 17:20:00,384.18,384.18,384.18,384.18,52
2026-05-21 17:22:00,384.5,384.5,384.5,384.5,50
2026-05-21 17:25:00,384.49,384.49,384.49,384.49,50
2026-05-21 17:28:00,384.4,384.4,384.4,384.4,40
2026-05-21 17:33:00,384.5,384.5,384.5,384.5,60
2026-05-21 17:34:00,384.5,384.5,384.5,384.5,500
2026-05-21 17:35:00,384.4,384.4005,384.4,384.4005,197
2026-05-21 17:36:00,384.4,384.4,384.33,384.33,115
2026-05-21 17:40:00,384.34,384.34,384.34,384.34,80
2026-05-21 17:44:00,384.21,384.21,384.21,384.21,40
2026-05-21 17:46:00,384.2,384.2,384.2,384.2,50
2026-05-21 17:52:00,384.3,384.34,384.3,384.34,147
2026-05-21 17:59:00,384.26,384.26,384.18,384.18,421
2026-05-21 18:02:00,384.39,384.39,384.39,384.39,187
2026-05-21 18:03:00,384.39,384.76,384.39,384.68,1553
2026-05-21 18:04:00,384.5,384.54,384.45,384.5,384
2026-05-21 18:05:00,384.54,384.65,384.35,384.35,636
2026-05-21 18:07:00,384.53,384.63,384.0,384.45,637
2026-05-21 18:08:00,384.45,384.54,384.1,384.1,169
2026-05-21 18:12:00,384.55,384.58,384.55,384.58,278
2026-05-21 18:13:00,384.2183,384.58,384.2183,384.58,475
2026-05-21 18:14:00,384.58,384.58,384.56,384.58,510
2026-05-21 18:15:00,384.64,384.65,384.64,384.64,140
2026-05-21 18:16:00,384.65,384.69,384.65,384.69,80
2026-05-21 18:17:00,384.6,384.6,384.6,384.6,88
2026-05-21 18:18:00,384.59,384.59,384.59,384.59,50
2026-05-21 18:20:00,384.41,384.5,384.41,384.41,155
2026-05-21 18:21:00,384.42,384.6,384.42,384.6,1217
2026-05-21 18:22:00,384.69,384.7,384.69,384.7,213
2026-05-21 18:24:00,384.7,384.7,384.7,384.7,49
2026-05-21 18:27:00,384.6,384.6,384.6,384.6,150
2026-05-21 18:28:00,384.6,384.7,384.5,384.7,488
2026-05-21 18:30:00,384.6175,384.6175,384.4,384.4,140
2026-05-21 18:32:00,384.6,384.6,384.6,384.6,45
2026-05-21 18:33:00,384.69,384.69,384.61,384.61,82
2026-05-21 18:34:00,384.6003,384.6003,384.4,384.4,319
2026-05-21 18:35:00,384.56,384.56,384.56,384.56,50
2026-05-21 18:36:00,384.65,384.65,384.4238,384.4325,297
2026-05-21 18:38:00,384.63,384.63,384.58,384.58,383
2026-05-21 18:40:00,384.46,384.46,384.42,384.42,167
2026-05-21 18:41:00,384.65,384.78,384.6,384.6,400
2026-05-21 18:42:00,384.82,384.98,384.82,384.82,405
2026-05-21 18:43:00,384.85,384.9,384.85,384.9,309
2026-05-21 18:45:00,384.503,384.98,384.503,384.98,426
2026-05-21 18:46:00,384.99,385.0,384.99,385.0,809
2026-05-21 18:47:00,385.32,385.32,385.32,385.32,200
2026-05-21 18:48:00,384.98,385.44,384.98,385.39,614
2026-05-21 18:49:00,385.24,385.42,385.24,385.42,366
2026-05-21 18:50:00,385.21,385.48,385.21,385.48,249
2026-05-21 18:53:00,385.3,385.3,385.3,385.3,79
2026-05-21 18:54:00,385.29,385.3,385.29,385.3,198
2026-05-21 18:55:00,385.25,385.25,385.07,385.07,239
2026-05-21 18:56:00,385.29,385.29,385.29,385.29,400
2026-05-21 18:57:00,385.2,385.2,385.2,385.2,199
2026-05-21 18:58:00,385.3,385.3,385.3,385.3,153
2026-05-21 18:59:00,385.3,385.3,385.25,385.25,404
2026-05-21 19:00:00,385.27,385.35,385.27,385.35,167
2026-05-21 19:03:00,385.29,385.38,385.29,385.38,184
2026-05-21 19:04:00,385.42,385.42,385.35,385.35,255
2026-05-21 19:05:00,385.39,385.39,385.3,385.3,262
2026-05-21 19:06:00,385.05,385.5,385.05,385.5,507
2026-05-21 19:07:00,385.3,385.5,385.3,385.5,400
2026-05-21 19:08:00,385.43,385.43,385.43,385.43,75
2026-05-21 19:09:00,385.05,385.05,385.05,385.05,520
2026-05-21 19:10:00,385.43,385.5,385.43,385.5,340
2026-05-21 19:12:00,385.4502,385.4502,385.4502,385.4502,300
2026-05-21 19:13:00,385.51,385.65,385.51,385.65,547
2026-05-21 19:14:00,385.73,385.73,385.41,385.41,148
2026-05-21 19:17:00,385.65,385.65,385.65,385.65,56
2026-05-21 19:18:00,385.69,385.69,385.5,385.5,450
2026-05-21 19:19:00,385.65,385.65,385.65,385.65,300
2026-05-21 19:20:00,385.4996,385.4996,385.4996,385.4996,50
2026-05-21 19:22:00,385.35,385.35,385.35,385.35,450
2026-05-21 19:23:00,385.48,385.48,385.43,385.43,260
2026-05-21 19:25:00,385.4,385.4,385.4,385.4,50
2026-05-21 19:26:00,385.5,385.5,385.45,385.45,240
2026-05-21 19:28:00,385.3532,385.363,385.35,385.35,1700
2026-05-21 19:29:00,385.35,385.35,385.35,385.35,52
2026-05-21 19:32:00,385.2,385.2,385.2,385.2,400
2026-05-21 19:33:00,385.2,385.2,385.2,385.2,100
2026-05-21 19:34:00,385.221,385.221,385.221,385.221,50
2026-05-21 19:37:00,385.35,385.35,385.1,385.1,100
2026-05-21 19:39:00,385.06,385.06,385.0,385.02,1152
2026-05-21 19:40:00,385.09,385.1,385.09,385.1,100
2026-05-21 19:41:00,385.4,385.4,385.4,385.4,99
2026-05-21 19:43:00,385.3,385.3,385.3,385.3,230
2026-05-21 19:44:00,385.37,385.37,385.37,385.37,96
2026-05-21 19:45:00,385.3,385.3,385.3,385.3,108
2026-05-21 19:46:00,385.3,385.45,385.3,385.4,400
2026-05-21 19:48:00,385.3,385.3,385.3,385.3,40
2026-05-21 19:51:00,385.45,385.6,385.45,385.6,100
2026-05-21 19:52:00,385.25,385.25,385.02,385.02,231
2026-05-21 19:54:00,385.35,385.58,385.35,385.58,118
2026-05-21 19:55:00,385.0,385.0,385.0,385.0,99
2026-05-21 19:56:00,385.28,385.28,385.0,385.0,1353
2026-05-21 19:57:00,385.41,385.41,385.32,385.32,131
2026-05-21 19:59:00,385.27,385.38,385.27,385.38,194
2026-05-22 04:00:00,387.0,387.0,385.17,385.69,13723
2026-05-22 04:01:00,385.91,386.32,385.13,385.74,788
2026-05-22 04:03:00,386.13,386.13,385.87,385.9,490
2026-05-22 04:04:00,385.96,386.13,385.96,386.07,213
2026-05-22 04:06:00,385.17,386.0,385.17,385.93,828
2026-05-22 04:07:00,385.87,385.87,385.87,385.87,100
2026-05-22 04:08:00,385.85,385.85,385.85,385.85,50
2026-05-22 04:09:00,385.93,385.94,385.92,385.94,235
2026-05-22 04:10:00,385.8,385.94,385.74,385.74,310
2026-05-22 04:11:00,385.97,385.97,385.97,385.97,110
2026-05-22 04:12:00,386.0,386.0,386.0,386.0,487
2026-05-22 04:14:00,386.16,386.16,386.16,386.16,91
2026-05-22 04:16:00,386.4,386.4,386.4,386.4,430
2026-05-22 04:18:00,386.47,386.47,386.47,386.47,40
2026-05-22 04:19:00,386.53,386.67,386.53,386.62,440
2026-05-22 04:20:00,386.51,386.74,386.51,386.74,443
2026-05-22 04:24:00,386.6,386.6,386.55,386.55,90
2026-05-22 04:26:00,386.64,386.64,386.64,386.64,200
2026-05-22 04:28:00,386.55,386.6,386.48,386.48,300
2026-05-22 04:32:00,386.47,386.47,386.47,386.47,200
2026-05-22 04:33:00,386.43,386.43,386.42,386.42,219
2026-05-22 04:34:00,386.42,386.64,386.22,386.22,535
2026-05-22 04:35:00,386.05,386.05,385.87,385.87,318
2026-05-22 04:36:00,386.0,386.0,386.0,386.0,100
2026-05-22 04:37:00,386.2,386.2,386.2,386.2,50
2026-05-22 04:38:00,386.2,386.2,386.0,386.0,481
2026-05-22 04:39:00,386.0,386.2,386.0,386.2,358
2026-05-22 04:40:00,386.0,386.0,386.0,386.0,200
2026-05-22 04:52:00,386.01,386.07,386.0,386.07,205
2026-05-22 04:53:00,386.18,386.18,386.18,386.18,48
2026-05-22 04:55:00,386.08,386.12,386.0,386.0,740
2026-05-22 04:56:00,386.04,386.04,385.95,385.95,200
2026-05-22 04:57:00,385.89,385.89,385.85,385.87,204
2026-05-22 04:59:00,385.66,385.66,385.66,385.66,63
2026-05-22 05:00:00,385.65,385.71,385.61,385.71,296
2026-05-22 05:01:00,385.75,385.9,385.75,385.9,210
2026-05-22 05:02:00,385.69,385.7,385.68,385.68,432
2026-05-22 05:03:00,385.6,385.6,385.52,385.58,1702
2026-05-22 05:04:00,385.57,385.57,385.45,385.45,412
2026-05-22 05:05:00,385.38,385.38,385.33,385.33,364
2026-05-22 05:06:00,385.35,385.35,385.27,385.27,460
2026-05-22 05:07:00,385.05,385.05,385.0,385.0,384
2026-05-22 05:09:00,385.06,385.06,385.06,385.06,248
2026-05-22 05:10:00,385.0,385.2,385.0,385.2,302
2026-05-22 05:11:00,385.21,385.21,385.0,385.0,345
2026-05-22 05:12:00,384.95,384.98,384.95,384.95,135
2026-05-22 05:13:00,384.92,384.92,384.92,384.92,100
2026-05-22 05:15:00,384.84,385.0,384.75,385.0,373
2026-05-22 05:17:00,385.0,385.0,384.79,384.79,569
2026-05-22 05:19:00,384.8079,385.08,384.8079,385.08,348
2026-05-22 05:21:00,385.14,385.24,385.14,385.23,403
2026-05-22 05:22:00,385.13,385.13,385.13,385.13,171
2026-05-22 05:23:00,385.21,385.21,385.09,385.09,111
2026-05-22 05:24:00,385.11,385.12,385.11,385.12,150
2026-05-22 05:25:00,384.91,384.91,384.82,384.82,426
2026-05-22 05:26:00,384.75,384.75,384.75,384.75,200
2026-05-22 05:27:00,384.98,385.0,384.7746,384.7746,278
2026-05-22 05:28:00,384.98,385.0,384.98,385.0,180
2026-05-22 05:29:00,384.75,384.9,384.75,384.9,462
2026-05-22 05:32:00,384.9,384.9,384.6,384.6,323
2026-05-22 05:33:00,384.9,384.9,384.9,384.9,48
2026-05-22 05:34:00,384.9,385.0,384.89,384.98,745
2026-05-22 05:35:00,385.15,385.17,385.15,385.17,150
2026-05-22 05:36:00,385.11,385.12,385.01,385.12,431
2026-05-22 05:39:00,385.14,385.14,385.14,385.14,113
2026-05-22 05:41:00,385.1,385.1,385.1,385.1,125
2026-05-22 05:44:00,385.22,385.22,385.22,385.22,80
2026-05-22 05:45:00,385.33,385.33,385.22,385.22,102
2026-05-22 05:46:00,385.22,385.22,385.22,385.22,134
2026-05-22 05:47:00,385.27,385.27,385.25,385.25,90
2026-05-22 05:48:00,385.28,385.3,385.22,385.29,1506
2026-05-22 05:49:00,385.3,385.33,385.3,385.33,237
2026-05-22 05:50:00,385.37,385.38,385.37,385.38,80
2026-05-22 05:51:00,385.45,385.47,385.4,385.43,1771
2026-05-22 05:53:00,385.4,385.5,385.37,385.5,278
2026-05-22 05:54:00,385.5,385.5,385.46,385.46,204
2026-05-22 05:55:00,385.49,385.49,385.44,385.44,281
2026-05-22 05:56:00,385.4646,385.47,385.44,385.47,619
2026-05-22 05:57:00,385.4,385.4,385.4,385.4,42
2026-05-22 05:58:00,385.35,385.35,385.33,385.33,150
2026-05-22 06:00:00,385.2,385.2,385.15,385.15,140
2026-05-22 06:01:00,385.1,385.13,385.1,385.13,250
2026-05-22 06:02:00,385.06,385.06,385.0,385.0,190
2026-05-22 06:03:00,385.1,385.1,385.05,385.05,192
2026-05-22 06:05:00,385.0,385.0,384.7966,384.7966,141
2026-05-22 06:06:00,384.92,384.92,384.92,384.92,225
2026-05-22 06:08:00,384.9,384.9,384.9,384.9,147
2026-05-22 06:09:00,384.9,384.9,384.82,384.82,646
2026-05-22 06:10:00,384.82,384.82,384.82,384.82,307
2026-05-22 06:11:00,384.67,384.67,384.67,384.67,50
2026-05-22 06:13:00,384.71,384.71,384.5,384.5,1196
2026-05-22 06:15:00,384.5,384.5,384.42,384.42,90
2026-05-22 06:16:00,384.43,384.43,384.39,384.39,145
2026-05-22 06:18:00,384.5,384.57,384.5,384.57,244
2026-05-22 06:22:00,384.39,384.45,384.39,384.45,252
2026-05-22 06:23:00,384.47,384.5,384.43,384.43,610
2026-05-22 06:25:00,384.49,384.49,384.49,384.49,80
2026-05-22 06:27:00,384.36,384.36,384.31,384.33,288
2026-05-22 06:28:00,384.3,384.31,384.1084,384.1084,333
2026-05-22 06:29:00,384.18,384.18,384.07,384.08,229
2026-05-22 06:30:00,384.0701,384.18,384.0701,384.18,1100
2026-05-22 06:32:00,384.2,384.2,384.04,384.04,248
2026-05-22 06:34:00,384.3,384.3,384.29,384.29,166
2026-05-22 06:35:00,384.16,384.3,384.13,384.3,1551
2026-05-22 06:36:00,384.23,384.23,384.18,384.18,217
2026-05-22 06:38:00,384.1,384.17,384.09,384.17,483
2026-05-22 06:39:00,384.07,384.07,384.0,384.0,569
2026-05-22 06:41:00,383.92,383.92,383.8,383.8,188
2026-05-22 06:44:00,383.93,383.98,383.93,383.98,192
2026-05-22 06:45:00,384.0,384.0,384.0,384.0,48
2026-05-22 06:46:00,384.02,384.02,384.02,384.02,96
2026-05-22 06:47:00,383.95,384.06,383.95,384.05,343
2026-05-22 06:49:00,384.16,384.16,384.16,384.16,58
2026-05-22 06:50:00,384.06,384.06,384.06,384.06,500
2026-05-22 06:51:00,384.16,384.16,384.1,384.11,250
2026-05-22 06:52:00,384.08,384.15,384.08,384.15,318
2026-05-22 06:54:00,384.2,384.2,384.2,384.2,80
2026-05-22 06:55:00,384.12,384.12,384.01,384.03,275
2026-05-22 06:56:00,384.03,384.03,384.0,384.0,224
2026-05-22 06:57:00,383.98,384.15,383.95,384.15,148
2026-05-22 06:58:00,384.03,384.03,383.94,383.94,932
2026-05-22 06:59:00,384.06,384.06,383.95,383.98,222
2026-05-22 07:00:00,384.1,384.44,383.8305,383.8305,1073
2026-05-22 07:01:00,384.0,384.0,383.84,383.84,259
2026-05-22 07:02:00,383.74,383.74,383.74,383.74,40
2026-05-22 07:03:00,383.86,383.86,383.72,383.8,500
2026-05-22 07:04:00,383.9088,383.9088,383.8,383.8,650
2026-05-22 07:05:00,383.86,383.86,383.65,383.7057,1079
2026-05-22 07:06:00,383.76,383.86,383.76,383.85,520
2026-05-22 07:07:00,383.67,383.67,383.47,383.47,654
2026-05-22 07:08:00,383.67,383.67,383.31,383.31,921
2026-05-22 07:09:00,383.487,383.5815,383.487,383.5815,528
2026-05-22 07:10:00,383.5982,383.5982,383.42,383.42,511
2026-05-22 07:11:00,383.49,383.5,383.49,383.5,200
2026-05-22 07:12:00,383.4,383.4,383.337,383.337,2119
2026-05-22 07:13:00,383.25,383.25,383.06,383.06,598
2026-05-22 07:15:00,383.28,383.28,383.28,383.28,88
2026-05-22 07:17:00,383.33,383.33,383.25,383.25,150
2026-05-22 07:18:00,383.4,383.4,383.25,383.25,670
2026-05-22 07:19:00,383.4,383.4,383.3,383.4,229
2026-05-22 07:20:00,383.31,383.41,383.3,383.41,482
2026-05-22 07:21:00,383.48,383.6799,383.48,383.6799,1074
2026-05-22 07:22:00,383.68,383.68,383.68,383.68,50
2026-05-22 07:23:00,383.44,383.44,383.44,383.44,50
2026-05-22 07:24:00,383.55,383.5799,383.55,383.5799,125
2026-05-22 07:25:00,383.5,383.5,383.5,383.5,1250
2026-05-22 07:27:00,383.66,383.7,383.66,383.7,500
2026-05-22 07:28:00,383.75,383.846,383.64,383.64,450
2026-05-22 07:31:00,383.7044,383.7044,383.6908,383.6908,100
2026-05-22 07:32:00,383.7,383.86,383.7,383.86,180
2026-05-22 07:33:00,383.8,383.8,383.8,383.8,94
2026-05-22 07:34:00,383.92,383.92,383.92,383.92,50
2026-05-22 07:35:00,383.99,384.0,383.99,384.0,300
2026-05-22 07:36:00,384.11,384.11,384.11,384.11,152
2026-05-22 07:37:00,384.1,384.11,384.1,384.11,802
2026-05-22 07:38:00,384.1,384.1,384.0,384.0325,704
2026-05-22 07:39:00,384.19,384.25,384.11,384.11,170
2026-05-22 07:40:00,384.1,384.1,384.1,384.1,200
2026-05-22 07:41:00,384.13,384.13,384.0,384.0,563
2026-05-22 07:42:00,383.95,383.98,383.95,383.98,300
2026-05-22 07:44:00,384.04,384.04,384.04,384.04,50
2026-05-22 07:45:00,384.15,384.15,384.15,384.15,65
2026-05-22 07:47:00,384.2253,384.25,384.2253,384.25,1212
2026-05-22 07:48:00,384.1701,384.25,384.1701,384.25,950
2026-05-22 07:49:00,384.23,384.23,384.23,384.23,198
2026-05-22 07:51:00,384.149,384.149,384.0,384.0,522
2026-05-22 07:52:00,384.07,384.09,384.07,384.09,192
2026-05-22 07:53:00,384.0,384.0,384.0,384.0,150
2026-05-22 07:54:00,384.1,384.1,384.06,384.06,92
2026-05-22 07:55:00,384.01,384.1,384.0,384.1,961
2026-05-22 07:56:00,384.1,384.1,384.02,384.1,449
2026-05-22 07:57:00,384.1218,384.1218,384.01,384.01,180
2026-05-22 07:58:00,384.0,384.15,383.97,384.15,505
2026-05-22 08:00:00,384.09,384.1,384.09,384.1,92
2026-05-22 08:01:00,384.13,384.33,384.13,384.33,790
2026-05-22 08:02:00,384.35,384.39,384.35,384.39,4023
2026-05-22 08:03:00,384.42,384.4499,384.411,384.4474,730
2026-05-22 08:04:00,384.32,384.32,384.32,384.32,100
2026-05-22 08:05:00,384.32,384.32,384.32,384.32,239
2026-05-22 08:06:00,384.39,384.39,384.39,384.39,100
2026-05-22 08:07:00,384.31,384.31,384.31,384.31,963
2026-05-22 08:08:00,384.31,384.31,384.31,384.31,394
2026-05-22 08:09:00,384.36,384.36,384.36,384.36,69
2026-05-22 08:10:00,384.3,384.3,384.3,384.3,45
2026-05-22 08:12:00,384.22,384.96,384.15,384.96,1583
2026-05-22 08:13:00,384.8,384.88,384.75,384.88,624
2026-05-22 08:14:00,384.88,384.88,384.88,384.88,200
2026-05-22 08:15:00,384.78,384.94,384.78,384.94,1362
2026-05-22 08:16:00,384.67,384.67,384.53,384.53,90
2026-05-22 08:17:00,384.53,384.53,384.53,384.53,50
2026-05-22 08:18:00,384.52,384.52,384.52,384.52,50
2026-05-22 08:19:00,384.69,384.9,384.6,384.9,431
2026-05-22 08:20:00,384.83,384.99,384.83,384.9092,555
2026-05-22 08:21:00,384.7588,384.7588,384.6,384.67,836
2026-05-22 08:22:00,384.59,384.62,384.49,384.49,330
2026-05-22 08:23:00,384.45,384.65,384.45,384.65,908
2026-05-22 08:24:00,384.65,384.76,384.65,384.65,169
2026-05-22 08:25:00,384.595,384.68,384.595,384.68,250
2026-05-22 08:26:00,384.69,384.69,384.51,384.52,1380
2026-05-22 08:27:00,384.62,384.62,384.51,384.51,531
2026-05-22 08:28:00,384.575,384.575,384.5,384.53,2587
2026-05-22 08:29:00,384.5565,384.5565,384.46,384.46,1049
2026-05-22 08:30:00,384.49,384.49,384.44,384.46,180
2026-05-22 08:31:00,384.46,384.5044,384.46,384.5044,515
2026-05-22 08:32:00,384.51,384.53,384.51,384.53,505
2026-05-22 08:33:00,384.54,384.58,384.54,384.58,159
2026-05-22 08:34:00,384.54,384.59,384.49,384.55,1167
2026-05-22 08:35:00,384.6,384.6,384.49,384.519,7056
2026-05-22 08:36:00,384.47,384.51,384.45,384.46,1062
2026-05-22 08:37:00,384.53,384.56,384.53,384.56,109
2026-05-22 08:38:00,384.58,384.76,384.52,384.52,1116
2026-05-22 08:39:00,384.62,384.64,384.62,384.6399,467
2026-05-22 08:40:00,384.64,384.64,384.54,384.59,583
2026-05-22 08:42:00,384.58,384.5948,384.56,384.56,190
2026-05-22 08:43:00,384.5874,384.5874,384.46,384.56,660
2026-05-22 08:44:00,384.58,384.58,384.52,384.52,82
2026-05-22 08:45:00,384.5,384.54,384.5,384.54,281
2026-05-22 08:47:00,384.55,384.5888,384.52,384.5888,263
2026-05-22 08:48:00,384.55,384.5642,384.48,384.48,737
2026-05-22 08:49:00,384.47,384.5,384.46,384.5,648
2026-05-22 08:50:00,384.44,384.44,384.34,384.3795,1799
2026-05-22 08:51:00,384.34,384.5,384.32,384.33,633
2026-05-22 08:52:00,384.46,384.5,384.2,384.2,2536
2026-05-22 08:53:00,384.17,384.18,384.01,384.01,1310
2026-05-22 08:54:00,384.01,384.01,383.88,383.88,351
2026-05-22 08:55:00,383.94,384.0,383.94,384.0,600
2026-05-22 08:56:00,383.92,383.95,383.87,383.95,767
2026-05-22 08:58:00,383.93,383.97,383.93,383.97,300
2026-05-22 08:59:00,383.88,383.93,383.8,383.85,2231
2026-05-22 09:00:00,383.83,383.85,383.4,383.4,2108
2026-05-22 09:01:00,383.4143,383.48,383.41,383.41,280
2026-05-22 09:02:00,383.604,383.604,383.5,383.5065,1521
2026-05-22 09:03:00,383.7,383.95,383.65,383.8,1496
2026-05-22 09:04:00,383.94,383.94,383.9,383.9,300
2026-05-22 09:05:00,383.7453,383.79,383.7453,383.78,249
2026-05-22 09:06:00,383.83,383.97,383.83,383.97,98
2026-05-22 09:07:00,383.9455,383.9526,383.9,383.917,424
2026-05-22 09:08:00,383.93,384.0,383.93,384.0,259
2026-05-22 09:09:00,383.96,384.21,383.96,384.19,4044
2026-05-22 09:10:00,384.2805,384.35,384.2805,384.35,145
2026-05-22 09:12:00,384.2,384.26,384.1,384.1,695
2026-05-22 09:13:00,384.27,384.27,384.14,384.18,637
2026-05-22 09:14:00,384.02,384.15,384.01,384.15,1410
2026-05-22 09:15:00,384.19,384.19,384.19,384.19,80
2026-05-22 09:16:00,384.05,384.1,384.03,384.1,490
2026-05-22 09:17:00,384.08,384.11,384.08,384.11,100
2026-05-22 09:18:00,384.1,384.124,384.0,384.05,859
2026-05-22 09:19:00,383.9,384.0,383.81,384.0,870
2026-05-22 09:21:00,383.86,384.0,383.75,383.75,1168
2026-05-22 09:22:00,383.75,383.75,383.5,383.53,2481
2026-05-22 09:23:00,383.51,383.55,383.46,383.55,340
2026-05-22 09:24:00,383.5,383.57,383.5,383.54,590
2026-05-22 09:25:00,383.58,384.0,383.55,383.93,1287
2026-05-22 09:26:00,383.78,383.78,383.69,383.78,1068
2026-05-22 09:27:00,383.78,383.78,383.5,383.5,2273
2026-05-22 09:28:00,383.5,383.5,383.2,383.25,4491
2026-05-22 09:29:00,383.28,383.5,383.24,383.38,2443
2026-05-22 09:30:00,383.36,383.36,381.24,382.6519,240489
2026-05-22 09:31:00,382.77,383.17,382.15,382.995,43952
2026-05-22 09:32:00,383.0723,383.29,382.6,382.975,38238
2026-05-22 09:33:00,383.1,383.155,382.5,382.6775,70336
2026-05-22 09:34:00,382.6706,383.14,382.4,382.81,45524
2026-05-22 09:35:00,382.775,383.2499,382.04,383.175,67129
2026-05-22 09:36:00,383.18,383.32,382.76,383.015,83103
2026-05-22 09:37:00,383.005,383.3,382.62,383.07,65694
2026-05-22 09:38:00,383.0,383.32,382.88,383.155,65545
2026-05-22 09:39:00,383.14,383.31,382.1034,382.55,67945
2026-05-22 09:40:00,382.545,382.98,382.12,382.365,91147
2026-05-22 09:41:00,382.33,382.33,381.56,381.6,77157
2026-05-22 09:42:00,381.605,382.0,380.62,380.8,167889
2026-05-22 09:43:00,380.735,381.3,380.6,381.13,55483
2026-05-22 09:44:00,381.17,382.09,381.17,381.775,37554
2026-05-22 09:45:00,381.77,382.35,381.535,382.21,38033
2026-05-22 09:46:00,382.18,382.2499,381.73,382.01,28477
2026-05-22 09:47:00,382.0,382.2,381.775,382.035,44893
2026-05-22 09:48:00,382.0999,382.0999,381.5,381.63,53744
2026-05-22 09:49:00,381.63,382.14,381.42,381.625,42063
2026-05-22 09:50:00,381.6,381.8199,381.38,381.6555,42743
2026-05-22 09:51:00,381.59,381.61,381.3,381.37,34195
2026-05-22 09:52:00,381.315,381.59,381.17,381.5,28395
2026-05-22 09:53:00,381.455,381.79,381.17,381.68,35414
2026-05-22 09:54:00,381.69,381.95,381.67,381.93,28880
2026-05-22 09:55:00,381.95,382.287,381.76,381.83,27987
2026-05-22 09:56:00,381.84,381.98,381.56,381.98,25779
2026-05-22 09:57:00,381.9794,382.11,381.71,381.825,21119
2026-05-22 09:58:00,381.8411,382.35,381.66,382.17,49608
2026-05-22 09:59:00,382.16,382.5,382.06,382.5,30162
2026-05-22 10:00:00,382.4925,382.5,381.52,381.52,41914
2026-05-22 10:01:00,381.59,381.78,380.91,380.92,81444
2026-05-22 10:02:00,380.9,380.93,380.36,380.36,44178
2026-05-22 10:03:00,380.375,380.9,380.325,380.78,46074
2026-05-22 10:04:00,380.79,381.3,380.78,381.1725,25159
2026-05-22 10:05:00,381.17,381.35,380.92,381.255,33546
2026-05-22 10:06:00,381.21,381.33,380.51,381.25,44640
2026-05-22 10:07:00,381.26,381.59,380.89,380.985,19882
2026-05-22 10:08:00,381.03,381.21,380.87,381.11,13797
2026-05-22 10:09:00,381.1293,381.33,380.61,381.33,21605
2026-05-22 10:10:00,381.35,381.47,381.095,381.2775,29363
2026-05-22 10:11:00,381.3,381.4634,381.16,381.27,19245
2026-05-22 10:12:00,381.26,381.46,381.15,381.36,16567
2026-05-22 10:13:00,381.28,381.58,381.06,381.23,38944
2026-05-22 10:14:00,381.27,381.6,381.22,381.485,16097
2026-05-22 10:15:00,381.44,381.67,381.37,381.61,27520
2026-05-22 10:16:00,381.57,381.85,381.51,381.82,27745
2026-05-22 10:17:00,381.85,382.23,381.84,382.23,24886
2026-05-22 10:18:00,382.23,382.53,381.85,382.12,38513
2026-05-22 10:19:00,382.1,382.16,381.8,381.91,25522
2026-05-22 10:20:00,381.93,382.0,381.5601,381.7825,31970
2026-05-22 10:21:00,381.75,381.77,381.55,381.64,21798
2026-05-22 10:22:00,381.6,381.9601,381.44,381.8,26980
2026-05-22 10:23:00,381.83,382.205,381.83,382.0,16819
2026-05-22 10:24:00,381.995,382.25,381.9901,382.185,27391
2026-05-22 10:25:00,382.2,382.845,382.09,382.8301,53807
2026-05-22 10:26:00,382.8699,383.2,382.655,382.68,38947
2026-05-22 10:27:00,382.685,383.18,382.53,382.93,53120
2026-05-22 10:28:00,382.935,382.97,382.735,382.97,17330
2026-05-22 10:29:00,382.96,383.26,382.84,383.06,46124
2026-05-22 10:30:00,383.065,383.1799,382.785,382.89,14488
2026-05-22 10:31:00,382.92,382.93,382.7,382.85,17598
2026-05-22 10:32:00,382.845,383.04,382.71,382.81,33525
2026-05-22 10:33:00,382.7812,382.92,382.5,382.52,17044
2026-05-22 10:34:00,382.525,382.7599,382.425,382.49,14102
2026-05-22 10:35:00,382.5,382.76,382.48,382.67,13710
2026-05-22 10:36:00,382.68,382.72,382.405,382.6,21225
2026-05-22 10:37:00,382.56,382.64,382.31,382.41,18775
2026-05-22 10:38:00,382.41,382.74,382.23,382.68,20550
2026-05-22 10:39:00,382.6832,382.7999,382.45,382.5199,16878
2026-05-22 10:40:00,382.485,383.26,382.485,383.0801,30855
2026-05-22 10:41:00,383.1038,383.24,383.04,383.225,19681
2026-05-22 10:42:00,383.21,383.22,383.01,383.18,14239
2026-05-22 10:43:00,383.2099,383.4,383.19,383.4,19430
2026-05-22 10:44:00,383.4,383.47,383.29,383.37,17644
2026-05-22 10:45:00,383.4101,383.46,383.135,383.15,29215
2026-05-22 10:46:00,383.16,383.46,383.16,383.38,12536
2026-05-22 10:47:00,383.36,383.38,382.93,383.01,13382
2026-05-22 10:48:00,382.98,383.38,382.98,383.28,12951
2026-05-22 10:49:00,383.34,383.3801,383.18,383.24,16465
2026-05-22 10:50:00,383.23,383.28,383.15,383.245,11009
2026-05-22 10:51:00,383.28,383.44,383.17,383.255,24866
2026-05-22 10:52:00,383.25,383.49,383.22,383.465,14584
2026-05-22 10:53:00,383.46,383.81,383.45,383.657,33564
2026-05-22 10:54:00,383.663,383.84,383.48,383.76,13484
2026-05-22 10:55:00,383.79,383.98,383.5901,383.95,20542
2026-05-22 10:56:00,383.935,384.03,383.8,383.89,24112
2026-05-22 10:57:00,383.86,383.88,383.53,383.645,15882
2026-05-22 10:58:00,383.6,383.92,383.5901,383.85,6034
2026-05-22 10:59:00,383.87,383.96,383.73,383.94,19149
2026-05-22 11:00:00,383.925,384.03,383.65,383.68,14598
2026-05-22 11:01:00,383.67,383.9,383.63,383.63,13423
2026-05-22 11:02:00,383.65,383.7,383.415,383.56,13327
2026-05-22 11:03:00,383.56,384.296,383.56,384.24,10626
2026-05-22 11:04:00,384.2668,384.31,384.0,384.2,18469
2026-05-22 11:05:00,384.2,384.4,384.2,384.2801,10560
2026-05-22 11:06:00,384.3196,384.38,384.165,384.2199,12787
2026-05-22 11:07:00,384.21,384.335,384.2,384.25,14311
2026-05-22 11:08:00,384.25,384.4,384.22,384.36,9108
2026-05-22 11:09:00,384.3835,384.55,384.31,384.54,9981
2026-05-22 11:10:00,384.545,384.87,384.545,384.8,31694
2026-05-22 11:11:00,384.7944,384.82,384.512,384.53,15136
2026-05-22 11:12:00,384.53,384.79,384.42,384.485,10145
2026-05-22 11:13:00,384.485,384.6,384.35,384.42,11118
2026-05-22 11:14:00,384.445,384.54,384.35,384.47,21169
2026-05-22 11:15:00,384.51,384.77,384.43,384.77,14230
2026-05-22 11:16:00,384.77,384.78,384.63,384.645,15349
2026-05-22 11:17:00,384.61,384.7,384.56,384.59,19066
2026-05-22 11:18:00,384.58,384.59,384.45,384.495,11162
2026-05-22 11:19:00,384.49,384.5199,384.25,384.305,49474
2026-05-22 11:20:00,384.28,384.305,384.03,384.17,22762
2026-05-22 11:21:00,384.17,384.17,383.81,383.86,12329
2026-05-22 11:22:00,383.81,383.82,383.529,383.529,8848
2026-05-22 11:23:00,383.53,383.55,383.32,383.55,27920
2026-05-22 11:24:00,383.575,383.575,383.16,383.17,14506
2026-05-22 11:25:00,383.165,383.165,382.8101,382.97,24280
2026-05-22 11:26:00,382.97,383.1,382.73,382.7301,11383
2026-05-22 11:27:00,382.78,383.04,382.78,382.97,10498
2026-05-22 11:28:00,382.95,383.0899,382.83,382.975,9678
2026-05-22 11:29:00,382.985,383.25,382.975,383.24,16753
2026-05-22 11:30:00,383.24,383.27,383.055,383.21,17290
2026-05-22 11:31:00,383.19,383.275,382.98,383.06,14278
2026-05-22 11:32:00,383.08,383.14,383.03,383.08,9824
2026-05-22 11:33:00,383.0523,383.27,383.035,383.16,9427
2026-05-22 11:34:00,383.14,383.2,383.02,383.08,14710
2026-05-22 11:35:00,383.06,383.25,383.0,383.25,10613
2026-05-22 11:36:00,383.27,383.54,383.27,383.405,14622
2026-05-22 11:37:00,383.39,383.42,383.2,383.2,7177
2026-05-22 11:38:00,383.23,383.46,383.21,383.42,9649
2026-05-22 11:39:00,383.4329,383.44,383.25,383.28,6702
2026-05-22 11:40:00,383.26,383.48,383.24,383.39,10983
2026-05-22 11:41:00,383.42,383.42,383.2309,383.27,7059
2026-05-22 11:42:00,383.28,383.3,383.18,383.21,7062
2026-05-22 11:43:00,383.21,383.47,383.18,383.42,7907
2026-05-22 11:44:00,383.41,383.55,383.36,383.53,9147
2026-05-22 11:45:00,383.5274,383.66,383.39,383.4406,13024
2026-05-22 11:46:00,383.44,383.46,383.31,383.34,10562
2026-05-22 11:47:00,383.35,383.365,383.0,383.08,17316
2026-05-22 11:48:00,383.085,383.13,382.95,383.045,14636
2026-05-22 11:49:00,383.04,383.19,382.905,382.91,17842
2026-05-22 11:50:00,382.93,383.1699,382.91,383.1336,24605
2026-05-22 11:51:00,383.12,383.2799,383.1001,383.225,16021
2026-05-22 11:52:00,383.23,383.24,382.87,382.88,20011
2026-05-22 11:53:00,382.865,383.19,382.86,383.16,10295
2026-05-22 11:54:00,383.22,383.25,383.1,383.11,9590
2026-05-22 11:55:00,383.13,383.15,382.9,382.9,20047
2026-05-22 11:56:00,382.91,383.2,382.89,383.1601,7030
2026-05-22 11:57:00,383.1715,383.21,383.025,383.12,11715
2026-05-22 11:58:00,383.12,383.2185,383.09,383.1801,6286
2026-05-22 11:59:00,383.21,383.22,383.08,383.08,7277
2026-05-22 12:00:00,383.09,383.15,382.76,382.94,13401
2026-05-22 12:01:00,382.91,383.1199,382.89,383.07,12177
2026-05-22 12:02:00,383.05,383.16,382.9,383.1,16085
2026-05-22 12:03:00,383.13,383.14,382.99,383.04,14683
2026-05-22 12:04:00,383.04,383.08,382.88,383.02,21059
2026-05-22 12:05:00,382.95,383.28,382.94,383.28,21680
2026-05-22 12:06:00,383.285,383.285,383.01,383.08,9537
2026-05-22 12:07:00,383.08,383.105,382.97,383.075,15897
2026-05-22 12:08:00,383.08,383.18,382.97,383.05,20566
2026-05-22 12:09:00,383.07,383.12,382.99,383.045,6203
2026-05-22 12:10:00,383.03,383.071,382.87,382.91,7822
2026-05-22 12:11:00,382.91,382.98,382.83,382.975,9985
2026-05-22 12:12:00,382.97,383.0,382.865,382.985,6671
2026-05-22 12:13:00,382.97,382.97,382.79,382.83,13362
2026-05-22 12:14:00,382.83,382.87,382.54,382.54,9472
2026-05-22 12:15:00,382.53,382.6099,381.96,381.96,28618
2026-05-22 12:16:00,381.93,382.251,381.92,382.2499,12576
2026-05-22 12:17:00,382.245,382.26,382.03,382.082,19574
2026-05-22 12:18:00,382.1,382.2,381.99,382.0897,14409
2026-05-22 12:19:00,382.075,382.09,381.88,382.03,18517
2026-05-22 12:20:00,382.01,382.22,381.97,382.12,8274
2026-05-22 12:21:00,382.137,382.36,382.07,382.36,8052
2026-05-22 12:22:00,382.33,382.3788,382.21,382.26,7744
2026-05-22 12:23:00,382.28,382.3096,382.13,382.13,5442
2026-05-22 12:24:00,382.11,382.18,382.05,382.075,9321
2026-05-22 12:25:00,382.05,382.16,382.03,382.16,6535
2026-05-22 12:26:00,382.165,382.23,382.14,382.2,7683
2026-05-22 12:27:00,382.22,382.27,382.1,382.25,5394
2026-05-22 12:28:00,382.24,382.25,382.1,382.185,9348
2026-05-22 12:29:00,382.1663,382.22,382.035,382.22,11747
2026-05-22 12:30:00,382.2001,382.43,382.16,382.39,12736
2026-05-22 12:31:00,382.355,382.38,382.23,382.3199,6680
2026-05-22 12:32:00,382.275,382.32,382.16,382.22,7185
2026-05-22 12:33:00,382.185,382.2,381.86,381.9599,27143
2026-05-22 12:34:00,381.935,381.9586,381.66,381.715,27722
2026-05-22 12:35:00,381.73,381.8999,381.73,381.84,15550
2026-05-22 12:36:00,381.84,382.0,381.82,381.94,15137
2026-05-22 12:37:00,381.935,381.98,381.8401,381.895,5975
2026-05-22 12:38:00,381.8832,381.91,381.7235,381.76,4566
2026-05-22 12:39:00,381.72,381.92,381.598,381.885,12224
2026-05-22 12:40:00,381.89,381.91,381.75,381.795,5979
2026-05-22 12:41:00,381.79,381.92,381.76,381.895,8330
2026-05-22 12:42:00,381.87,381.99,381.745,381.76,7557
2026-05-22 12:43:00,381.78,381.84,381.71,381.8,5647
2026-05-22 12:44:00,381.77,381.86,381.71,381.75,7075
2026-05-22 12:45:00,381.74,381.98,381.74,381.95,12551
2026-05-22 12:46:00,381.97,382.19,381.95,382.1,20118
2026-05-22 12:47:00,382.0954,382.26,382.08,382.13,13408
2026-05-22 12:48:00,382.135,382.17,382.035,382.035,8747
2026-05-22 12:49:00,382.045,382.06,381.86,381.9899,25712
2026-05-22 12:50:00,381.99,382.22,381.96,382.2,9300
2026-05-22 12:51:00,382.2,382.29,382.1001,382.13,10354
2026-05-22 12:52:00,382.14,382.2199,382.08,382.21,4994
2026-05-22 12:53:00,382.19,382.3885,382.19,382.26,9669
2026-05-22 12:54:00,382.27,382.3287,382.24,382.3,6805
2026-05-22 12:55:00,382.29,382.32,382.2,382.24,4867
2026-05-22 12:56:00,382.29,382.39,382.26,382.35,5440
2026-05-22 12:57:00,382.33,382.33,382.08,382.23,9381
2026-05-22 12:58:00,382.235,382.2835,382.185,382.2501,3416
2026-05-22 12:59:00,382.27,382.32,382.2237,382.27,6147
2026-05-22 13:00:00,382.27,382.4,382.1801,382.345,6303
2026-05-22 13:01:00,382.35,382.4,382.242,382.37,8412
2026-05-22 13:02:00,382.37,382.4205,382.33,382.4,11675
2026-05-22 13:03:00,382.38,382.43,382.27,382.39,3608
2026-05-22 13:04:00,382.38,382.45,382.36,382.42,4785
2026-05-22 13:05:00,382.37,382.5186,382.341,382.38,11343
2026-05-22 13:06:00,382.34,382.34,382.23,382.27,11412
2026-05-22 13:07:00,382.25,382.34,382.08,382.11,17062
2026-05-22 13:08:00,382.16,382.1912,382.01,382.04,10120
2026-05-22 13:09:00,382.0,382.07,381.63,381.795,43766
2026-05-22 13:10:00,381.79,382.1685,381.79,382.1685,22807
2026-05-22 13:11:00,382.13,382.13,382.025,382.07,6346
2026-05-22 13:12:00,382.11,382.11,381.94,382.03,10411
2026-05-22 13:13:00,381.99,382.07,381.98,382.055,8290
2026-05-22 13:14:00,382.08,382.15,382.01,382.04,22473
2026-05-22 13:15:00,382.1,382.15,382.01,382.06,9285
2026-05-22 13:16:00,382.02,382.07,382.0,382.06,8395
2026-05-22 13:17:00,382.035,382.17,382.02,382.13,20343
2026-05-22 13:18:00,382.18,382.2,381.79,381.855,11463
2026-05-22 13:19:00,381.8231,381.9,381.2,381.325,42604
2026-05-22 13:20:00,381.31,381.69,381.23,381.58,30066
2026-05-22 13:21:00,381.58,381.65,381.51,381.58,10476
2026-05-22 13:22:00,381.57,381.6,381.48,381.49,10406
2026-05-22 13:23:00,381.484,381.49,381.2915,381.36,14375
2026-05-22 13:24:00,381.335,381.45,381.29,381.42,11152
2026-05-22 13:25:00,381.42,381.64,381.3586,381.6,15498
2026-05-22 13:26:00,381.64,381.64,381.53,381.63,7972
2026-05-22 13:27:00,381.5701,381.73,381.5,381.73,12300
2026-05-22 13:28:00,381.7,382.36,381.64,382.085,50322
2026-05-22 13:29:00,382.085,382.31,381.72,382.3,31424
2026-05-22 13:30:00,382.3,382.55,382.2101,382.39,28231
2026-05-22 13:31:00,382.47,382.63,382.2,382.23,17311
2026-05-22 13:32:00,382.25,382.3,382.051,382.267,8357
2026-05-22 13:33:00,382.23,382.27,382.17,382.17,4960
2026-05-22 13:34:00,382.175,382.28,382.08,382.12,6369
2026-05-22 13:35:00,382.09,382.1,381.92,381.9916,11464
2026-05-22 13:36:00,381.96,382.04,381.79,381.9051,15392
2026-05-22 13:37:00,381.93,382.01,381.91,381.945,5291
2026-05-22 13:38:00,381.945,381.9899,381.86,381.9216,14683
2026-05-22 13:39:00,381.88,382.07,381.8,381.995,18327
2026-05-22 13:40:00,382.0,382.02,381.8801,381.92,5763
2026-05-22 13:41:00,381.9,381.93,381.725,381.89,10383
2026-05-22 13:42:00,381.92,382.1,381.85,382.06,18840
2026-05-22 13:43:00,382.0928,382.19,381.935,381.935,7477
2026-05-22 13:44:00,381.89,382.015,381.8,381.805,6166
2026-05-22 13:45:00,381.8286,381.94,381.795,381.93,4704
2026-05-22 13:46:00,381.95,381.96,381.74,381.77,7135
2026-05-22 13:47:00,381.77,381.9,381.76,381.86,5258
2026-05-22 13:48:00,381.855,381.88,381.72,381.73,6329
2026-05-22 13:49:00,381.75,381.82,381.69,381.8,7660
2026-05-22 13:50:00,381.79,381.93,381.73,381.755,24570
2026-05-22 13:51:00,381.72,381.9,381.65,381.825,9304
2026-05-22 13:52:00,381.87,381.87,381.63,381.66,13382
2026-05-22 13:53:00,381.66,381.7,381.6,381.63,10242
2026-05-22 13:54:00,381.625,381.625,381.33,381.4141,12929
2026-05-22 13:55:00,381.4185,381.59,381.32,381.575,12237
2026-05-22 13:56:00,381.6,381.61,381.21,381.2499,9952
2026-05-22 13:57:00,381.225,381.4,381.2,381.35,8284
2026-05-22 13:58:00,381.31,381.31,381.19,381.23,6615
2026-05-22 13:59:00,381.23,381.23,381.02,381.02,13380
2026-05-22 14:00:00,381.035,381.05,380.75,380.91,42110
2026-05-22 14:01:00,380.87,381.025,380.71,380.98,8333
2026-05-22 14:02:00,380.98,381.19,380.92,381.165,10582
2026-05-22 14:03:00,381.16,381.24,380.97,380.97,5826
2026-05-22 14:04:00,380.99,381.0131,380.4,380.55,79091
2026-05-22 14:05:00,380.565,380.71,380.54,380.64,6808
2026-05-22 14:06:00,380.68,380.76,380.49,380.75,13510
2026-05-22 14:07:00,380.75,380.918,380.73,380.823,8106
2026-05-22 14:08:00,380.81,380.919,380.76,380.905,10568
2026-05-22 14:09:00,380.895,381.12,380.87,380.955,10629
2026-05-22 14:10:00,380.98,381.01,380.88,380.885,6459
2026-05-22 14:11:00,380.87,380.88,380.72,380.765,10580
2026-05-22 14:12:00,380.7385,380.8399,380.71,380.775,8596
2026-05-22 14:13:00,380.79,380.79,380.65,380.69,4887
2026-05-22 14:14:00,380.68,380.75,380.64,380.6899,9339
2026-05-22 14:15:00,380.64,380.71,380.42,380.45,18548
2026-05-22 14:16:00,380.4699,380.57,380.4,380.52,16716
2026-05-22 14:17:00,380.52,380.69,380.47,380.655,12156
2026-05-22 14:18:00,380.69,380.81,380.63,380.7201,20697
2026-05-22 14:19:00,380.735,380.8,380.7,380.745,7498
2026-05-22 14:20:00,380.75,380.78,380.63,380.74,12114
2026-05-22 14:21:00,380.72,380.87,380.68,380.79,5358
2026-05-22 14:22:00,380.78,380.88,380.67,380.8,20071
2026-05-22 14:23:00,380.8,380.815,380.695,380.695,9212
2026-05-22 14:24:00,380.7,380.73,380.65,380.715,7253
2026-05-22 14:25:00,380.715,380.715,380.58,380.645,9055
2026-05-22 14:26:00,380.62,380.69,380.58,380.585,7016
2026-05-22 14:27:00,380.585,380.6,380.42,380.56,18152
2026-05-22 14:28:00,380.55,380.67,380.38,380.65,15677
2026-05-22 14:29:00,380.658,380.72,380.571,380.6,12242
2026-05-22 14:30:00,380.61,380.9,380.61,380.73,24717
2026-05-22 14:31:00,380.731,380.875,380.69,380.875,17861
2026-05-22 14:32:00,380.89,381.07,380.8754,380.96,18849
2026-05-22 14:33:00,380.96,381.045,380.9,380.94,13258
2026-05-22 14:34:00,380.935,381.055,380.92,381.055,6505
2026-05-22 14:35:00,381.07,381.1,380.84,381.015,12650
2026-05-22 14:36:00,381.03,381.04,380.845,380.95,7312
2026-05-22 14:37:00,380.9538,381.08,380.86,380.87,11942
2026-05-22 14:38:00,380.895,380.895,380.68,380.805,12828
2026-05-22 14:39:00,380.78,381.38,380.7601,381.08,47049
2026-05-22 14:40:00,381.065,381.08,380.81,381.06,10732
2026-05-22 14:41:00,381.04,381.0995,380.895,381.005,4574
2026-05-22 14:42:00,381.03,381.14,380.95,381.12,10964
2026-05-22 14:43:00,381.12,381.18,380.97,381.0,22848
2026-05-22 14:44:00,380.99,381.05,380.92,381.02,4772
2026-05-22 14:45:00,381.03,381.1363,380.95,381.03,10508
2026-05-22 14:46:00,381.02,381.065,380.92,380.9448,16084
2026-05-22 14:47:00,380.94,380.9743,380.73,380.83,11051
2026-05-22 14:48:00,380.85,380.9,380.8113,380.8469,9340
2026-05-22 14:49:00,380.855,380.92,380.79,380.875,4271
2026-05-22 14:50:00,380.87,380.87,380.63,380.73,14081
2026-05-22 14:51:00,380.7461,380.9499,380.72,380.91,9625
2026-05-22 14:52:00,380.88,380.88,380.52,380.545,13657
2026-05-22 14:53:00,380.51,380.72,380.47,380.72,12271
2026-05-22 14:54:00,380.72,380.82,380.67,380.7398,7958
2026-05-22 14:55:00,380.75,380.85,380.61,380.845,15994
2026-05-22 14:56:00,380.81,380.92,380.79,380.885,13960
2026-05-22 14:57:00,380.88,380.885,380.78,380.815,8156
2026-05-22 14:58:00,380.81,380.9,380.81,380.9,7640
2026-05-22 14:59:00,380.89,380.96,380.795,380.82,12947
2026-05-22 15:00:00,380.815,380.98,380.815,380.98,7705
2026-05-22 15:01:00,380.966,381.21,380.88,380.93,20109
2026-05-22 15:02:00,380.96,381.2,380.5822,380.62,30947
2026-05-22 15:03:00,380.65,380.85,380.5,380.83,12453
2026-05-22 15:04:00,380.8,380.81,380.62,380.635,16051
2026-05-22 15:05:00,380.665,380.7,380.46,380.55,8593
2026-05-22 15:06:00,380.52,380.52,380.23,380.2816,15786
2026-05-22 15:07:00,380.29,380.4426,380.2,380.2,14487
2026-05-22 15:08:00,380.2,380.305,379.94,379.9899,76023
2026-05-22 15:09:00,379.975,380.1,379.9343,380.03,11351
2026-05-22 15:10:00,380.01,380.215,380.0,380.01,21909
2026-05-22 15:11:00,380.03,380.08,379.89,379.94,13151
2026-05-22 15:12:00,379.95,380.03,379.9,380.0101,8739
2026-05-22 15:13:00,380.025,380.035,379.78,379.81,22696
2026-05-22 15:14:00,379.78,379.78,379.37,379.4701,26805
2026-05-22 15:15:00,379.505,379.6999,379.4,379.4,20213
2026-05-22 15:16:00,379.425,379.69,379.26,379.61,23753
2026-05-22 15:17:00,379.5701,379.73,379.56,379.63,12568
2026-05-22 15:18:00,379.63,379.67,379.55,379.67,18160
2026-05-22 15:19:00,379.645,379.67,379.52,379.6,18531
2026-05-22 15:20:00,379.6,379.61,379.41,379.49,17605
2026-05-22 15:21:00,379.4956,379.63,379.1401,379.3538,22914
2026-05-22 15:22:00,379.37,379.495,379.25,379.38,10636
2026-05-22 15:23:00,379.35,379.58,379.35,379.455,14487
2026-05-22 15:24:00,379.44,379.61,379.44,379.58,10588
2026-05-22 15:25:00,379.595,379.66,379.54,379.58,12420
2026-05-22 15:26:00,379.58,379.61,379.42,379.4999,9973
2026-05-22 15:27:00,379.48,379.52,379.38,379.45,11488
2026-05-22 15:28:00,379.43,379.51,379.23,379.325,14730
2026-05-22 15:29:00,379.3107,379.3107,378.97,379.05,51744
2026-05-22 15:30:00,379.06,379.0795,378.87,378.91,26106
2026-05-22 15:31:00,378.91,379.315,378.85,379.285,28109
2026-05-22 15:32:00,379.2701,379.32,379.12,379.32,18181
2026-05-22 15:33:00,379.32,379.46,379.32,379.375,11044
2026-05-22 15:34:00,379.38,379.42,379.27,379.285,19608
2026-05-22 15:35:00,379.28,379.49,379.2,379.45,26844
2026-05-22 15:36:00,379.47,379.5,379.35,379.4599,21476
2026-05-22 15:37:00,379.46,379.525,379.29,379.365,18803
2026-05-22 15:38:00,379.3416,379.3416,379.06,379.2086,20565
2026-05-22 15:39:00,379.21,379.3,379.18,379.18,20228
2026-05-22 15:40:00,379.2,379.27,379.13,379.14,18249
2026-05-22 15:41:00,379.14,379.145,378.81,378.82,24620
2026-05-22 15:42:00,378.825,378.825,378.55,378.58,30654
2026-05-22 15:43:00,378.59,378.68,378.52,378.53,25887
2026-05-22 15:44:00,378.52,378.81,378.52,378.75,24288
2026-05-22 15:45:00,378.75,378.81,378.65,378.7,34970
2026-05-22 15:46:00,378.7,378.7,378.37,378.39,30361
2026-05-22 15:47:00,378.41,378.58,378.39,378.56,26350
2026-05-22 15:48:00,378.55,378.56,378.33,378.4318,36091
2026-05-22 15:49:00,378.42,378.7,378.35,378.635,18543
2026-05-22 15:50:00,378.68,379.0888,378.26,379.06,57838
2026-05-22 15:51:00,379.03,379.09,378.88,378.975,46408
2026-05-22 15:52:00,378.96,379.22,378.96,379.13,26922
2026-05-22 15:53:00,379.12,379.13,379.02,379.1,22199
2026-05-22 15:54:00,379.1,379.48,379.03,379.47,43917
2026-05-22 15:55:00,379.46,379.7,379.23,379.44,77319
2026-05-22 15:56:00,379.435,379.54,379.39,379.465,47657
2026-05-22 15:57:00,379.45,379.605,379.41,379.535,45170
2026-05-22 15:58:00,379.53,379.53,379.38,379.475,65635
2026-05-22 15:59:00,379.48,379.67,379.17,379.36,209559
2026-05-22 16:00:00,379.38,380.07,379.38,379.75,1800795
2026-05-22 16:01:00,379.67,379.83,379.67,379.83,3058
2026-05-22 16:02:00,379.8,379.87,379.68,379.8,6103
2026-05-22 16:03:00,379.8,379.8,379.74,379.74,976
2026-05-22 16:04:00,379.7554,379.9,379.71,379.9,2807
2026-05-22 16:05:00,379.93,379.93,379.88,379.88,527
2026-05-22 16:06:00,379.88,379.92,379.83,379.89,1263
2026-05-22 16:07:00,379.85,379.93,379.85,379.9115,2000
2026-05-22 16:08:00,379.9,379.95,379.9,379.95,372
2026-05-22 16:09:00,379.93,379.97,379.92,379.97,636
2026-05-22 16:10:00,379.92,380.0,379.89,380.0,1873
2026-05-22 16:11:00,379.94,380.0,379.82,379.92,1023
2026-05-22 16:12:00,379.9731,379.9899,379.95,379.9899,403
2026-05-22 16:13:00,380.0,380.08,379.99,380.07,719
2026-05-22 16:14:00,379.94,380.08,379.94,380.01,1507
2026-05-22 16:15:00,380.03,380.04,379.9,379.9999,317
2026-05-22 16:17:00,379.82,379.8595,379.8078,379.8078,932
2026-05-22 16:18:00,379.8143,379.82,379.79,379.82,524
2026-05-22 16:19:00,379.93,379.93,379.81,379.81,228
2026-05-22 16:21:00,379.83,379.85,379.83,379.85,355
2026-05-22 16:22:00,379.85,379.85,379.82,379.82,130
2026-05-22 16:23:00,379.81,379.81,379.81,379.81,210
2026-05-22 16:24:00,379.81,379.81,379.7895,379.7895,130
2026-05-22 16:25:00,379.8392,379.89,379.8392,379.89,231
2026-05-22 16:27:00,379.82,379.84,379.82,379.84,256
2026-05-22 16:28:00,379.82,379.9,379.82,379.9,95
2026-05-22 16:29:00,379.82,379.82,379.8,379.8,208
2026-05-22 16:30:00,379.9,379.91,379.9,379.91,568
2026-05-22 16:31:00,379.91,379.91,379.56,379.81,2297
2026-05-22 16:32:00,379.82,379.82,379.81,379.81,164
2026-05-22 16:35:00,379.76,379.84,379.72,379.84,302
2026-05-22 16:36:00,379.77,379.89,379.77,379.89,130
2026-05-22 16:37:00,379.89,379.91,379.89,379.91,306
2026-05-22 16:38:00,379.8853,379.8853,379.8853,379.8853,100
2026-05-22 16:39:00,379.84,379.84,379.84,379.84,243
2026-05-22 16:41:00,379.8,379.8,379.8,379.8,50
2026-05-22 16:42:00,379.8,379.89,379.8,379.89,131
2026-05-22 16:43:00,379.9,379.9,379.9,379.9,40
2026-05-22 16:44:00,379.85,379.85,379.72,379.7201,284
2026-05-22 16:45:00,379.8,379.8,379.74,379.74,131
2026-05-22 16:46:00,379.72,379.72,379.67,379.67,1019
2026-05-22 16:47:00,379.7,379.7,379.61,379.61,389
2026-05-22 16:49:00,379.65,379.79,379.65,379.71,376
2026-05-22 16:50:00,379.77,379.9,379.77,379.9,595
2026-05-22 16:51:00,379.9,379.9,379.9,379.9,50
2026-05-22 16:52:00,379.88,379.9,379.88,379.9,419
2026-05-22 16:54:00,379.61,379.94,379.61,379.94,141
2026-05-22 16:58:00,379.73,379.73,379.62,379.62,170
2026-05-22 17:00:00,379.7,379.73,379.6895,379.7,756
2026-05-22 17:01:00,379.7,379.7,379.7,379.7,424
2026-05-22 17:02:00,379.775,379.8,379.775,379.8,250
2026-05-22 17:03:00,379.8,379.8,379.6173,379.6173,305
2026-05-22 17:04:00,379.71,379.71,379.71,379.71,40
2026-05-22 17:05:00,379.78,379.78,379.78,379.78,43
2026-05-22 17:09:00,379.6772,379.6772,379.6772,379.6772,100
2026-05-22 17:10:00,379.67,379.68,379.67,379.68,451
2026-05-22 17:11:00,379.671,379.7896,379.671,379.7896,210
2026-05-22 17:13:00,379.99,379.99,379.69,379.93,2172
2026-05-22 17:16:00,379.9,379.9,379.9,379.9,81
2026-05-22 17:17:00,379.99,379.99,379.99,379.99,100
2026-05-22 17:18:00,379.99,380.0,379.99,380.0,331
2026-05-22 17:19:00,379.99,379.99,379.99,379.99,49
2026-05-22 17:22:00,379.9,379.9,379.9,379.9,70
2026-05-22 17:25:00,379.81,379.81,379.81,379.81,56
2026-05-22 17:26:00,379.835,379.835,379.835,379.835,50
2026-05-22 17:27:00,379.9,379.9,379.9,379.9,280
2026-05-22 17:28:00,379.8376,379.9,379.8376,379.9,350
2026-05-22 17:32:00,379.82,379.82,379.7,379.7,158
2026-05-22 17:33:00,379.73,379.73,379.72,379.72,80
2026-05-22 17:35:00,379.74,379.74,379.74,379.74,80
2026-05-22 17:36:00,379.86,379.86,379.86,379.86,101
2026-05-22 17:37:00,379.85,379.8991,379.85,379.88,257
2026-05-22 17:40:00,379.75,379.75,379.75,379.75,45
2026-05-22 17:41:00,379.8924,379.8924,379.8924,379.8924,97
2026-05-22 17:42:00,379.78,379.8894,379.78,379.8894,112
2026-05-22 17:43:00,379.77,379.86,379.77,379.77,555
2026-05-22 17:46:00,379.78,379.78,379.78,379.78,82
2026-05-22 17:47:00,379.83,379.83,379.83,379.83,100
2026-05-22 17:52:00,379.77,379.77,379.77,379.77,63
2026-05-22 17:53:00,379.77,379.77,379.77,379.77,115
2026-05-22 17:54:00,379.83,379.83,379.83,379.83,123
2026-05-22 17:55:00,379.77,379.77,379.77,379.77,47
2026-05-22 17:56:00,379.83,379.86,379.77,379.86,259
2026-05-22 17:59:00,379.7434,379.7434,379.7434,379.7434,51
2026-05-22 18:02:00,379.88,379.88,379.88,379.88,50
2026-05-22 18:03:00,379.8478,379.85,379.8478,379.85,200
2026-05-22 18:04:00,379.813,379.813,379.813,379.813,50
2026-05-22 18:05:00,379.82,379.82,379.82,379.82,123
2026-05-22 18:06:00,379.83,379.88,379.8,379.88,518
2026-05-22 18:07:00,379.88,379.88,379.86,379.86,110
2026-05-22 18:08:00,379.73,379.7317,379.73,379.7317,269
2026-05-22 18:09:00,379.8,379.8,379.8,379.8,150
2026-05-22 18:10:00,379.72,379.72,379.7,379.7,374
2026-05-22 18:11:00,379.76,379.76,379.76,379.76,100
2026-05-22 18:12:00,379.76,379.76,379.68,379.68,516
2026-05-22 18:14:00,379.69,379.69,379.68,379.6801,202
2026-05-22 18:17:00,379.81,379.81,379.81,379.81,100
2026-05-22 18:18:00,379.8,379.8,379.8,379.8,100
2026-05-22 18:20:00,379.67,379.67,379.67,379.67,56
2026-05-22 18:22:00,379.63,379.63,379.63,379.63,50
2026-05-22 18:24:00,379.68,379.68,379.68,379.68,45
2026-05-22 18:27:00,379.75,379.75,379.75,379.75,1750
2026-05-22 18:28:00,379.69,379.69,379.68,379.68,170
2026-05-22 18:30:00,379.69,379.69,379.68,379.68,165
2026-05-22 18:31:00,379.6746,379.68,379.6746,379.68,162
2026-05-22 18:32:00,379.6651,379.6651,379.6651,379.6651,460
2026-05-22 18:33:00,379.65,379.72,379.65,379.72,170
2026-05-22 18:34:00,379.72,379.9,379.72,379.9,323
2026-05-22 18:38:00,379.71,379.71,379.71,379.71,50
2026-05-22 18:39:00,379.69,379.69,379.69,379.69,58
2026-05-22 18:40:00,379.65,379.69,379.65,379.69,97
2026-05-22 18:41:00,379.63,379.69,379.59,379.69,432
2026-05-22 18:43:00,379.61,379.61,379.61,379.61,210
2026-05-22 18:44:00,379.7,379.7,379.67,379.67,150
2026-05-22 18:45:00,379.69,379.69,379.69,379.69,150
2026-05-22 18:46:00,379.65,379.65,379.53,379.53,316
2026-05-22 18:47:00,379.7,379.7,379.7,379.7,100
2026-05-22 18:48:00,379.68,379.6877,379.6,379.6,184
2026-05-22 18:49:00,379.53,379.53,379.5,379.5,120
2026-05-22 18:50:00,379.5,379.5,379.5,379.5,100
2026-05-22 18:51:00,379.6,379.6,379.6,379.6,168
2026-05-22 18:53:00,379.51,379.51,379.51,379.51,200
2026-05-22 18:55:00,379.52,379.52,379.52,379.52,160
2026-05-22 18:56:00,379.5,379.5,379.4,379.4,565
2026-05-22 18:57:00,379.51,379.51,379.45,379.45,200
2026-05-22 18:58:00,379.43,379.53,379.43,379.53,282
2026-05-22 18:59:00,379.4,379.4,379.4,379.4,290
2026-05-22 19:00:00,379.39,379.39,378.99,378.99,8701
2026-05-22 19:01:00,378.82,378.82,378.82,378.82,100
2026-05-22 19:02:00,378.79,378.79,378.72,378.7455,359
2026-05-22 19:03:00,378.56,378.68,378.51,378.68,1309
2026-05-22 19:04:00,378.5,378.5,378.5,378.5,300
2026-05-22 19:05:00,378.671,378.671,378.671,378.671,100
2026-05-22 19:06:00,378.55,378.55,378.5,378.5,106
2026-05-22 19:08:00,378.7593,378.7593,378.6,378.6,108
2026-05-22 19:09:00,379.0,379.0,378.81,378.81,1461
2026-05-22 19:10:00,379.213,379.3494,379.213,379.3494,140
2026-05-22 19:12:00,379.43,379.43,379.43,379.43,130
2026-05-22 19:15:00,379.1,379.1,379.1,379.1,134
2026-05-22 19:16:00,379.0,379.04,379.0,379.04,233
2026-05-22 19:17:00,378.99,379.0,378.99,379.0,760
2026-05-22 19:18:00,379.0,379.0,379.0,379.0,400
2026-05-22 19:20:00,379.01,379.01,379.01,379.01,218
2026-05-22 19:21:00,379.03,379.25,379.0,379.0,932
2026-05-22 19:23:00,379.0,379.0,379.0,379.0,47
2026-05-22 19:24:00,378.9,379.38,378.9,379.0,781
2026-05-22 19:25:00,379.33,379.33,379.33,379.33,65
2026-05-22 19:29:00,379.02,379.21,379.02,379.21,100
2026-05-22 19:31:00,379.0,379.04,379.0,379.04,140
2026-05-22 19:32:00,379.0,379.0,379.0,379.0,150
2026-05-22 19:33:00,379.05,379.05,379.02,379.02,250
2026-05-22 19:34:00,379.02,379.02,379.02,379.02,100
2026-05-22 19:35:00,378.86,378.88,378.86,378.88,150
2026-05-22 19:37:00,378.89,378.89,378.89,378.89,80
2026-05-22 19:40:00,378.9,378.9,378.89,378.89,150
2026-05-22 19:41:00,378.9,378.9,378.88,378.88,244
2026-05-22 19:42:00,379.43,379.43,379.43,379.43,70
2026-05-22 19:43:00,378.89,378.89,378.86,378.86,280
2026-05-22 19:44:00,378.8599,378.86,378.81,378.81,600
2026-05-22 19:45:00,378.8,378.8,378.75,378.75,165
2026-05-22 19:46:00,378.75,378.75,378.64,378.64,307
2026-05-22 19:47:00,378.66,378.8162,378.62,378.8162,272
2026-05-22 19:49:00,378.63,378.65,378.63,378.65,766
2026-05-22 19:51:00,378.65,378.66,378.6,378.6,446
2026-05-22 19:52:00,378.58,378.58,378.5,378.5025,421
2026-05-22 19:53:00,378.48,378.48,378.48,378.48,70
2026-05-22 19:54:00,378.4882,378.4882,378.3,378.3,690
2026-05-22 19:55:00,378.313,378.313,378.313,378.313,500
2026-05-22 19:57:00,378.56,378.7,378.56,378.7,1230
2026-05-22 19:58:00,378.6,378.7,378.6,378.7,1111
2026-05-22 19:59:00,378.68,378.68,378.68,378.68,90
2026-05-26 04:00:00,381.24,383.27,381.24,382.26,8715
2026-05-26 04:01:00,382.73,383.15,381.83,382.21,21246
2026-05-26 04:02:00,382.24,382.27,382.1,382.14,1402
2026-05-26 04:03:00,382.12,382.2,381.9243,381.9377,1585
2026-05-26 04:04:00,382.17,382.24,382.0544,382.0544,280
2026-05-26 04:05:00,382.25,382.3,382.2055,382.2055,620
2026-05-26 04:07:00,382.29,382.34,382.07,382.29,615
2026-05-26 04:08:00,382.28,382.35,382.2,382.23,1117
2026-05-26 04:09:00,382.27,382.27,382.1,382.13,2360
2026-05-26 04:10:00,382.13,382.24,382.13,382.24,330
2026-05-26 04:11:00,382.25,382.35,382.24,382.35,370
2026-05-26 04:12:00,382.21,382.35,382.21,382.3,349
2026-05-26 04:13:00,382.29,382.32,382.2,382.27,1673
2026-05-26 04:14:00,382.21,382.32,382.2,382.3,432
2026-05-26 04:15:00,382.2,382.26,382.13,382.13,1174
2026-05-26 04:16:00,382.13,382.15,382.13,382.15,235
2026-05-26 04:18:00,382.31,382.31,382.18,382.18,180
2026-05-26 04:19:00,382.3,382.3,382.1,382.14,268
2026-05-26 04:20:00,382.26,382.26,382.12,382.12,429
2026-05-26 04:21:00,382.06,382.15,382.06,382.13,326
2026-05-26 04:22:00,382.14,382.14,382.04,382.04,240
2026-05-26 04:23:00,381.96,382.08,381.94,382.08,270
2026-05-26 04:24:00,382.0,382.04,381.97,381.98,223
2026-05-26 04:25:00,382.09,382.09,382.09,382.09,80
2026-05-26 04:26:00,382.16,382.16,382.12,382.12,180
2026-05-26 04:28:00,382.12,382.16,382.1,382.16,612
2026-05-26 04:29:00,382.1,382.1,382.1,382.1,320
2026-05-26 04:30:00,382.05,382.13,381.96,382.11,408
2026-05-26 04:31:00,382.12,382.12,382.09,382.09,150
2026-05-26 04:32:00,381.97,382.09,381.97,382.09,882
2026-05-26 04:33:00,382.07,382.07,382.05,382.05,160
2026-05-26 04:34:00,382.11,382.11,382.0,382.0,80
2026-05-26 04:35:00,382.03,382.25,382.03,382.07,315
2026-05-26 04:36:00,382.17,382.17,382.0,382.0,927
2026-05-26 04:37:00,382.0,382.0,381.97,381.97,1291
2026-05-26 04:38:00,382.0,382.01,382.0,382.01,119
2026-05-26 04:40:00,382.03,382.03,382.01,382.01,80
2026-05-26 04:41:00,382.17,382.17,382.08,382.08,90
2026-05-26 04:42:00,382.16,382.17,382.16,382.17,80
2026-05-26 04:44:00,382.27,382.28,382.22,382.22,120
2026-05-26 04:45:00,382.18,382.24,382.18,382.24,160
2026-05-26 04:46:00,382.23,382.28,382.15,382.28,162
2026-05-26 04:47:00,382.28,382.28,382.28,382.28,40
2026-05-26 04:48:00,382.28,382.28,382.28,382.28,80
2026-05-26 04:49:00,382.31,382.31,382.31,382.31,60
2026-05-26 04:50:00,382.31,382.33,382.27,382.27,170
2026-05-26 04:51:00,382.27,382.33,382.27,382.33,136
2026-05-26 04:52:00,382.4,382.42,382.4,382.42,627
2026-05-26 04:54:00,382.41,382.41,382.41,382.41,40
2026-05-26 04:55:00,382.44,382.44,382.44,382.44,140
2026-05-26 04:56:00,382.44,382.47,382.4,382.4,230
2026-05-26 04:57:00,382.42,382.42,382.42,382.42,80
2026-05-26 04:58:00,382.4,382.4,382.4,382.4,447
2026-05-26 05:00:00,382.46,382.49,382.43,382.43,227
2026-05-26 05:01:00,382.42,382.42,382.31,382.31,120
2026-05-26 05:02:00,382.34,382.34,382.34,382.34,40
2026-05-26 05:03:00,382.27,382.34,382.27,382.34,208
2026-05-26 05:04:00,382.39,382.4,382.3,382.4,359
2026-05-26 05:05:00,382.34,382.37,382.28,382.37,319
2026-05-26 05:06:00,382.19,382.19,382.07,382.07,126
2026-05-26 05:07:00,382.1,382.11,382.04,382.11,185
2026-05-26 05:08:00,382.04,382.04,382.0,382.0,90
2026-05-26 05:09:00,381.95,382.0,381.95,381.98,126
2026-05-26 05:10:00,381.97,382.0,381.96,381.98,661
2026-05-26 05:11:00,381.98,381.98,381.98,381.98,435
2026-05-26 05:12:00,382.02,382.02,381.96,381.96,90
2026-05-26 05:13:00,381.99,382.06,381.99,382.0393,290
2026-05-26 05:14:00,382.02,382.03,382.02,382.03,90
2026-05-26 05:15:00,382.0,382.0,381.91,381.91,132
2026-05-26 05:16:00,381.91,382.06,381.91,382.06,144
2026-05-26 05:17:00,382.04,382.1,381.97,382.1,799
2026-05-26 05:18:00,382.0,382.11,382.0,382.1,571
2026-05-26 05:19:00,382.11,382.11,382.05,382.11,358
2026-05-26 05:20:00,382.1,382.1,382.1,382.1,80
2026-05-26 05:21:00,382.13,382.27,382.13,382.27,350
2026-05-26 05:22:00,382.2717,382.28,382.0,382.0,899
2026-05-26 05:23:00,382.16,382.16,382.1,382.1,140
2026-05-26 05:24:00,381.99,382.0,381.98,382.0,303
2026-05-26 05:25:00,382.0,382.19,382.0,382.19,161
2026-05-26 05:26:00,382.11,382.11,382.11,382.11,178
2026-05-26 05:27:00,382.1,382.28,382.1,382.28,342
2026-05-26 05:28:00,382.29,382.29,382.29,382.29,100
2026-05-26 05:29:00,382.37,382.38,382.37,382.38,110
2026-05-26 05:30:00,382.2044,382.37,382.2044,382.37,120
2026-05-26 05:31:00,382.38,382.42,382.38,382.41,273
2026-05-26 05:32:00,382.39,382.43,382.39,382.43,125
2026-05-26 05:33:00,382.4,382.5,382.4,382.5,344
2026-05-26 05:34:00,382.4702,382.49,382.4702,382.49,746
2026-05-26 05:35:00,382.48,382.48,382.48,382.48,120
2026-05-26 05:36:00,382.48,382.48,382.45,382.48,200
2026-05-26 05:37:00,382.48,382.52,382.48,382.48,193
2026-05-26 05:38:00,382.43,382.43,382.43,382.43,40
2026-05-26 05:39:00,382.38,382.39,382.31,382.35,281
2026-05-26 05:40:00,382.36,382.36,382.36,382.36,250
2026-05-26 05:41:00,382.38,382.41,382.38,382.41,230
2026-05-26 05:42:00,382.41,382.41,382.41,382.41,50
2026-05-26 05:44:00,382.25,382.25,382.25,382.25,385
2026-05-26 05:47:00,382.34,382.34,382.34,382.34,200
2026-05-26 05:48:00,382.24,382.29,382.24,382.29,240
2026-05-26 05:49:00,382.33,382.33,382.33,382.33,40
2026-05-26 05:50:00,382.34,382.34,382.28,382.34,310
2026-05-26 05:51:00,382.4,382.4,382.28,382.36,964
2026-05-26 05:52:00,382.39,382.43,382.39,382.41,196
2026-05-26 05:53:00,382.44,382.44,382.37,382.37,130
2026-05-26 05:54:00,382.44,382.44,382.44,382.44,146
2026-05-26 05:55:00,382.19,382.28,382.18,382.28,510
2026-05-26 05:56:00,382.34,382.44,382.34,382.43,404
2026-05-26 05:57:00,382.12,382.15,382.12,382.15,115
2026-05-26 05:58:00,382.35,382.35,382.35,382.35,40
2026-05-26 05:59:00,382.46,382.47,382.39,382.39,233
2026-05-26 06:00:00,382.25,382.412,382.25,382.412,282
2026-05-26 06:01:00,382.4,382.49,382.4,382.47,216
2026-05-26 06:02:00,382.6,382.6,382.6,382.6,60
2026-05-26 06:03:00,382.57,382.57,382.57,382.57,50
2026-05-26 06:04:00,382.19,382.35,382.1,382.15,235
2026-05-26 06:05:00,382.38,382.38,382.38,382.38,40
2026-05-26 06:06:00,382.16,382.16,382.16,382.16,42
2026-05-26 06:07:00,382.42,382.48,382.21,382.4,593
2026-05-26 06:08:00,382.46,382.51,382.46,382.51,120
2026-05-26 06:09:00,382.52,382.52,382.16,382.2,2218
2026-05-26 06:10:00,382.12,382.2,382.1,382.2,210
2026-05-26 06:11:00,382.2,382.2,382.2,382.2,120
2026-05-26 06:12:00,382.18,382.2,382.18,382.2,120
2026-05-26 06:13:00,382.17,382.2,382.0,382.0,1427
2026-05-26 06:14:00,382.12,382.2,382.12,382.2,430
2026-05-26 06:15:00,382.2,382.2,382.02,382.2,620
2026-05-26 06:16:00,382.19,382.27,382.19,382.27,130
2026-05-26 06:17:00,382.29,382.31,382.16,382.16,320
2026-05-26 06:18:00,382.29,382.45,382.29,382.45,144
2026-05-26 06:19:00,382.29,382.38,382.29,382.38,1016
2026-05-26 06:20:00,382.48,382.48,382.38,382.38,110
2026-05-26 06:21:00,382.37,382.37,382.25,382.35,290
2026-05-26 06:22:00,382.25,382.37,382.22,382.37,329
2026-05-26 06:23:00,382.37,382.37,382.16,382.16,120
2026-05-26 06:24:00,382.35,382.35,382.09,382.15,240
2026-05-26 06:25:00,382.05,382.12,382.05,382.12,179
2026-05-26 06:26:00,382.02,382.02,381.91,381.91,198
2026-05-26 06:27:00,382.04,382.07,382.04,382.07,389
2026-05-26 06:28:00,382.07,382.13,382.06,382.13,556
2026-05-26 06:29:00,382.14,382.24,382.13,382.24,1189
2026-05-26 06:30:00,382.33,382.44,382.33,382.33,210
2026-05-26 06:31:00,382.33,382.33,382.29,382.32,408
2026-05-26 06:32:00,382.34,382.38,382.25,382.25,451
2026-05-26 06:33:00,382.27,382.34,382.27,382.33,600
2026-05-26 06:34:00,382.36,382.36,382.31,382.31,1520
2026-05-26 06:35:00,382.42,382.42,382.42,382.42,50
2026-05-26 06:36:00,382.43,382.47,382.31,382.46,1561
2026-05-26 06:37:00,382.41,382.41,382.41,382.41,80
2026-05-26 06:38:00,382.48,382.48,382.32,382.32,366
2026-05-26 06:39:00,382.36,382.38,382.29,382.3,746
2026-05-26 06:40:00,382.27,382.38,382.27,382.38,475
2026-05-26 06:41:00,382.28,382.28,382.27,382.27,890
2026-05-26 06:42:00,382.33,382.38,382.33,382.38,146
2026-05-26 06:44:00,382.26,382.26,382.26,382.26,77
2026-05-26 06:45:00,382.38,382.38,382.38,382.38,101
2026-05-26 06:46:00,382.37,382.38,382.34,382.34,277
2026-05-26 06:47:00,382.36,382.36,382.2355,382.31,521
2026-05-26 06:48:00,382.36,382.38,382.29,382.38,533
2026-05-26 06:49:00,382.31,382.4,382.31,382.4,309
2026-05-26 06:50:00,382.38,382.38,382.38,382.38,120
2026-05-26 06:51:00,382.31,382.31,382.31,382.31,50
2026-05-26 06:52:00,382.19,382.23,382.19,382.23,180
2026-05-26 06:53:00,382.17,382.2,382.17,382.1913,365
2026-05-26 06:54:00,382.1,382.2,381.99,382.0,1760
2026-05-26 06:55:00,382.05,382.05,381.9,382.04,1685
2026-05-26 06:56:00,381.94,381.94,381.5,381.89,496
2026-05-26 06:57:00,381.87,381.9,381.79,381.8,1291
2026-05-26 06:58:00,382.0,382.0,381.97,381.97,1098
2026-05-26 06:59:00,381.99,381.99,381.805,381.805,180
2026-05-26 07:00:00,381.88,382.04,381.68,381.7,2862
2026-05-26 07:01:00,381.7,381.7,381.5,381.67,846
2026-05-26 07:02:00,381.52,381.6,381.4,381.52,1180
2026-05-26 07:03:00,381.49,381.49,380.95,381.03,1641
2026-05-26 07:04:00,381.0999,381.22,381.0,381.08,1618
2026-05-26 07:05:00,380.97,381.11,380.89,380.89,3060
2026-05-26 07:06:00,380.9282,381.01,380.84,381.01,1101
2026-05-26 07:07:00,381.03,381.05,380.9765,380.9765,462
2026-05-26 07:08:00,381.04,381.21,381.04,381.18,385
2026-05-26 07:09:00,381.21,381.47,381.21,381.4,316
2026-05-26 07:10:00,381.4,381.4,381.25,381.269,1250
2026-05-26 07:11:00,381.13,381.34,380.96,380.96,3250
2026-05-26 07:12:00,381.01,381.12,380.91,381.05,4412
2026-05-26 07:13:00,380.91,381.14,380.91,380.95,1080
2026-05-26 07:14:00,380.95,381.09,380.9,381.0,2033
2026-05-26 07:15:00,381.0,381.0,380.6,380.65,2603
2026-05-26 07:16:00,380.71,380.71,380.39,380.41,1185
2026-05-26 07:17:00,380.46,380.73,380.38,380.73,1660
2026-05-26 07:18:00,380.76,380.76,380.73,380.76,311
2026-05-26 07:19:00,380.72,380.72,380.52,380.72,768
2026-05-26 07:20:00,380.6,380.76,380.6,380.68,1091
2026-05-26 07:21:00,380.76,380.8525,380.73,380.75,570
2026-05-26 07:22:00,380.87,381.001,380.87,381.001,267
2026-05-26 07:23:00,380.86,380.95,380.83,380.8985,288
2026-05-26 07:24:00,380.96,380.96,380.96,380.96,50
2026-05-26 07:25:00,380.99,381.1099,380.98,381.0,1805
2026-05-26 07:26:00,380.94,381.05,380.8,381.0,4612
2026-05-26 07:27:00,380.98,380.98,380.98,380.98,60
2026-05-26 07:28:00,380.85,380.9548,380.73,380.73,380
2026-05-26 07:29:00,380.78,380.85,380.78,380.85,140
2026-05-26 07:30:00,380.8391,380.84,380.68,380.77,516
2026-05-26 07:31:00,380.75,380.75,380.25,380.66,1970
2026-05-26 07:32:00,380.6843,380.6843,380.6,380.6,154
2026-05-26 07:33:00,380.69,380.6982,380.56,380.56,1924
2026-05-26 07:34:00,380.51,380.54,380.23,380.54,1015
2026-05-26 07:35:00,380.41,380.41,379.87,379.87,4456
2026-05-26 07:36:00,379.84,380.16,379.84,379.96,710
2026-05-26 07:37:00,379.94,380.131,379.84,380.07,1553
2026-05-26 07:38:00,379.89,380.09,379.88,380.0485,859
2026-05-26 07:39:00,380.07,380.1546,380.0,380.0,440
2026-05-26 07:40:00,380.12,380.36,380.01,380.36,491
2026-05-26 07:41:00,380.43,380.46,380.43,380.46,120
2026-05-26 07:42:00,380.41,380.41,380.26,380.26,502
2026-05-26 07:43:00,380.3,380.36,380.3,380.36,125
2026-05-26 07:44:00,380.35,380.41,380.23,380.41,1369
2026-05-26 07:45:00,380.43,380.43,380.43,380.43,110
2026-05-26 07:46:00,380.42,380.4748,380.29,380.3,798
2026-05-26 07:47:00,380.4501,380.49,380.4399,380.49,440
2026-05-26 07:48:00,380.4826,380.4826,380.29,380.428,270
2026-05-26 07:49:00,380.41,380.44,380.38,380.38,190
2026-05-26 07:50:00,380.46,380.4615,380.46,380.4615,144
2026-05-26 07:51:00,380.6,380.62,380.44,380.44,1760
2026-05-26 07:52:00,380.5,380.75,380.47,380.75,1939
2026-05-26 07:53:00,380.58,380.75,380.56,380.69,750
2026-05-26 07:54:00,380.5,380.5,380.36,380.41,691
2026-05-26 07:55:00,380.65,380.65,380.48,380.57,1131
2026-05-26 07:56:00,380.51,380.53,380.31,380.31,3725
2026-05-26 07:57:00,380.53,380.53,380.3,380.45,1589
2026-05-26 07:58:00,380.42,380.42,380.25,380.35,1461
2026-05-26 07:59:00,380.25,380.33,380.06,380.06,3168
2026-05-26 08:00:00,380.02,380.25,380.02,380.21,1025
2026-05-26 08:01:00,380.28,380.3685,380.236,380.3685,353
2026-05-26 08:02:00,380.21,380.31,380.1905,380.31,363
2026-05-26 08:03:00,380.34,380.34,380.25,380.25,154
2026-05-26 08:04:00,380.25,380.3,380.25,380.26,200
2026-05-26 08:05:00,380.29,380.47,380.29,380.43,760
2026-05-26 08:06:00,380.4707,380.4707,380.4707,380.4707,50
2026-05-26 08:07:00,380.44,380.4894,380.44,380.48,300
2026-05-26 08:08:00,380.48,380.48,380.07,380.07,1631
2026-05-26 08:09:00,380.1634,380.3796,380.13,380.29,1676
2026-05-26 08:10:00,380.27,380.27,380.04,380.2,312
2026-05-26 08:11:00,380.22,380.2299,380.1,380.2299,1101
2026-05-26 08:12:00,380.23,380.23,380.23,380.23,100
2026-05-26 08:13:00,380.22,380.22,380.06,380.06,2287
2026-05-26 08:14:00,380.16,380.19,380.06,380.06,991
2026-05-26 08:15:00,380.06,380.16,380.06,380.16,573
2026-05-26 08:16:00,380.12,380.2048,380.09,380.14,1812
2026-05-26 08:17:00,380.14,380.3,380.13,380.22,1144
2026-05-26 08:18:00,380.38,380.38,380.26,380.26,900
2026-05-26 08:19:00,380.3,380.43,380.3,380.43,1192
2026-05-26 08:20:00,380.43,380.6,380.43,380.6,200
2026-05-26 08:21:00,380.6,380.63,380.55,380.63,600
2026-05-26 08:22:00,380.62,380.6781,380.62,380.6781,244
2026-05-26 08:23:00,380.69,380.75,380.64,380.66,3382
2026-05-26 08:24:00,380.6347,380.67,380.6347,380.67,240
2026-05-26 08:25:00,380.7,380.75,380.69,380.74,736
2026-05-26 08:26:00,380.75,380.76,380.67,380.7,2198
2026-05-26 08:27:00,380.66,380.74,380.62,380.74,849
2026-05-26 08:28:00,380.75,380.79,380.7,380.79,8095
2026-05-26 08:29:00,380.73,380.75,380.73,380.73,3746
2026-05-26 08:30:00,380.72,380.72,380.5,380.59,9993
2026-05-26 08:31:00,380.51,380.61,380.5,380.61,418
2026-05-26 08:32:00,380.58,380.6527,380.52,380.58,1148
2026-05-26 08:33:00,380.52,380.58,380.5,380.55,1321
2026-05-26 08:34:00,380.5118,380.58,380.5118,380.56,1314
2026-05-26 08:35:00,380.49,380.51,380.4404,380.51,685
2026-05-26 08:36:00,380.51,380.57,380.51,380.57,520
2026-05-26 08:37:00,380.54,380.58,380.53,380.55,909
2026-05-26 08:38:00,380.56,380.58,380.49,380.49,672
2026-05-26 08:39:00,380.55,380.56,380.55,380.56,600
2026-05-26 08:40:00,380.56,380.6,380.52,380.52,1022
2026-05-26 08:41:00,380.53,380.5501,380.53,380.53,293
2026-05-26 08:42:00,380.5,380.58,380.5,380.57,437
2026-05-26 08:43:00,380.56,380.56,380.4998,380.4998,515
2026-05-26 08:44:00,380.48,380.5212,380.47,380.47,390
2026-05-26 08:45:00,380.49,380.69,380.4126,380.4126,1778
2026-05-26 08:46:00,380.49,380.57,380.49,380.57,80
2026-05-26 08:47:00,380.55,380.57,380.5,380.5,130
2026-05-26 08:48:00,380.5344,380.54,380.5344,380.54,173
2026-05-26 08:49:00,380.5,380.52,380.5,380.515,488
2026-05-26 08:50:00,380.49,380.55,380.48,380.48,1346
2026-05-26 08:51:00,380.51,380.51,380.4,380.45,3673
2026-05-26 08:52:00,380.42,380.44,380.39,380.39,1190
2026-05-26 08:53:00,380.36,380.42,380.36,380.3992,790
2026-05-26 08:54:00,380.34,380.34,380.3093,380.325,325
2026-05-26 08:55:00,380.31,380.58,380.31,380.58,1530
2026-05-26 08:56:00,380.56,380.63,380.56,380.6,740
2026-05-26 08:57:00,380.6,380.6,380.58,380.6,1506
2026-05-26 08:58:00,380.6,380.6,380.6,380.6,1176
2026-05-26 08:59:00,380.58,380.7001,380.55,380.7001,3295
2026-05-26 09:00:00,380.72,380.72,380.67,380.67,925
2026-05-26 09:01:00,380.69,380.69,380.58,380.58,428
2026-05-26 09:02:00,380.5988,380.67,380.54,380.67,3731
2026-05-26 09:03:00,380.63,380.75,380.63,380.75,456
2026-05-26 09:04:00,380.75,380.97,380.75,380.94,7592
2026-05-26 09:05:00,380.93,380.93,380.81,380.81,2348
2026-05-26 09:06:00,380.86,380.86,380.7004,380.75,1187
2026-05-26 09:07:00,380.7,380.75,380.7,380.75,180
2026-05-26 09:08:00,380.78,380.78,380.62,380.62,312
2026-05-26 09:09:00,380.6748,380.76,380.57,380.76,2736
2026-05-26 09:10:00,380.86,380.86,380.75,380.75,2570
2026-05-26 09:11:00,380.75,380.86,380.74,380.8,2672
2026-05-26 09:12:00,380.8457,380.86,380.7601,380.7601,646
2026-05-26 09:13:00,380.8497,380.86,380.81,380.86,1996
2026-05-26 09:14:00,380.81,380.85,380.74,380.77,1590
2026-05-26 09:15:00,380.81,380.81,380.76,380.76,268
2026-05-26 09:16:00,380.85,380.85,380.84,380.84,1140
2026-05-26 09:17:00,380.8,380.8,380.8,380.8,144
2026-05-26 09:18:00,380.78,380.8124,380.69,380.72,2421
2026-05-26 09:19:00,380.73,380.81,380.73,380.81,538
2026-05-26 09:20:00,380.82,380.935,380.79,380.85,15733
2026-05-26 09:21:00,380.91,381.27,380.91,381.11,1877
2026-05-26 09:22:00,381.2,381.26,381.07,381.25,1352
2026-05-26 09:23:00,381.4,381.4,381.25,381.31,3039
2026-05-26 09:24:00,381.35,381.3734,381.3,381.34,830
2026-05-26 09:25:00,381.38,381.48,381.25,381.31,4690
2026-05-26 09:26:00,381.26,381.32,381.25,381.32,478
2026-05-26 09:27:00,381.35,381.35,380.2,380.66,11507
2026-05-26 09:28:00,380.53,380.85,380.32,380.66,8330
2026-05-26 09:29:00,380.57,381.22,380.55,381.22,7699
2026-05-26 09:30:00,380.995,382.68,380.34,382.36,485942
2026-05-26 09:31:00,382.37,382.8,380.65,381.01,86560
2026-05-26 09:32:00,380.965,381.4499,380.81,381.09,77596
2026-05-26 09:33:00,381.09,381.596,380.93,381.0,65095
2026-05-26 09:34:00,381.0,381.22,380.3301,380.44,68871
2026-05-26 09:35:00,380.485,380.485,379.8,380.04,98241
2026-05-26 09:36:00,380.01,380.14,379.42,379.87,50539
2026-05-26 09:37:00,379.9252,379.96,379.14,379.25,79543
2026-05-26 09:38:00,379.285,380.88,379.23,380.295,69799
2026-05-26 09:39:00,380.24,380.88,379.88,379.93,50740
2026-05-26 09:40:00,379.95,380.77,379.88,380.68,42384
2026-05-26 09:41:00,380.69,380.952,380.45,380.83,27747
2026-05-26 09:42:00,380.86,381.41,380.77,381.34,46257
2026-05-26 09:43:00,381.29,381.48,380.69,380.69,33348
2026-05-26 09:44:00,380.69,381.14,380.64,381.14,30718
2026-05-26 09:45:00,381.08,381.76,380.9,381.54,35075
2026-05-26 09:46:00,381.56,381.7799,381.4501,381.58,27457
2026-05-26 09:47:00,381.595,381.64,381.145,381.25,26270
2026-05-26 09:48:00,381.26,381.37,380.96,381.31,26048
2026-05-26 09:49:00,381.28,381.57,381.17,381.43,29193
2026-05-26 09:50:00,381.47,381.49,380.56,380.5885,34603
2026-05-26 09:51:00,380.59,380.845,380.4,380.79,33335
2026-05-26 09:52:00,380.79,381.08,380.7,380.98,41007
2026-05-26 09:53:00,380.954,381.3799,380.77,381.12,39778
2026-05-26 09:54:00,380.985,381.5,380.935,381.44,18920
2026-05-26 09:55:00,381.4625,381.5,381.13,381.5,19055
2026-05-26 09:56:00,381.51,382.11,381.495,382.11,93493
2026-05-26 09:57:00,382.11,382.3088,381.79,382.11,32899
2026-05-26 09:58:00,382.13,382.5,382.01,382.4101,34697
2026-05-26 09:59:00,382.395,383.47,382.395,383.39,49856
2026-05-26 10:00:00,383.385,383.57,382.75,383.05,39145
2026-05-26 10:01:00,383.023,383.4215,382.9,383.4215,25967
2026-05-26 10:02:00,383.43,383.58,383.1,383.22,31382
2026-05-26 10:03:00,383.22,384.05,383.1,384.0483,37036
2026-05-26 10:04:00,384.01,384.16,383.56,383.77,36404
2026-05-26 10:05:00,383.8,384.09,383.77,383.945,29105
2026-05-26 10:06:00,383.97,384.12,383.64,383.64,29413
2026-05-26 10:07:00,383.6799,383.79,383.49,383.65,24163
2026-05-26 10:08:00,383.66,383.87,383.3615,383.41,27408
2026-05-26 10:09:00,383.4,383.56,383.15,383.43,27506
2026-05-26 10:10:00,383.46,383.48,383.28,383.31,24326
2026-05-26 10:11:00,383.305,383.59,383.1801,383.545,14483
2026-05-26 10:12:00,383.565,383.63,383.27,383.28,20193
2026-05-26 10:13:00,383.28,383.63,383.17,383.63,33402
2026-05-26 10:14:00,383.65,384.22,383.65,384.19,49841
2026-05-26 10:15:00,384.2,384.35,383.88,383.91,35244
2026-05-26 10:16:00,383.915,384.05,383.78,384.005,16920
2026-05-26 10:17:00,384.02,384.26,383.82,384.11,27467
2026-05-26 10:18:00,384.12,384.24,383.76,383.9588,44555
2026-05-26 10:19:00,383.9,384.07,383.845,384.035,47917
2026-05-26 10:20:00,383.99,384.38,383.5701,384.38,70343
2026-05-26 10:21:00,384.365,384.4125,383.46,383.52,31157
2026-05-26 10:22:00,383.53,383.72,383.4549,383.66,14270
2026-05-26 10:23:00,383.67,383.6999,383.29,383.4113,33244
2026-05-26 10:24:00,383.37,383.44,382.9705,383.13,25366
2026-05-26 10:25:00,383.15,383.24,382.99,383.18,17974
2026-05-26 10:26:00,383.18,383.19,383.0,383.165,19143
2026-05-26 10:27:00,383.19,383.65,383.165,383.59,20532
2026-05-26 10:28:00,383.56,383.65,383.23,383.47,23199
2026-05-26 10:29:00,383.47,383.58,383.32,383.5,22825
2026-05-26 10:30:00,383.5,383.69,383.1,383.23,18250
2026-05-26 10:31:00,383.26,383.52,383.1,383.38,22981
2026-05-26 10:32:00,383.3501,383.77,383.08,383.77,29408
2026-05-26 10:33:00,383.765,383.85,383.46,383.7645,25504
2026-05-26 10:34:00,383.78,383.88,383.65,383.75,21478
2026-05-26 10:35:00,383.73,383.9,383.61,383.9,29907
2026-05-26 10:36:00,383.9,384.1,383.42,383.5975,44670
2026-05-26 10:37:00,383.585,384.0,383.47,383.93,16245
2026-05-26 10:38:00,383.96,384.0885,383.78,383.855,31240
2026-05-26 10:39:00,383.87,383.87,383.27,383.28,19124
2026-05-26 10:40:00,383.295,383.295,382.96,382.96,33368
2026-05-26 10:41:00,382.94,383.14,382.83,383.04,30235
2026-05-26 10:42:00,383.01,383.06,382.49,382.61,21452
2026-05-26 10:43:00,382.6,382.64,382.35,382.47,20667
2026-05-26 10:44:00,382.47,382.47,382.02,382.455,19186
2026-05-26 10:45:00,382.43,382.69,382.3243,382.6294,30141
2026-05-26 10:46:00,382.61,382.66,382.41,382.46,10592
2026-05-26 10:47:00,382.46,382.72,382.41,382.565,19792
2026-05-26 10:48:00,382.57,382.72,382.39,382.4199,20528
2026-05-26 10:49:00,382.4,382.5941,382.11,382.115,31542
2026-05-26 10:50:00,382.13,382.24,382.0,382.0158,33089
2026-05-26 10:51:00,382.01,382.3,382.01,382.04,27949
2026-05-26 10:52:00,382.07,382.31,381.98,382.295,27692
2026-05-26 10:53:00,382.27,382.62,382.18,382.57,16778
2026-05-26 10:54:00,382.56,382.72,382.38,382.46,26530
2026-05-26 10:55:00,382.45,382.83,382.44,382.71,17833
2026-05-26 10:56:00,382.75,382.86,382.73,382.76,18887
2026-05-26 10:57:00,382.803,383.16,382.7615,382.98,42040
2026-05-26 10:58:00,382.98,384.06,382.89,383.86,46373
2026-05-26 10:59:00,383.85,384.25,383.47,384.215,50780
2026-05-26 11:00:00,384.215,384.28,383.995,384.065,30554
2026-05-26 11:01:00,384.06,384.25,383.96,384.05,26732
2026-05-26 11:02:00,384.065,384.38,383.95,384.2115,38435
2026-05-26 11:03:00,384.21,384.58,383.9,384.52,51480
2026-05-26 11:04:00,384.48,384.75,384.16,384.175,31433
2026-05-26 11:05:00,384.17,384.38,383.8405,384.17,18006
2026-05-26 11:06:00,384.21,384.28,384.0,384.065,11272
2026-05-26 11:07:00,384.02,385.0,383.91,384.98,76741
2026-05-26 11:08:00,384.95,385.31,384.7457,385.31,47009
2026-05-26 11:09:00,385.2851,385.39,385.04,385.26,29113
2026-05-26 11:10:00,385.25,385.39,384.475,384.5376,45138
2026-05-26 11:11:00,384.505,384.72,384.3,384.34,19110
2026-05-26 11:12:00,384.345,384.69,384.24,384.355,17685
2026-05-26 11:13:00,384.37,384.415,384.23,384.27,8984
2026-05-26 11:14:00,384.31,384.41,384.164,384.24,13897
2026-05-26 11:15:00,384.19,384.19,383.97,384.035,19713
2026-05-26 11:16:00,384.04,384.08,383.67,383.73,19139
2026-05-26 11:17:00,383.705,383.73,383.48,383.52,10557
2026-05-26 11:18:00,383.54,383.57,383.22,383.385,20483
2026-05-26 11:19:00,383.44,383.5,383.32,383.365,14372
2026-05-26 11:20:00,383.3986,383.44,382.24,382.26,58767
2026-05-26 11:21:00,382.28,382.36,382.08,382.18,54284
2026-05-26 11:22:00,382.17,382.27,382.095,382.15,34808
2026-05-26 11:23:00,382.16,382.3499,382.09,382.265,49703
2026-05-26 11:24:00,382.25,382.405,382.05,382.3675,48701
2026-05-26 11:25:00,382.34,382.54,382.3201,382.43,20779
2026-05-26 11:26:00,382.43,382.61,382.37,382.5,13755
2026-05-26 11:27:00,382.49,382.6297,382.42,382.505,15215
2026-05-26 11:28:00,382.47,382.525,381.96,382.05,61233
2026-05-26 11:29:00,382.05,382.35,381.93,382.215,95028
2026-05-26 11:30:00,382.21,382.54,382.135,382.41,54824
2026-05-26 11:31:00,382.4175,382.46,382.06,382.115,16723
2026-05-26 11:32:00,382.115,382.45,382.09,382.225,19226
2026-05-26 11:33:00,382.22,382.28,381.88,381.9005,68390
2026-05-26 11:34:00,381.89,382.0,381.8,381.845,15120
2026-05-26 11:35:00,381.82,382.15,381.81,382.0525,24096
2026-05-26 11:36:00,382.09,382.225,381.863,381.863,20205
2026-05-26 11:37:00,381.865,381.98,381.81,381.98,29370
2026-05-26 11:38:00,381.95,382.27,381.94,382.1401,22482
2026-05-26 11:39:00,382.14,382.44,382.022,382.43,25273
2026-05-26 11:40:00,382.4,382.49,382.15,382.195,29675
2026-05-26 11:41:00,382.2,382.42,382.17,382.4,23815
2026-05-26 11:42:00,382.4,382.78,382.26,382.7,28251
2026-05-26 11:43:00,382.6593,382.73,382.42,382.65,14554
2026-05-26 11:44:00,382.6,382.75,382.35,382.68,17047
2026-05-26 11:45:00,382.66,382.72,382.19,382.36,57990
2026-05-26 11:46:00,382.375,382.39,382.02,382.34,17721
2026-05-26 11:47:00,382.35,382.86,382.35,382.73,19156
2026-05-26 11:48:00,382.76,382.88,382.67,382.815,9136
2026-05-26 11:49:00,382.79,382.93,382.69,382.81,13902
2026-05-26 11:50:00,382.82,383.05,382.59,382.745,20156
2026-05-26 11:51:00,382.745,382.97,382.72,382.93,8178
2026-05-26 11:52:00,382.93,383.11,382.74,383.1,14773
2026-05-26 11:53:00,383.095,383.18,382.93,383.05,11576
2026-05-26 11:54:00,383.0601,383.1799,382.69,382.965,13566
2026-05-26 11:55:00,382.96,383.21,382.82,383.12,24868
2026-05-26 11:56:00,383.115,383.15,382.6501,382.83,51996
2026-05-26 11:57:00,382.85,382.8599,382.46,382.66,17057
2026-05-26 11:58:00,382.67,382.8599,382.2607,382.56,24092
2026-05-26 11:59:00,382.57,382.68,382.48,382.66,11867
2026-05-26 12:00:00,382.61,382.61,382.165,382.45,30434
2026-05-26 12:01:00,382.47,382.665,382.415,382.64,10158
2026-05-26 12:02:00,382.645,382.71,382.52,382.575,15845
2026-05-26 12:03:00,382.55,382.57,382.12,382.19,40738
2026-05-26 12:04:00,382.21,382.36,382.03,382.1684,15058
2026-05-26 12:05:00,382.12,382.18,382.02,382.1,13819
2026-05-26 12:06:00,382.1,382.17,381.99,382.1,16475
2026-05-26 12:07:00,382.1,382.13,381.95,382.06,10128
2026-05-26 12:08:00,382.03,382.15,381.98,382.12,13429
2026-05-26 12:09:00,382.15,382.34,382.11,382.175,16543
2026-05-26 12:10:00,382.18,382.28,382.1336,382.1336,10947
2026-05-26 12:11:00,382.165,382.39,382.11,382.32,20413
2026-05-26 12:12:00,382.32,382.59,382.29,382.515,15589
2026-05-26 12:13:00,382.56,382.84,382.55,382.8117,13480
2026-05-26 12:14:00,382.8,382.92,382.59,382.59,18208
2026-05-26 12:15:00,382.57,382.87,382.52,382.63,6977
2026-05-26 12:16:00,382.61,383.0,382.57,382.95,14548
2026-05-26 12:17:00,383.0,383.13,382.9301,383.055,8025
2026-05-26 12:18:00,383.05,383.25,382.8815,383.1412,10604
2026-05-26 12:19:00,383.17,383.345,382.99,383.27,37739
2026-05-26 12:20:00,383.25,383.25,382.84,382.915,14360
2026-05-26 12:21:00,382.93,382.93,382.49,382.6201,14336
2026-05-26 12:22:00,382.62,382.6881,382.53,382.5601,5869
2026-05-26 12:23:00,382.57,382.58,382.36,382.36,9137
2026-05-26 12:24:00,382.36,382.59,382.23,382.59,8915
2026-05-26 12:25:00,382.55,382.5847,382.43,382.47,13461
2026-05-26 12:26:00,382.4401,382.66,382.44,382.66,21053
2026-05-26 12:27:00,382.67,382.81,382.67,382.67,11904
2026-05-26 12:28:00,382.68,382.88,382.59,382.82,10061
2026-05-26 12:29:00,382.84,382.99,382.81,382.89,6968
2026-05-26 12:30:00,382.8701,383.06,382.83,383.02,12694
2026-05-26 12:31:00,383.01,383.12,382.94,383.11,14437
2026-05-26 12:32:00,383.11,383.23,383.1,383.2001,4311
2026-05-26 12:33:00,383.17,383.18,383.0101,383.08,12178
2026-05-26 12:34:00,383.075,383.25,383.05,383.19,10319
2026-05-26 12:35:00,383.22,383.29,383.18,383.21,9447
2026-05-26 12:36:00,383.2101,383.23,382.87,382.91,11173
2026-05-26 12:37:00,382.91,382.95,382.5,382.54,10396
2026-05-26 12:38:00,382.54,382.61,382.4,382.6,8780
2026-05-26 12:39:00,382.61,382.71,382.52,382.5812,7335
2026-05-26 12:40:00,382.56,382.56,382.29,382.3799,8986
2026-05-26 12:41:00,382.31,382.34,382.17,382.2697,16997
2026-05-26 12:42:00,382.26,382.35,382.235,382.34,8198
2026-05-26 12:43:00,382.335,382.35,382.25,382.32,9986
2026-05-26 12:44:00,382.35,382.46,382.24,382.25,9299
2026-05-26 12:45:00,382.24,382.32,382.16,382.31,12267
2026-05-26 12:46:00,382.32,382.5,382.31,382.38,17128
2026-05-26 12:47:00,382.43,382.44,382.26,382.31,6986
2026-05-26 12:48:00,382.31,382.41,382.13,382.205,27463
2026-05-26 12:49:00,382.17,382.47,382.17,382.37,24378
2026-05-26 12:50:00,382.38,382.5,382.34,382.37,24838
2026-05-26 12:51:00,382.37,382.41,382.27,382.33,7721
2026-05-26 12:52:00,382.33,382.42,382.29,382.3918,13874
2026-05-26 12:53:00,382.43,382.51,382.36,382.45,21931
2026-05-26 12:54:00,382.44,382.91,382.4,382.865,20012
2026-05-26 12:55:00,382.8436,382.86,382.45,382.61,13001
2026-05-26 12:56:00,382.61,382.68,382.55,382.67,9379
2026-05-26 12:57:00,382.68,382.74,382.46,382.49,18611
2026-05-26 12:58:00,382.49,382.525,382.26,382.3,19885
2026-05-26 12:59:00,382.31,382.7,382.24,382.6,24664
2026-05-26 13:00:00,382.61,382.65,382.39,382.52,13019
2026-05-26 13:01:00,382.5,382.69,382.41,382.42,18202
2026-05-26 13:02:00,382.43,382.68,382.38,382.64,18511
2026-05-26 13:03:00,382.62,382.77,382.54,382.6,10227
2026-05-26 13:04:00,382.582,382.6025,382.49,382.49,7458
2026-05-26 13:05:00,382.5,382.67,382.36,382.42,23434
2026-05-26 13:06:00,382.425,382.58,382.41,382.55,14608
2026-05-26 13:07:00,382.55,382.89,382.53,382.7,12714
2026-05-26 13:08:00,382.715,382.81,382.5,382.56,6606
2026-05-26 13:09:00,382.5,382.5,382.165,382.26,16428
2026-05-26 13:10:00,382.24,382.39,382.2001,382.31,10915
2026-05-26 13:11:00,382.33,382.36,382.24,382.265,10814
2026-05-26 13:12:00,382.28,382.39,382.2,382.25,10203
2026-05-26 13:13:00,382.26,382.27,382.15,382.19,5740
2026-05-26 13:14:00,382.1857,382.23,382.05,382.0506,10206
2026-05-26 13:15:00,382.08,382.085,381.62,381.745,27070
2026-05-26 13:16:00,381.74,381.82,381.365,381.385,20466
2026-05-26 13:17:00,381.41,381.9099,381.385,381.895,26363
2026-05-26 13:18:00,381.91,382.26,381.91,382.24,7880
2026-05-26 13:19:00,382.23,382.35,382.1601,382.32,9496
2026-05-26 13:20:00,382.315,382.34,382.01,382.06,7727
2026-05-26 13:21:00,382.1,382.15,382.0,382.13,9598
2026-05-26 13:22:00,382.14,382.49,382.13,382.24,16343
2026-05-26 13:23:00,382.25,382.38,382.1,382.13,9472
2026-05-26 13:24:00,382.112,382.39,381.9,382.1,22898
2026-05-26 13:25:00,382.09,382.11,381.955,382.07,9319
2026-05-26 13:26:00,382.065,382.29,382.02,382.2595,12161
2026-05-26 13:27:00,382.29,382.34,382.19,382.1999,8254
2026-05-26 13:28:00,382.225,382.32,382.19,382.305,9091
2026-05-26 13:29:00,382.305,382.305,381.92,381.94,10546
2026-05-26 13:30:00,381.935,382.16,381.9,381.97,13275
2026-05-26 13:31:00,381.99,382.1,381.79,382.1,7906
2026-05-26 13:32:00,382.09,382.255,382.03,382.215,5288
2026-05-26 13:33:00,382.25,382.28,382.1631,382.25,3854
2026-05-26 13:34:00,382.245,382.28,382.1438,382.19,13297
2026-05-26 13:35:00,382.2,382.32,382.13,382.25,10811
2026-05-26 13:36:00,382.2715,382.4,382.22,382.37,11235
2026-05-26 13:37:00,382.335,382.37,382.25,382.2717,7021
2026-05-26 13:38:00,382.3,382.31,382.06,382.11,15559
2026-05-26 13:39:00,382.12,382.2,381.99,382.01,8077
2026-05-26 13:40:00,382.02,382.08,381.82,381.9,7518
2026-05-26 13:41:00,381.915,382.12,381.915,382.04,5960
2026-05-26 13:42:00,382.05,382.24,382.05,382.2,6027
2026-05-26 13:43:00,382.19,382.49,382.18,382.475,11951
2026-05-26 13:44:00,382.48,382.56,382.4301,382.4401,6285
2026-05-26 13:45:00,382.46,382.48,382.31,382.38,5910
2026-05-26 13:46:00,382.37,382.385,382.316,382.34,7425
2026-05-26 13:47:00,382.33,382.404,382.24,382.404,8736
2026-05-26 13:48:00,382.41,382.65,382.41,382.5,9823
2026-05-26 13:49:00,382.5,382.65,382.49,382.605,4415
2026-05-26 13:50:00,382.605,382.94,382.605,382.84,35620
2026-05-26 13:51:00,382.84,383.03,382.8018,382.825,10306
2026-05-26 13:52:00,382.81,382.8416,382.63,382.63,12595
2026-05-26 13:53:00,382.63,382.88,382.62,382.8738,17247
2026-05-26 13:54:00,382.88,382.98,382.7415,382.82,6974
2026-05-26 13:55:00,382.8,382.8,382.57,382.6099,10002
2026-05-26 13:56:00,382.61,382.7099,382.6,382.68,12862
2026-05-26 13:57:00,382.65,382.65,382.4301,382.54,15776
2026-05-26 13:58:00,382.53,382.78,382.52,382.7001,15461
2026-05-26 13:59:00,382.73,382.83,382.5,382.74,23708
2026-05-26 14:00:00,382.77,382.77,382.49,382.53,6546
2026-05-26 14:01:00,382.51,382.51,382.19,382.27,6351
2026-05-26 14:02:00,382.27,382.54,382.27,382.475,8557
2026-05-26 14:03:00,382.45,382.47,382.35,382.4,6563
2026-05-26 14:04:00,382.398,382.59,382.38,382.51,11432
2026-05-26 14:05:00,382.4932,382.65,382.41,382.56,11073
2026-05-26 14:06:00,382.575,382.65,382.55,382.6185,7816
2026-05-26 14:07:00,382.62,382.65,382.56,382.65,8533
2026-05-26 14:08:00,382.64,382.74,382.62,382.7,10011
2026-05-26 14:09:00,382.695,382.86,382.6801,382.81,8941
2026-05-26 14:10:00,382.82,383.04,382.815,383.03,23043
2026-05-26 14:11:00,383.04,383.15,383.02,383.11,8151
2026-05-26 14:12:00,383.11,383.19,383.09,383.11,10648
2026-05-26 14:13:00,383.15,383.19,383.08,383.094,5834
2026-05-26 14:14:00,383.095,383.1,383.0,383.09,7763
2026-05-26 14:15:00,383.12,383.19,383.0913,383.145,9536
2026-05-26 14:16:00,383.145,383.32,383.09,383.13,14060
2026-05-26 14:17:00,383.16,383.2,382.92,382.9999,11216
2026-05-26 14:18:00,383.0,383.0345,382.845,382.86,8561
2026-05-26 14:19:00,382.88,383.01,382.8306,383.0,10502
2026-05-26 14:20:00,383.01,383.02,382.62,382.67,17275
2026-05-26 14:21:00,382.68,382.7493,382.59,382.62,6630
2026-05-26 14:22:00,382.59,382.74,382.58,382.595,10193
2026-05-26 14:23:00,382.57,382.58,382.09,382.31,46565
2026-05-26 14:24:00,382.295,382.41,382.25,382.4,8552
2026-05-26 14:25:00,382.39,382.53,382.35,382.4526,16953
2026-05-26 14:26:00,382.45,382.61,382.44,382.59,10711
2026-05-26 14:27:00,382.61,382.9016,382.605,382.9,9947
2026-05-26 14:28:00,382.9,382.97,382.68,382.685,9182
2026-05-26 14:29:00,382.69,382.7799,382.52,382.65,10709
2026-05-26 14:30:00,382.65,382.93,382.61,382.88,9050
2026-05-26 14:31:00,382.88,382.91,382.75,382.78,11411
2026-05-26 14:32:00,382.7517,382.81,382.5201,382.62,13782
2026-05-26 14:33:00,382.615,382.63,382.4331,382.47,11813
2026-05-26 14:34:00,382.455,382.54,382.44,382.52,8602
2026-05-26 14:35:00,382.525,382.58,382.47,382.53,8752
2026-05-26 14:36:00,382.53,382.53,382.455,382.5,6707
2026-05-26 14:37:00,382.49,382.51,382.32,382.36,7198
2026-05-26 14:38:00,382.33,382.49,382.3,382.34,10488
2026-05-26 14:39:00,382.35,382.47,382.35,382.43,12814
2026-05-26 14:40:00,382.425,382.47,382.34,382.37,13361
2026-05-26 14:41:00,382.355,382.355,382.2301,382.29,9893
2026-05-26 14:42:00,382.3,382.3,382.17,382.17,8294
2026-05-26 14:43:00,382.17,382.21,381.9301,382.035,17644
2026-05-26 14:44:00,382.02,382.05,381.82,381.8499,12372
2026-05-26 14:45:00,381.8,382.25,381.785,382.17,12015
2026-05-26 14:46:00,382.18,382.32,382.18,382.28,17211
2026-05-26 14:47:00,382.23,382.28,382.17,382.25,6949
2026-05-26 14:48:00,382.25,382.25,382.1101,382.16,6338
2026-05-26 14:49:00,382.135,382.18,382.05,382.18,12287
2026-05-26 14:50:00,382.1501,382.2725,382.1,382.13,11736
2026-05-26 14:51:00,382.14,382.38,382.1,382.35,15410
2026-05-26 14:52:00,382.36,382.37,382.21,382.21,18855
2026-05-26 14:53:00,382.23,382.35,382.14,382.19,22196
2026-05-26 14:54:00,382.15,382.2,382.02,382.14,34160
2026-05-26 14:55:00,382.14,382.28,382.07,382.28,22704
2026-05-26 14:56:00,382.27,382.3,382.06,382.15,24254
2026-05-26 14:57:00,382.16,382.24,382.045,382.235,10734
2026-05-26 14:58:00,382.235,382.35,382.11,382.325,12902
2026-05-26 14:59:00,382.325,382.38,381.98,382.01,13313
2026-05-26 15:00:00,381.99,382.15,381.94,382.06,14165
2026-05-26 15:01:00,382.055,382.205,382.03,382.14,20162
2026-05-26 15:02:00,382.14,382.29,382.13,382.26,9771
2026-05-26 15:03:00,382.25,382.45,382.23,382.43,15475
2026-05-26 15:04:00,382.4334,382.58,382.4334,382.54,9787
2026-05-26 15:05:00,382.57,382.68,382.53,382.56,15636
2026-05-26 15:06:00,382.57,382.617,382.49,382.575,6593
2026-05-26 15:07:00,382.575,382.62,382.35,382.35,29388
2026-05-26 15:08:00,382.36,382.39,382.16,382.35,18105
2026-05-26 15:09:00,382.37,382.74,382.36,382.74,13593
2026-05-26 15:10:00,382.715,382.76,382.64,382.705,10899
2026-05-26 15:11:00,382.705,382.87,382.64,382.73,27209
2026-05-26 15:12:00,382.7,382.71,382.45,382.46,21390
2026-05-26 15:13:00,382.453,382.61,382.42,382.464,9187
2026-05-26 15:14:00,382.45,382.47,382.31,382.39,21493
2026-05-26 15:15:00,382.4,382.48,382.34,382.4399,14329
2026-05-26 15:16:00,382.43,382.61,382.4,382.55,12333
2026-05-26 15:17:00,382.543,383.06,382.543,383.06,22580
2026-05-26 15:18:00,383.04,383.1,382.93,382.99,11801
2026-05-26 15:19:00,382.98,383.07,382.84,383.045,38349
2026-05-26 15:20:00,383.035,383.19,383.02,383.13,14997
2026-05-26 15:21:00,383.135,383.1457,382.95,382.99,13656
2026-05-26 15:22:00,383.0,383.14,382.8204,382.86,16500
2026-05-26 15:23:00,382.88,383.05,382.88,383.001,16633
2026-05-26 15:24:00,383.02,383.035,382.81,382.865,8449
2026-05-26 15:25:00,382.865,383.08,382.84,383.03,13134
2026-05-26 15:26:00,383.055,383.13,383.02,383.105,13502
2026-05-26 15:27:00,383.095,383.21,383.07,383.15,13486
2026-05-26 15:28:00,383.13,383.18,383.01,383.07,16534
2026-05-26 15:29:00,383.08,383.25,383.065,383.18,14904
2026-05-26 15:30:00,383.22,383.47,383.135,383.3501,14519
2026-05-26 15:31:00,383.38,383.63,383.31,383.63,22082
2026-05-26 15:32:00,383.64,383.68,383.59,383.67,11961
2026-05-26 15:33:00,383.6699,383.83,383.66,383.7632,19049
2026-05-26 15:34:00,383.78,383.95,383.76,383.95,13225
2026-05-26 15:35:00,383.945,383.96,383.7635,383.82,12015
2026-05-26 15:36:00,383.8055,383.95,383.78,383.88,14747
2026-05-26 15:37:00,383.87,383.94,383.86,383.87,16989
2026-05-26 15:38:00,383.875,383.99,383.875,383.955,10797
2026-05-26 15:39:00,383.96,383.97,383.8501,383.915,9425
2026-05-26 15:40:00,383.9,383.97,383.85,383.895,18011
2026-05-26 15:41:00,383.88,384.06,383.72,384.035,27055
2026-05-26 15:42:00,384.035,384.275,383.92,384.27,30801
2026-05-26 15:43:00,384.24,384.33,383.96,384.33,16194
2026-05-26 15:44:00,384.33,384.54,384.27,384.355,37354
2026-05-26 15:45:00,384.35,384.67,384.254,384.6075,27923
2026-05-26 15:46:00,384.63,384.664,384.56,384.6,22651
2026-05-26 15:47:00,384.61,384.76,384.55,384.61,33258
2026-05-26 15:48:00,384.58,384.75,384.575,384.71,18244
2026-05-26 15:49:00,384.71,384.78,384.6501,384.77,27699
2026-05-26 15:50:00,384.79,384.86,384.24,384.31,91068
2026-05-26 15:51:00,384.31,384.45,384.295,384.37,38984
2026-05-26 15:52:00,384.3745,384.66,384.365,384.65,31707
2026-05-26 15:53:00,384.64,384.77,384.61,384.62,46613
2026-05-26 15:54:00,384.61,384.72,384.09,384.25,59969
2026-05-26 15:55:00,384.3,384.53,384.17,384.515,76903
2026-05-26 15:56:00,384.52,384.69,384.49,384.62,47037
2026-05-26 15:57:00,384.62,384.86,384.53,384.8,65223
2026-05-26 15:58:00,384.81,384.83,384.63,384.79,66933
2026-05-26 15:59:00,384.79,384.97,384.74,384.94,223767
2026-05-26 16:00:00,384.94,384.94,384.28,384.39,2658242
2026-05-26 16:01:00,384.39,384.62,384.39,384.55,1476
2026-05-26 16:02:00,384.49,384.55,384.37,384.37,5147
2026-05-26 16:03:00,384.42,384.45,384.34,384.45,1218
2026-05-26 16:04:00,384.35,384.69,384.29,384.32,2815
2026-05-26 16:05:00,384.32,384.84,384.3,384.84,1011
2026-05-26 16:06:00,384.32,384.32,384.269,384.269,565
2026-05-26 16:07:00,384.34,384.35,384.27,384.27,324
2026-05-26 16:08:00,384.23,384.24,384.13,384.24,580
2026-05-26 16:09:00,384.14,384.1482,384.09,384.1482,627
2026-05-26 16:10:00,384.15,384.15,384.15,384.15,171
2026-05-26 16:11:00,384.1799,384.18,384.1207,384.18,440
2026-05-26 16:12:00,384.1787,384.1787,384.1787,384.1787,50
2026-05-26 16:13:00,384.14,384.14,384.0445,384.0445,180
2026-05-26 16:14:00,384.09,384.09,384.09,384.09,96
2026-05-26 16:15:00,384.06,384.08,384.0,384.03,695
2026-05-26 16:16:00,383.95,384.03,383.93,384.03,1080
2026-05-26 16:17:00,383.7477,384.06,383.73,384.03,5647
2026-05-26 16:18:00,384.06,384.14,384.02,384.02,641
2026-05-26 16:19:00,383.94,383.97,383.94,383.97,510
2026-05-26 16:20:00,383.94,384.03,383.94,384.03,823
2026-05-26 16:21:00,384.0,384.0,384.0,384.0,50
2026-05-26 16:22:00,384.03,384.06,384.03,384.06,132
2026-05-26 16:24:00,383.96,383.96,383.8977,383.95,779
2026-05-26 16:25:00,383.9,383.9,383.9,383.9,112
2026-05-26 16:27:00,383.97,383.97,383.9609,383.97,820
2026-05-26 16:28:00,383.9025,383.9025,383.9,383.9,1040
2026-05-26 16:29:00,383.94,383.94,383.94,383.94,75
2026-05-26 16:30:00,383.93,383.93,383.93,383.93,77
2026-05-26 16:31:00,383.94,383.9609,383.94,383.95,370
2026-05-26 16:32:00,383.97,384.36,383.97,384.09,1604
2026-05-26 16:33:00,384.12,384.12,384.12,384.12,50
2026-05-26 16:34:00,384.08,384.08,384.08,384.08,80
2026-05-26 16:35:00,384.08,384.08,384.08,384.08,141
2026-05-26 16:37:00,384.1002,384.1002,384.1,384.1,250
2026-05-26 16:38:00,384.15,384.17,384.15,384.15,403
2026-05-26 16:39:00,384.84,384.84,384.84,384.84,127
2026-05-26 16:42:00,384.1,384.1,384.1,384.1,50
2026-05-26 16:43:00,384.1,384.12,384.1,384.12,296
2026-05-26 16:44:00,384.1,384.1,384.1,384.1,40
2026-05-26 16:45:00,384.1,384.1,384.1,384.1,100
2026-05-26 16:46:00,383.97,383.97,383.97,383.97,184
2026-05-26 16:47:00,383.9,383.9,383.9,383.9,95
2026-05-26 16:49:00,383.68,383.78,383.68,383.78,128
2026-05-26 16:51:00,383.67,383.67,383.67,383.67,50
2026-05-26 16:55:00,383.83,383.83,383.83,383.83,50
2026-05-26 16:56:00,383.95,383.95,383.95,383.95,200
2026-05-26 16:58:00,383.94,383.94,383.94,383.94,100
2026-05-26 17:00:00,383.87,383.9,383.87,383.9,178
2026-05-26 17:01:00,383.95,383.95,383.95,383.95,40
2026-05-26 17:02:00,383.95,383.95,383.9152,383.92,148
2026-05-26 17:03:00,383.93,383.93,383.93,383.93,48
2026-05-26 17:04:00,383.8504,383.8504,383.8504,383.8504,50
2026-05-26 17:05:00,383.93,384.07,383.93,384.07,1261
2026-05-26 17:06:00,384.12,384.1534,384.11,384.12,236
2026-05-26 17:08:00,384.12,384.12,384.12,384.12,45
2026-05-26 17:11:00,384.04,384.04,384.04,384.04,40
2026-05-26 17:12:00,384.17,384.17,384.17,384.17,50
2026-05-26 17:14:00,384.0007,384.0007,384.0007,384.0007,300
2026-05-26 17:15:00,384.0221,384.0221,384.0004,384.0004,668
2026-05-26 17:16:00,384.09,384.09,384.07,384.07,1137
2026-05-26 17:18:00,384.1531,384.1531,384.1,384.1,198
2026-05-26 17:19:00,384.14,384.23,384.14,384.23,611
2026-05-26 17:20:00,384.14,384.14,384.09,384.12,786
2026-05-26 17:21:00,384.0896,384.0896,384.0896,384.0896,45
2026-05-26 17:22:00,384.19,384.27,384.18,384.18,552
2026-05-26 17:25:00,384.17,384.2007,384.17,384.2007,159
2026-05-26 17:27:00,384.17,384.17,384.17,384.17,47
2026-05-26 17:28:00,384.057,384.17,384.057,384.17,175
2026-05-26 17:29:00,384.1,384.1,384.1,384.1,300
2026-05-26 17:32:00,384.15,384.15,384.15,384.15,100
2026-05-26 17:34:00,384.1,384.1,384.1,384.1,44
2026-05-26 17:35:00,384.2609,384.2609,384.2,384.2,479
2026-05-26 17:36:00,384.24,384.26,384.24,384.26,158
2026-05-26 17:37:00,384.261,384.261,384.261,384.261,198
2026-05-26 17:38:00,384.3,384.3,384.3,384.3,49
2026-05-26 17:40:00,384.0868,384.0868,384.0868,384.0868,50
2026-05-26 17:41:00,384.22,384.22,384.22,384.22,40
2026-05-26 17:43:00,384.3,384.32,384.3,384.32,112
2026-05-26 17:44:00,384.22,384.22,384.22,384.22,40
2026-05-26 17:46:00,384.33,384.5,384.3,384.4878,559
2026-05-26 17:47:00,384.4,384.4,384.4,384.4,290
2026-05-26 17:49:00,384.49,384.58,384.48,384.57,490
2026-05-26 17:53:00,384.6,384.6,384.6,384.6,50
2026-05-26 17:55:00,384.6,384.6,384.45,384.45,504
2026-05-26 17:56:00,384.6,384.6,384.3474,384.3474,265
2026-05-26 17:58:00,384.4,384.4,384.4,384.4,120
2026-05-26 18:00:00,384.32,384.32,384.32,384.32,99
2026-05-26 18:02:00,384.33,384.33,384.3,384.3,209
2026-05-26 18:03:00,384.4,384.4,384.4,384.4,500
2026-05-26 18:04:00,384.24,384.4,384.22,384.4,236
2026-05-26 18:05:00,384.35,384.36,384.35,384.36,139
2026-05-26 18:07:00,384.04,384.04,384.04,384.04,200
2026-05-26 18:10:00,384.33,384.33,384.33,384.33,80
2026-05-26 18:11:00,384.36,384.36,384.0,384.0,400
2026-05-26 18:14:00,384.1,384.1,384.1,384.1,100
2026-05-26 18:18:00,384.2,384.2,384.186,384.186,250
2026-05-26 18:19:00,384.1858,384.4,384.1858,384.4,172
2026-05-26 18:20:00,384.2,384.2,384.2,384.2,200
2026-05-26 18:21:00,384.21,384.4,384.21,384.4,587
2026-05-26 18:22:00,384.4,384.4,383.83,383.83,1178
2026-05-26 18:23:00,384.0,384.0,384.0,384.0,100
2026-05-26 18:24:00,384.3649,384.3649,384.13,384.13,197
2026-05-26 18:27:00,383.91,383.91,383.91,383.91,81
2026-05-26 18:28:00,384.0,384.0,384.0,384.0,100
2026-05-26 18:29:00,383.9,384.0474,383.75,384.0474,569
2026-05-26 18:33:00,384.0,384.0,384.0,384.0,355
2026-05-26 18:36:00,384.3988,384.3988,384.3988,384.3988,89
2026-05-26 18:39:00,384.2,384.2,384.2,384.2,68
2026-05-26 18:43:00,384.209,384.209,384.209,384.209,170
2026-05-26 18:44:00,384.2,384.2,384.0,384.0,369
2026-05-26 18:47:00,383.76,383.76,383.76,383.76,100
2026-05-26 18:50:00,384.2,384.2,384.2,384.2,500
2026-05-26 18:53:00,383.94,383.94,383.94,383.94,40
2026-05-26 18:54:00,384.14,384.14,384.14,384.14,94
2026-05-26 18:58:00,383.98,383.98,383.98,383.98,210
2026-05-26 19:00:00,384.1,384.1,384.0,384.0,200
2026-05-26 19:04:00,384.2175,384.2175,384.0,384.0,215
2026-05-26 19:05:00,384.1,384.1,384.01,384.01,273
2026-05-26 19:06:00,384.1,384.1,384.1,384.1,40
2026-05-26 19:07:00,384.0,384.09,384.0,384.09,87
2026-05-26 19:10:00,384.0,384.0,384.0,384.0,99
2026-05-26 19:12:00,384.0881,384.0881,384.0881,384.0881,87
2026-05-26 19:15:00,384.0,384.0,384.0,384.0,80
2026-05-26 19:16:00,384.0,384.0,384.0,384.0,53
2026-05-26 19:18:00,384.09,384.1,384.09,384.1,1189
2026-05-26 19:19:00,384.1,384.1,384.1,384.1,225
2026-05-26 19:20:00,384.11,384.18,384.11,384.18,527
2026-05-26 19:21:00,384.25,384.25,384.25,384.25,200
2026-05-26 19:23:00,384.2009,384.2009,384.2009,384.2009,505
2026-05-26 19:26:00,384.22,384.22,384.22,384.22,70
2026-05-26 19:28:00,384.2,384.2,384.2,384.2,50
2026-05-26 19:29:00,384.1,384.25,384.1,384.25,405
2026-05-26 19:30:00,384.25,384.5,384.25,384.5,576
2026-05-26 19:33:00,384.3,384.3,384.3,384.3,47
2026-05-26 19:34:00,384.3006,384.3006,384.3006,384.3006,150
2026-05-26 19:36:00,384.3,384.3,384.3,384.3,191
2026-05-26 19:39:00,384.3005,384.3005,384.3005,384.3005,100
2026-05-26 19:40:00,384.37,384.37,384.37,384.37,49
2026-05-26 19:41:00,384.39,384.39,384.39,384.39,94
2026-05-26 19:43:00,384.3,384.3247,384.3,384.3247,281
2026-05-26 19:44:00,384.49,384.49,384.49,384.49,40
2026-05-26 19:45:00,384.5,384.5,384.5,384.5,41
2026-05-26 19:46:00,384.3,384.3,384.3,384.3,170
2026-05-26 19:47:00,384.4,384.45,384.4,384.45,110
2026-05-26 19:49:00,384.3252,384.3252,384.3252,384.3252,50
2026-05-26 19:51:00,384.48,384.5,384.48,384.5,199
2026-05-26 19:53:00,384.501,384.501,384.501,384.501,260
2026-05-26 19:55:00,384.6,384.6,384.6,384.6,992
2026-05-26 19:57:00,384.54,384.54,384.54,384.54,50
2026-05-26 19:58:00,384.5501,384.5612,384.5501,384.56,1226
2026-05-26 19:59:00,384.6132,384.6132,384.5,384.55,325
2026-05-27 04:00:00,385.0,385.0,383.13,383.4,6590
2026-05-27 04:01:00,383.17,384.46,383.17,384.29,7364
2026-05-27 04:04:00,384.06,384.16,384.0,384.0,230
2026-05-27 04:05:00,384.03,384.14,383.8,383.8,704
2026-05-27 04:06:00,383.41,384.01,383.41,383.9,388
2026-05-27 04:07:00,384.03,384.03,384.03,384.03,50
2026-05-27 04:08:00,384.0,384.0,384.0,384.0,60
2026-05-27 04:13:00,384.08,384.08,384.08,384.08,50
2026-05-27 04:14:00,384.2,384.36,384.2,384.36,340
2026-05-27 04:15:00,384.29,384.43,384.29,384.43,282
2026-05-27 04:16:00,384.55,384.55,384.46,384.46,90
2026-05-27 04:17:00,384.6,384.6,384.6,384.6,41
2026-05-27 04:19:00,384.4264,384.4264,384.28,384.28,991
2026-05-27 04:21:00,384.39,384.49,384.36,384.49,140
2026-05-27 04:22:00,384.53,384.73,384.53,384.73,395
2026-05-27 04:23:00,384.83,384.83,384.8,384.8,560
2026-05-27 04:24:00,384.75,384.75,384.67,384.67,200
2026-05-27 04:25:00,384.83,384.83,384.83,384.83,40
2026-05-27 04:26:00,384.82,384.82,384.82,384.82,50
2026-05-27 04:29:00,384.78,384.78,384.78,384.78,90
2026-05-27 04:31:00,384.68,384.68,384.6,384.6,440
2026-05-27 04:37:00,384.56,384.67,384.52,384.67,432
2026-05-27 04:38:00,384.54,384.54,384.52,384.52,104
2026-05-27 04:39:00,384.43,384.53,384.43,384.53,100
2026-05-27 04:40:00,384.54,384.56,384.54,384.56,100
2026-05-27 04:41:00,384.38,384.38,384.38,384.38,260
2026-05-27 04:42:00,384.37,384.37,384.37,384.37,243
2026-05-27 04:44:00,384.27,384.37,384.27,384.36,1032
2026-05-27 04:45:00,384.42,384.42,384.35,384.35,98
2026-05-27 04:46:00,384.33,384.33,384.33,384.33,40
2026-05-27 04:47:00,384.31,384.35,384.31,384.35,150
2026-05-27 04:48:00,384.3068,384.3068,384.3068,384.3068,50
2026-05-27 04:51:00,384.38,384.38,384.15,384.18,429
2026-05-27 04:52:00,384.4111,384.4111,384.4111,384.4111,40
2026-05-27 04:53:00,384.23,384.23,384.11,384.11,298
2026-05-27 04:55:00,384.3,384.32,384.28,384.28,224
2026-05-27 04:57:00,384.31,384.31,384.31,384.31,80
2026-05-27 04:58:00,384.31,384.31,384.31,384.31,70
2026-05-27 05:00:00,384.34,384.34,384.34,384.34,49
2026-05-27 05:01:00,384.19,384.2,384.19,384.2,98
2026-05-27 05:04:00,384.4,384.4,384.4,384.4,100
2026-05-27 05:05:00,384.33,384.33,384.33,384.33,160
2026-05-27 05:06:00,384.32,384.32,384.32,384.32,40
2026-05-27 05:07:00,384.23,384.23,384.23,384.23,47
2026-05-27 05:08:00,384.24,384.24,384.24,384.24,57
2026-05-27 05:11:00,384.33,384.33,384.33,384.33,131
2026-05-27 05:12:00,384.23,384.33,384.23,384.33,225
2026-05-27 05:13:00,384.4,384.41,384.4,384.4,380
2026-05-27 05:16:00,384.5,384.5,384.5,384.5,80
2026-05-27 05:20:00,384.38,384.38,384.38,384.38,50
2026-05-27 05:21:00,384.38,384.47,384.38,384.38,730
2026-05-27 05:22:00,384.39,384.39,384.39,384.39,48
2026-05-27 05:24:00,384.39,384.39,384.39,384.39,63
2026-05-27 05:25:00,384.39,384.39,384.39,384.39,59
2026-05-27 05:32:00,384.44,384.48,384.44,384.48,573
2026-05-27 05:34:00,384.42,384.42,384.3596,384.42,140
2026-05-27 05:38:00,384.57,384.63,384.57,384.6,262
2026-05-27 05:39:00,384.61,384.62,384.54,384.62,702
2026-05-27 05:40:00,384.62,384.64,384.62,384.64,115
2026-05-27 05:41:00,384.62,384.65,384.62,384.65,199
2026-05-27 05:43:00,384.66,384.66,384.56,384.56,580
2026-05-27 05:44:00,384.5,384.56,384.5,384.56,530
2026-05-27 05:47:00,384.56,384.56,384.5,384.5,566
2026-05-27 05:48:00,384.39,384.44,384.39,384.44,1200
2026-05-27 05:49:00,384.4,384.495,384.4,384.495,140
2026-05-27 05:51:00,384.5,384.5,384.5,384.5,47
2026-05-27 05:57:00,384.53,384.53,384.53,384.53,75
2026-05-27 05:58:00,384.48,384.48,384.4,384.43,679
2026-05-27 05:59:00,384.29,384.29,384.29,384.29,40
2026-05-27 06:00:00,384.33,384.33,384.33,384.33,50
2026-05-27 06:02:00,384.23,384.343,384.23,384.343,240
2026-05-27 06:03:00,384.3,384.3,384.3,384.3,54
2026-05-27 06:04:00,384.29,384.3,384.28,384.29,361
2026-05-27 06:05:00,384.2515,384.31,384.2515,384.31,84
2026-05-27 06:08:00,384.33,384.33,384.31,384.31,146
2026-05-27 06:09:00,384.31,384.31,384.31,384.31,101
2026-05-27 06:10:00,384.31,384.31,384.31,384.31,46
2026-05-27 06:11:00,384.22,384.22,384.19,384.19,150
2026-05-27 06:12:00,384.29,384.3,384.29,384.3,417
2026-05-27 06:14:00,384.26,384.41,384.26,384.41,285
2026-05-27 06:15:00,384.39,384.4097,384.3881,384.3881,167
2026-05-27 06:17:00,384.27,384.27,384.22,384.23,350
2026-05-27 06:18:00,384.19,384.205,384.18,384.205,160
2026-05-27 06:21:00,384.19,384.19,384.1,384.11,434
2026-05-27 06:22:00,384.18,384.18,384.18,384.18,40
2026-05-27 06:23:00,384.11,384.11,384.1,384.1,710
2026-05-27 06:24:00,384.09,384.09,384.035,384.07,350
2026-05-27 06:25:00,384.06,384.06,384.06,384.06,320
2026-05-27 06:26:00,384.03,384.03,384.03,384.03,80
2026-05-27 06:27:00,384.05,384.11,384.0,384.07,781
2026-05-27 06:29:00,383.82,383.82,383.82,383.82,95
2026-05-27 06:30:00,383.865,383.865,383.77,383.77,275
2026-05-27 06:31:00,383.76,383.76,383.76,383.76,40
2026-05-27 06:32:00,383.48,383.51,383.48,383.51,300
2026-05-27 06:33:00,383.55,383.55,383.48,383.49,1389
2026-05-27 06:34:00,383.47,383.47,383.47,383.47,40
2026-05-27 06:35:00,383.37,383.37,383.37,383.37,46
2026-05-27 06:36:00,383.42,383.44,383.4,383.4,234
2026-05-27 06:37:00,383.44,383.44,383.44,383.44,58
2026-05-27 06:39:00,383.23,383.3345,383.23,383.32,142
2026-05-27 06:40:00,383.49,383.49,383.425,383.425,240
2026-05-27 06:41:00,383.39,383.44,383.39,383.44,157
2026-05-27 06:42:00,383.332,383.332,383.332,383.332,64
2026-05-27 06:43:00,383.55,383.55,383.52,383.52,130
2026-05-27 06:44:00,383.49,383.59,383.49,383.59,184
2026-05-27 06:48:00,383.6,383.6,383.6,383.6,49
2026-05-27 06:49:00,383.65,383.65,383.65,383.65,100
2026-05-27 06:50:00,383.74,383.9,383.74,383.9,167
2026-05-27 06:51:00,383.89,383.89,383.89,383.89,100
2026-05-27 06:52:00,383.72,383.72,383.71,383.71,130
2026-05-27 06:56:00,383.42,383.42,383.41,383.41,85
2026-05-27 06:58:00,383.45,383.54,383.24,383.54,1158
2026-05-27 06:59:00,383.63,383.7,383.63,383.7,249
2026-05-27 07:00:00,383.7,383.88,383.619,383.87,1592
2026-05-27 07:01:00,383.6,383.7,383.53,383.56,707
2026-05-27 07:02:00,383.22,383.24,383.06,383.06,1097
2026-05-27 07:03:00,383.1347,383.35,383.1347,383.35,237
2026-05-27 07:04:00,383.41,383.41,383.35,383.35,330
2026-05-27 07:05:00,383.13,383.17,383.13,383.17,131
2026-05-27 07:06:00,383.1,383.19,383.1,383.101,384
2026-05-27 07:07:00,383.16,383.1901,383.14,383.18,463
2026-05-27 07:08:00,383.23,383.25,383.23,383.25,197
2026-05-27 07:09:00,383.14,383.14,383.11,383.11,150
2026-05-27 07:10:00,383.11,383.11,383.0,383.0,285
2026-05-27 07:11:00,383.0,383.06,383.0,383.06,235
2026-05-27 07:12:00,383.0,383.1099,383.0,383.05,482
2026-05-27 07:13:00,383.0,383.0,382.74,382.89,5590
2026-05-27 07:14:00,382.82,382.82,382.6,382.6,1174
2026-05-27 07:15:00,382.58,382.95,382.58,382.81,1467
2026-05-27 07:16:00,382.77,382.77,382.68,382.68,513
2026-05-27 07:17:00,382.7768,382.7768,382.75,382.75,192
2026-05-27 07:18:00,382.72,382.75,382.72,382.75,140
2026-05-27 07:19:00,382.71,382.9149,382.71,382.9149,1358
2026-05-27 07:20:00,382.8023,382.86,382.8023,382.86,234
2026-05-27 07:21:00,382.87,382.94,382.87,382.9,1445
2026-05-27 07:22:00,382.87,382.94,382.85,382.94,448
2026-05-27 07:23:00,382.8,382.92,382.8,382.91,508
2026-05-27 07:24:00,382.85,382.91,382.79,382.91,360
2026-05-27 07:25:00,382.9,382.92,382.88,382.88,161
2026-05-27 07:26:00,382.75,382.75,382.68,382.7,248
2026-05-27 07:27:00,382.6,382.68,382.6,382.68,320
2026-05-27 07:28:00,382.86,382.95,382.86,382.95,240
2026-05-27 07:29:00,382.7556,382.7556,382.7556,382.7556,100
2026-05-27 07:30:00,382.99,383.08,382.99,383.08,504
2026-05-27 07:31:00,383.04,383.0575,383.04,383.0575,1282
2026-05-27 07:32:00,382.8582,382.96,382.8,382.84,723
2026-05-27 07:33:00,382.7301,382.84,382.7301,382.75,733
2026-05-27 07:34:00,382.8293,382.8293,382.62,382.73,629
2026-05-27 07:36:00,382.63,382.72,382.63,382.72,660
2026-05-27 07:37:00,382.82,382.86,382.82,382.86,245
2026-05-27 07:38:00,382.85,382.922,382.85,382.9,620
2026-05-27 07:39:00,382.9391,382.9391,382.9,382.93,442
2026-05-27 07:40:00,382.92,382.92,382.68,382.68,1631
2026-05-27 07:41:00,382.6965,382.79,382.6965,382.79,213
2026-05-27 07:42:00,382.8,382.9034,382.8,382.8301,248
2026-05-27 07:43:00,382.83,382.92,382.8,382.8,319
2026-05-27 07:44:00,382.813,382.813,382.813,382.813,50
2026-05-27 07:45:00,382.8119,382.9004,382.8119,382.9004,697
2026-05-27 07:46:00,382.97,382.97,382.97,382.97,159
2026-05-27 07:47:00,383.0,383.0,382.87,382.95,644
2026-05-27 07:48:00,382.95,383.0,382.87,382.87,500
2026-05-27 07:49:00,383.02,383.02,383.02,383.02,40
2026-05-27 07:50:00,382.85,382.9499,382.85,382.9499,160
2026-05-27 07:51:00,383.0,383.0,383.0,383.0,100
2026-05-27 07:53:00,382.97,382.97,382.85,382.85,280
2026-05-27 07:54:00,382.85,382.85,382.81,382.81,720
2026-05-27 07:55:00,382.76,382.77,382.7,382.7,321
2026-05-27 07:56:00,382.7,382.7309,382.7,382.7309,1141
2026-05-27 07:57:00,382.71,382.71,382.7,382.7,619
2026-05-27 07:58:00,382.6,382.6,382.6,382.6,291
2026-05-27 07:59:00,382.6768,382.6768,382.65,382.67,336
2026-05-27 08:00:00,382.7273,382.7273,382.63,382.646,402
2026-05-27 08:01:00,382.55,382.55,382.43,382.44,921
2026-05-27 08:02:00,382.41,382.42,382.35,382.35,566
2026-05-27 08:03:00,382.35,382.36,382.2863,382.34,264
2026-05-27 08:04:00,382.35,382.4181,382.334,382.4181,366
2026-05-27 08:05:00,382.39,382.39,382.39,382.39,40
2026-05-27 08:06:00,382.43,382.5,382.4004,382.46,2968
2026-05-27 08:07:00,382.4647,382.4647,382.44,382.44,150
2026-05-27 08:08:00,382.73,382.73,382.56,382.67,540
2026-05-27 08:09:00,382.5,382.5,382.5,382.5,73
2026-05-27 08:10:00,382.51,382.51,382.46,382.46,701
2026-05-27 08:12:00,382.52,382.52,382.52,382.52,40
2026-05-27 08:13:00,382.5,382.51,382.5,382.51,280
2026-05-27 08:14:00,382.6,382.61,382.582,382.61,341
2026-05-27 08:15:00,382.54,382.55,382.54,382.55,100
2026-05-27 08:17:00,382.46,382.48,382.43,382.48,140
2026-05-27 08:18:00,382.43,382.96,382.42,382.9,3163
2026-05-27 08:19:00,382.8,383.1745,382.8,382.9953,1300
2026-05-27 08:20:00,383.03,383.04,383.03,383.04,143
2026-05-27 08:21:00,383.18,383.2,383.0301,383.2,2878
2026-05-27 08:22:00,383.21,383.5,383.12,383.5,1461
2026-05-27 08:23:00,383.6393,383.6393,383.24,383.25,908
2026-05-27 08:24:00,383.2,383.29,383.0,383.0,4068
2026-05-27 08:25:00,382.94,383.05,382.92,382.92,964
2026-05-27 08:26:00,382.96,383.22,382.96,383.22,3420
2026-05-27 08:27:00,383.21,383.21,382.97,382.97,498
2026-05-27 08:28:00,382.98,383.07,382.8719,382.9477,478
2026-05-27 08:29:00,383.16,383.21,383.07,383.21,507
2026-05-27 08:30:00,383.1898,383.1898,383.13,383.13,130
2026-05-27 08:31:00,383.13,383.13,383.01,383.01,884
2026-05-27 08:32:00,383.0853,383.0853,382.99,382.99,305
2026-05-27 08:33:00,382.856,383.0,382.856,383.0,848
2026-05-27 08:34:00,383.01,383.01,383.0,383.0,220
2026-05-27 08:35:00,382.9457,382.9457,382.9457,382.9457,100
2026-05-27 08:36:00,383.0,383.19,382.91,383.06,535
2026-05-27 08:37:00,383.19,383.32,383.15,383.15,164
2026-05-27 08:38:00,383.0,383.0,382.97,382.98,558
2026-05-27 08:39:00,383.0,383.0,383.0,383.0,42
2026-05-27 08:40:00,382.99,383.0492,382.41,382.65,4555
2026-05-27 08:41:00,382.74,382.74,382.74,382.74,182
2026-05-27 08:42:00,382.74,382.74,382.57,382.74,877
2026-05-27 08:43:00,382.62,382.84,382.62,382.84,288
2026-05-27 08:44:00,382.8205,382.8205,382.8205,382.8205,50
2026-05-27 08:45:00,382.9,382.94,382.8,382.94,342
2026-05-27 08:46:00,382.94,382.94,382.9,382.9,165
2026-05-27 08:47:00,382.93,382.93,382.9,382.91,636
2026-05-27 08:48:00,382.92,382.92,382.88,382.91,487
2026-05-27 08:49:00,382.93,383.0,382.93,383.0,888
2026-05-27 08:50:00,383.03,383.06,382.8916,383.01,983
2026-05-27 08:52:00,382.96,383.0383,382.96,383.0383,600
2026-05-27 08:53:00,383.0,383.0,382.9,382.9,528
2026-05-27 08:54:00,382.9489,382.9489,382.94,382.94,181
2026-05-27 08:56:00,383.12,383.12,383.08,383.12,911
2026-05-27 08:57:00,383.1,383.19,383.1,383.19,1168
2026-05-27 08:59:00,383.2,383.2,383.13,383.1882,471
2026-05-27 09:00:00,383.11,383.11,383.1,383.1,1311
2026-05-27 09:01:00,382.98,382.98,382.92,382.92,305
2026-05-27 09:02:00,382.83,382.98,382.83,382.86,466
2026-05-27 09:03:00,382.82,383.0,382.8,382.86,1210
2026-05-27 09:04:00,382.8238,382.8983,382.8,382.8,240
2026-05-27 09:05:00,382.83,382.85,382.74,382.79,861
2026-05-27 09:06:00,382.75,382.77,382.75,382.77,159
2026-05-27 09:07:00,382.76,382.76,382.61,382.61,93
2026-05-27 09:08:00,382.55,382.55,382.45,382.45,1063
2026-05-27 09:09:00,382.413,382.5,382.3754,382.5,982
2026-05-27 09:10:00,382.4201,382.52,382.39,382.52,440
2026-05-27 09:11:00,382.55,382.55,382.5,382.53,699
2026-05-27 09:12:00,382.53,382.5593,382.5,382.5593,562
2026-05-27 09:13:00,382.5,382.55,382.5,382.52,1199
2026-05-27 09:14:00,382.52,382.58,382.5,382.58,3405
2026-05-27 09:15:00,382.56,382.63,382.56,382.63,167
2026-05-27 09:16:00,382.67,382.67,382.44,382.44,1847
2026-05-27 09:17:00,382.42,382.42,382.36,382.36,590
2026-05-27 09:18:00,382.4035,382.4035,382.21,382.21,917
2026-05-27 09:19:00,382.16,382.185,382.11,382.135,700
2026-05-27 09:20:00,382.1931,382.1931,382.02,382.18,749
2026-05-27 09:21:00,382.17,382.1781,382.1699,382.17,395
2026-05-27 09:22:00,382.1974,382.2,382.13,382.2,2024
2026-05-27 09:23:00,382.23,382.37,382.22,382.3,1260
2026-05-27 09:24:00,382.28,382.32,382.27,382.32,345
2026-05-27 09:25:00,382.56,382.58,382.4,382.58,238
2026-05-27 09:26:00,382.6,382.6,382.54,382.57,304
2026-05-27 09:27:00,382.65,382.67,381.0,381.19,6773
2026-05-27 09:28:00,381.47,381.74,381.36,381.74,2216
2026-05-27 09:29:00,381.81,382.88,381.81,382.88,5371
2026-05-27 09:30:00,382.765,384.8,382.0,384.3,340790
2026-05-27 09:31:00,384.19,385.53,383.66,383.73,91947
2026-05-27 09:32:00,383.74,384.03,383.01,383.61,81468
2026-05-27 09:33:00,383.71,384.18,383.27,383.3225,99917
2026-05-27 09:34:00,383.38,384.2,382.94,383.06,68798
2026-05-27 09:35:00,383.07,383.78,382.985,383.275,71241
2026-05-27 09:36:00,383.34,384.21,383.26,384.06,58522
2026-05-27 09:37:00,384.055,385.32,383.94,385.29,70469
2026-05-27 09:38:00,385.33,386.81,385.235,386.655,97084
2026-05-27 09:39:00,386.63,386.74,385.42,385.42,63226
2026-05-27 09:40:00,385.4,385.44,383.815,384.3,57907
2026-05-27 09:41:00,384.285,385.39,384.2,385.235,51799
2026-05-27 09:42:00,385.235,385.98,385.2,385.65,55745
2026-05-27 09:43:00,385.64,385.73,384.51,384.59,54346
2026-05-27 09:44:00,384.56,385.28,384.53,384.78,56680
2026-05-27 09:45:00,384.77,384.77,384.18,384.305,55555
2026-05-27 09:46:00,384.16,384.8,384.01,384.27,53084
2026-05-27 09:47:00,384.29,385.16,384.29,384.93,37771
2026-05-27 09:48:00,385.0,385.75,384.95,385.09,36499
2026-05-27 09:49:00,385.125,385.325,384.6052,384.964,45283
2026-05-27 09:50:00,385.005,385.78,384.96,385.4525,46076
2026-05-27 09:51:00,385.51,385.54,385.16,385.34,41530
2026-05-27 09:52:00,385.36,385.9,385.23,385.59,33180
2026-05-27 09:53:00,385.63,385.93,385.17,385.3,30558
2026-05-27 09:54:00,385.34,385.52,384.685,385.15,24583
2026-05-27 09:55:00,385.157,385.99,385.02,385.2299,48135
2026-05-27 09:56:00,385.18,385.8699,385.1,385.72,35184
2026-05-27 09:57:00,385.698,386.18,385.6,385.68,44208
2026-05-27 09:58:00,385.675,385.7,384.945,385.25,27846
2026-05-27 09:59:00,385.29,386.62,385.25,386.48,30592
2026-05-27 10:00:00,386.58,387.18,386.35,386.6,45257
2026-05-27 10:01:00,386.5501,388.11,386.5501,388.06,65223
2026-05-27 10:02:00,388.1,388.49,387.9,388.345,51693
2026-05-27 10:03:00,388.39,388.6127,388.0,388.32,56109
2026-05-27 10:04:00,388.28,388.7899,388.18,388.7,34206
2026-05-27 10:05:00,388.68,388.74,387.72,387.82,44841
2026-05-27 10:06:00,387.85,388.51,387.6875,388.22,45164
2026-05-27 10:07:00,388.25,388.7,387.81,387.88,49690
2026-05-27 10:08:00,387.86,388.03,387.25,387.28,39074
2026-05-27 10:09:00,387.2725,387.465,387.0,387.22,46857
2026-05-27 10:10:00,387.08,387.24,386.17,386.17,26507
2026-05-27 10:11:00,386.17,386.61,385.85,386.34,38703
2026-05-27 10:12:00,386.375,386.99,386.355,386.96,20286
2026-05-27 10:13:00,387.0,387.2053,386.74,386.945,27391
2026-05-27 10:14:00,386.9725,387.49,386.71,387.345,26662
2026-05-27 10:15:00,387.39,387.57,387.16,387.5,28269
2026-05-27 10:16:00,387.525,387.8,387.44,387.61,28350
2026-05-27 10:17:00,387.62,387.92,387.56,387.92,19600
2026-05-27 10:18:00,387.935,388.51,387.935,388.4025,31942
2026-05-27 10:19:00,388.45,388.86,388.29,388.805,43361
2026-05-27 10:20:00,388.775,388.9,387.9701,388.1225,32464
2026-05-27 10:21:00,388.13,388.37,387.85,387.975,27266
2026-05-27 10:22:00,387.99,388.2,387.235,387.31,24379
2026-05-27 10:23:00,387.3599,387.6,387.065,387.26,28563
2026-05-27 10:24:00,387.26,387.49,387.11,387.2075,22393
2026-05-27 10:25:00,387.15,387.27,386.8201,386.97,25270
2026-05-27 10:26:00,386.96,387.51,386.92,387.24,34932
2026-05-27 10:27:00,387.32,387.77,387.16,387.58,34119
2026-05-27 10:28:00,387.516,387.89,387.516,387.75,31264
2026-05-27 10:29:00,387.75,388.07,387.65,387.72,23234
2026-05-27 10:30:00,387.7201,388.07,387.605,388.0,33733
2026-05-27 10:31:00,387.945,388.32,387.9,388.18,20037
2026-05-27 10:32:00,388.13,388.15,387.35,387.43,29556
2026-05-27 10:33:00,387.425,387.63,387.02,387.26,32075
2026-05-27 10:34:00,387.31,387.82,387.3,387.79,24426
2026-05-27 10:35:00,387.81,388.18,387.77,388.082,24514
2026-05-27 10:36:00,388.14,388.29,387.75,387.86,19922
2026-05-27 10:37:00,387.89,388.08,387.72,387.99,17380
2026-05-27 10:38:00,388.08,388.29,387.95,388.15,24707
2026-05-27 10:39:00,388.17,388.3,387.94,388.28,24989
2026-05-27 10:40:00,388.26,388.265,387.94,388.16,24392
2026-05-27 10:41:00,388.15,388.27,387.93,388.01,31623
2026-05-27 10:42:00,387.99,388.0,387.5,387.575,28862
2026-05-27 10:43:00,387.54,387.63,387.355,387.55,18721
2026-05-27 10:44:00,387.52,387.63,387.32,387.52,22725
2026-05-27 10:45:00,387.55,387.6,387.3567,387.445,16163
2026-05-27 10:46:00,387.44,387.49,387.205,387.29,14209
2026-05-27 10:47:00,387.31,387.34,387.09,387.2435,14152
2026-05-27 10:48:00,387.3099,387.3099,387.08,387.25,27561
2026-05-27 10:49:00,387.21,387.25,387.0,387.125,21375
2026-05-27 10:50:00,387.15,387.285,387.06,387.115,21025
2026-05-27 10:51:00,387.08,387.25,386.69,387.0,49468
2026-05-27 10:52:00,386.975,387.195,386.81,386.82,12690
2026-05-27 10:53:00,386.88,387.1,386.805,387.02,19088
2026-05-27 10:54:00,387.04,387.22,387.0,387.035,12562
2026-05-27 10:55:00,387.02,387.1,386.89,386.89,15685
2026-05-27 10:56:00,386.87,387.085,386.61,386.62,17749
2026-05-27 10:57:00,386.62,386.97,386.62,386.97,17890
2026-05-27 10:58:00,386.925,387.26,386.88,387.26,19082
2026-05-27 10:59:00,387.25,387.39,387.07,387.12,23226
2026-05-27 11:00:00,387.11,387.39,387.0,387.28,23285
2026-05-27 11:01:00,387.3315,387.76,387.3315,387.7247,21505
2026-05-27 11:02:00,387.6701,387.925,387.54,387.685,15830
2026-05-27 11:03:00,387.685,387.78,387.56,387.71,24030
2026-05-27 11:04:00,387.71,387.9,387.57,387.715,17907
2026-05-27 11:05:00,387.7,387.7001,387.2124,387.51,13266
2026-05-27 11:06:00,387.5201,387.67,387.38,387.38,11286
2026-05-27 11:07:00,387.37,387.59,387.33,387.5001,17570
2026-05-27 11:08:00,387.5,387.79,387.435,387.72,21889
2026-05-27 11:09:00,387.73,387.77,387.4,387.51,14564
2026-05-27 11:10:00,387.4404,387.74,387.38,387.57,18227
2026-05-27 11:11:00,387.5951,387.62,387.41,387.415,8211
2026-05-27 11:12:00,387.415,387.47,387.07,387.08,11998
2026-05-27 11:13:00,387.04,387.25,386.8901,387.09,26727
2026-05-27 11:14:00,387.08,387.17,386.5,386.57,31571
2026-05-27 11:15:00,386.5384,386.9,386.5384,386.87,20280
2026-05-27 11:16:00,386.87,387.11,386.841,387.11,20372
2026-05-27 11:17:00,387.12,387.47,387.06,387.415,22509
2026-05-27 11:18:00,387.365,388.12,387.365,387.96,30321
2026-05-27 11:19:00,388.0,388.2,387.51,387.59,23387
2026-05-27 11:20:00,387.54,387.775,387.4,387.46,14717
2026-05-27 11:21:00,387.45,387.51,387.0,387.04,27460
2026-05-27 11:22:00,387.035,387.15,386.94,386.955,28599
2026-05-27 11:23:00,386.91,387.43,386.86,387.42,25466
2026-05-27 11:24:00,387.41,387.7,387.4,387.64,19474
2026-05-27 11:25:00,387.655,387.71,387.41,387.41,19837
2026-05-27 11:26:00,387.38,387.43,387.12,387.28,29965
2026-05-27 11:27:00,387.29,387.68,387.21,387.55,19221
2026-05-27 11:28:00,387.555,387.82,387.52,387.795,22339
2026-05-27 11:29:00,387.795,388.02,387.71,387.965,24024
2026-05-27 11:30:00,387.965,387.975,387.71,387.75,15332
2026-05-27 11:31:00,387.77,387.79,387.54,387.75,26862
2026-05-27 11:32:00,387.7,387.8899,387.5901,387.685,26217
2026-05-27 11:33:00,387.685,387.685,387.33,387.42,18015
2026-05-27 11:34:00,387.385,387.64,387.32,387.5062,20608
2026-05-27 11:35:00,387.53,388.08,387.525,387.625,51048
2026-05-27 11:36:00,387.66,387.82,387.6401,387.8,18073
2026-05-27 11:37:00,387.73,387.88,387.55,387.88,15916
2026-05-27 11:38:00,387.895,387.895,387.38,387.39,11416
2026-05-27 11:39:00,387.405,387.495,387.21,387.33,20439
2026-05-27 11:40:00,387.3,387.58,387.21,387.5,26085
2026-05-27 11:41:00,387.5,387.7,387.42,387.575,21792
2026-05-27 11:42:00,387.59,388.0375,387.505,387.565,19955
2026-05-27 11:43:00,387.505,387.73,387.38,387.58,10948
2026-05-27 11:44:00,387.59,387.64,387.14,387.295,17773
2026-05-27 11:45:00,387.34,387.8,387.33,387.6,21866
2026-05-27 11:46:00,387.58,387.6,387.06,387.115,33366
2026-05-27 11:47:00,387.07,387.3604,387.07,387.17,29118
2026-05-27 11:48:00,387.18,387.19,386.9601,387.09,15041
2026-05-27 11:49:00,387.13,387.41,387.05,387.25,13211
2026-05-27 11:50:00,387.25,387.34,387.12,387.31,14023
2026-05-27 11:51:00,387.27,387.2999,387.08,387.17,8471
2026-05-27 11:52:00,387.15,387.43,387.13,387.36,9962
2026-05-27 11:53:00,387.38,388.0,387.36,387.86,22301
2026-05-27 11:54:00,387.86,387.91,387.54,387.76,26200
2026-05-27 11:55:00,387.725,387.78,387.32,387.4,20690
2026-05-27 11:56:00,387.41,387.64,387.41,387.64,18943
2026-05-27 11:57:00,387.64,387.75,387.37,387.38,13791
2026-05-27 11:58:00,387.38,387.52,387.3327,387.48,8542
2026-05-27 11:59:00,387.44,387.45,387.08,387.21,25574
2026-05-27 12:00:00,387.25,387.29,386.98,387.1,28339
2026-05-27 12:01:00,387.15,387.15,386.86,386.86,20837
2026-05-27 12:02:00,386.86,386.93,386.74,386.7551,24730
2026-05-27 12:03:00,386.755,386.81,386.08,386.1,47606
2026-05-27 12:04:00,386.14,386.4588,386.12,386.3975,21010
2026-05-27 12:05:00,386.39,386.62,386.35,386.445,16264
2026-05-27 12:06:00,386.44,386.81,386.39,386.71,22075
2026-05-27 12:07:00,386.75,387.07,386.71,386.92,28418
2026-05-27 12:08:00,386.92,386.92,386.7,386.77,17854
2026-05-27 12:09:00,386.75,386.91,386.4201,386.91,15972
2026-05-27 12:10:00,386.89,387.0,386.77,386.8499,8756
2026-05-27 12:11:00,386.81,386.89,386.69,386.825,13268
2026-05-27 12:12:00,386.84,387.155,386.8066,387.14,11030
2026-05-27 12:13:00,387.13,387.215,386.92,386.97,17100
2026-05-27 12:14:00,386.93,387.015,386.7725,386.845,12150
2026-05-27 12:15:00,386.88,386.98,386.71,386.96,11885
2026-05-27 12:16:00,386.95,386.95,386.6,386.73,12219
2026-05-27 12:17:00,386.718,386.75,386.54,386.55,7770
2026-05-27 12:18:00,386.575,386.65,386.25,386.28,6704
2026-05-27 12:19:00,386.29,386.595,386.2606,386.465,13045
2026-05-27 12:20:00,386.43,386.695,386.43,386.56,13564
2026-05-27 12:21:00,386.58,386.88,386.51,386.88,25858
2026-05-27 12:22:00,386.82,386.96,386.79,386.945,8701
2026-05-27 12:23:00,386.94,387.1,386.94,387.1,10950
2026-05-27 12:24:00,387.05,387.38,387.05,387.325,28402
2026-05-27 12:25:00,387.29,387.32,386.91,386.98,19829
2026-05-27 12:26:00,386.98,387.06,386.9201,386.96,9370
2026-05-27 12:27:00,386.94,387.1399,386.94,387.13,9731
2026-05-27 12:28:00,387.1175,387.24,387.03,387.2,12088
2026-05-27 12:29:00,387.18,387.435,387.18,387.37,16861
2026-05-27 12:30:00,387.375,387.47,387.26,387.28,14014
2026-05-27 12:31:00,387.285,387.54,387.285,387.51,9141
2026-05-27 12:32:00,387.52,388.04,387.47,388.005,18975
2026-05-27 12:33:00,388.04,388.29,387.93,388.2582,12772
2026-05-27 12:34:00,388.25,388.53,388.2201,388.44,26485
2026-05-27 12:35:00,388.43,388.85,388.43,388.8,32829
2026-05-27 12:36:00,388.8,389.52,388.75,389.4122,37931
2026-05-27 12:37:00,389.445,389.63,389.37,389.5799,20953
2026-05-27 12:38:00,389.57,389.63,389.3101,389.55,20129
2026-05-27 12:39:00,389.555,389.5999,389.35,389.4601,10718
2026-05-27 12:40:00,389.515,389.725,389.1902,389.5,30244
2026-05-27 12:41:00,389.5,389.58,389.255,389.2582,16541
2026-05-27 12:42:00,389.26,389.69,389.22,389.36,21800
2026-05-27 12:43:00,389.42,389.55,389.31,389.49,16267
2026-05-27 12:44:00,389.44,389.49,389.17,389.22,20063
2026-05-27 12:45:00,389.21,389.26,388.9,388.9,18457
2026-05-27 12:46:00,388.935,388.97,388.68,388.97,27341
2026-05-27 12:47:00,388.98,389.07,388.61,388.735,12225
2026-05-27 12:48:00,388.76,388.84,388.57,388.65,14236
2026-05-27 12:49:00,388.68,388.93,388.64,388.93,19681
2026-05-27 12:50:00,388.93,388.93,388.71,388.7175,11730
2026-05-27 12:51:00,388.74,388.86,388.6,388.62,12400
2026-05-27 12:52:00,388.62,388.79,388.4,388.495,16403
2026-05-27 12:53:00,388.485,388.53,388.01,388.23,14367
2026-05-27 12:54:00,388.21,388.21,387.975,388.0007,13436
2026-05-27 12:55:00,388.05,388.0699,387.62,387.94,20981
2026-05-27 12:56:00,387.93,387.95,387.54,387.54,11879
2026-05-27 12:57:00,387.58,387.69,387.5,387.5,8959
2026-05-27 12:58:00,387.525,387.78,387.38,387.715,12841
2026-05-27 12:59:00,387.71,387.79,387.6279,387.77,12349
2026-05-27 13:00:00,387.755,387.92,387.73,387.855,12286
2026-05-27 13:01:00,387.9199,387.9199,387.56,387.64,14877
2026-05-27 13:02:00,387.61,387.88,387.57,387.81,20863
2026-05-27 13:03:00,387.83,387.88,387.695,387.73,7045
2026-05-27 13:04:00,387.73,387.89,387.65,387.65,11787
2026-05-27 13:05:00,387.66,387.78,387.53,387.55,33564
2026-05-27 13:06:00,387.565,387.61,387.27,387.27,13980
2026-05-27 13:07:00,387.29,387.38,387.23,387.3,14612
2026-05-27 13:08:00,387.3,387.4,387.02,387.035,9163
2026-05-27 13:09:00,387.06,387.325,387.0,387.12,23191
2026-05-27 13:10:00,387.12,387.35,387.07,387.235,8501
2026-05-27 13:11:00,387.23,387.24,386.65,386.6501,41582
2026-05-27 13:12:00,386.67,386.97,386.64,386.935,12837
2026-05-27 13:13:00,386.93,386.95,386.69,386.755,12591
2026-05-27 13:14:00,386.74,386.9,386.71,386.9,8462
2026-05-27 13:15:00,386.895,386.96,386.79,386.96,8465
2026-05-27 13:16:00,386.96,387.0,386.87,386.96,9680
2026-05-27 13:17:00,386.91,387.0955,386.87,387.06,12720
2026-05-27 13:18:00,387.055,387.135,386.9714,387.1,12825
2026-05-27 13:19:00,387.12,387.2,386.91,387.06,14313
2026-05-27 13:20:00,386.99,387.1599,386.96,387.02,8727
2026-05-27 13:21:00,387.0,387.05,386.8501,386.885,7782
2026-05-27 13:22:00,386.88,387.0,386.85,386.89,7919
2026-05-27 13:23:00,386.86,387.05,386.79,386.9593,22395
2026-05-27 13:24:00,386.93,386.97,386.77,386.78,8416
2026-05-27 13:25:00,386.76,386.76,386.57,386.64,10359
2026-05-27 13:26:00,386.61,386.93,386.61,386.91,10254
2026-05-27 13:27:00,386.94,386.94,386.56,386.565,9179
2026-05-27 13:28:00,386.56,386.63,386.5,386.52,9479
2026-05-27 13:29:00,386.5899,386.61,386.43,386.46,6377
2026-05-27 13:30:00,386.435,386.66,386.435,386.66,8437
2026-05-27 13:31:00,386.67,386.78,386.6201,386.65,7319
2026-05-27 13:32:00,386.5549,386.64,386.53,386.59,5846
2026-05-27 13:33:00,386.56,386.66,386.47,386.63,26958
2026-05-27 13:34:00,386.622,386.71,386.47,386.495,4942
2026-05-27 13:35:00,386.495,386.87,386.49,386.8,10513
2026-05-27 13:36:00,386.795,387.25,386.74,387.25,20567
2026-05-27 13:37:00,387.25,387.38,387.1822,387.34,16069
2026-05-27 13:38:00,387.33,387.49,387.25,387.49,16022
2026-05-27 13:39:00,387.49,387.61,387.37,387.38,14115
2026-05-27 13:40:00,387.34,387.49,387.12,387.12,9948
2026-05-27 13:41:00,387.15,387.43,387.07,387.37,13686
2026-05-27 13:42:00,387.43,387.4941,387.33,387.35,10944
2026-05-27 13:43:00,387.34,387.44,387.15,387.4,10565
2026-05-27 13:44:00,387.385,387.65,387.3,387.61,21269
2026-05-27 13:45:00,387.615,387.615,387.22,387.35,8524
2026-05-27 13:46:00,387.37,387.38,387.15,387.28,7481
2026-05-27 13:47:00,387.25,387.25,387.0501,387.065,6372
2026-05-27 13:48:00,387.055,387.18,386.96,387.1,7371
2026-05-27 13:49:00,387.07,387.1,386.95,386.97,8881
2026-05-27 13:50:00,387.03,387.14,386.83,386.94,13764
2026-05-27 13:51:00,386.99,387.24,386.895,387.24,16473
2026-05-27 13:52:00,387.23,387.4,387.2,387.345,8312
2026-05-27 13:53:00,387.35,387.6399,387.31,387.61,16278
2026-05-27 13:54:00,387.63,387.79,387.5,387.79,28061
2026-05-27 13:55:00,387.8,387.97,387.7,387.93,20093
2026-05-27 13:56:00,387.93,388.13,387.81,388.065,25147
2026-05-27 13:57:00,388.05,388.05,387.8301,387.875,14016
2026-05-27 13:58:00,387.9,388.24,387.88,388.18,12537
2026-05-27 13:59:00,388.22,388.26,388.03,388.04,8867
2026-05-27 14:00:00,388.04,388.21,387.8,387.83,18850
2026-05-27 14:01:00,387.81,388.03,387.77,387.97,19342
2026-05-27 14:02:00,387.98,388.065,387.64,387.81,18574
2026-05-27 14:03:00,387.805,387.83,387.55,387.57,10681
2026-05-27 14:04:00,387.58,387.66,387.325,387.39,10959
2026-05-27 14:05:00,387.37,387.49,387.26,387.49,14210
2026-05-27 14:06:00,387.5,387.95,387.5,387.9,26253
2026-05-27 14:07:00,387.89,387.98,387.845,387.86,19986
2026-05-27 14:08:00,387.88,387.99,387.6204,387.7081,17029
2026-05-27 14:09:00,387.67,387.94,387.53,387.91,19705
2026-05-27 14:10:00,387.9,387.91,387.79,387.9,20255
2026-05-27 14:11:00,387.88,388.0,387.8,387.94,9790
2026-05-27 14:12:00,387.92,388.0,387.85,387.905,11513
2026-05-27 14:13:00,387.93,388.02,387.85,387.94,9451
2026-05-27 14:14:00,387.95,388.04,387.89,387.95,16417
2026-05-27 14:15:00,387.955,387.99,387.8095,387.96,12746
2026-05-27 14:16:00,387.99,388.23,387.976,388.06,19222
2026-05-27 14:17:00,388.0825,388.13,387.98,388.05,15835
2026-05-27 14:18:00,388.04,388.3,388.02,388.2151,13715
2026-05-27 14:19:00,388.23,388.28,388.15,388.2,13595
2026-05-27 14:20:00,388.21,388.24,388.06,388.16,18980
2026-05-27 14:21:00,388.125,388.37,388.125,388.37,23199
2026-05-27 14:22:00,388.365,388.44,388.2301,388.32,27423
2026-05-27 14:23:00,388.305,388.53,388.23,388.38,22135
2026-05-27 14:24:00,388.33,388.39,388.16,388.27,17840
2026-05-27 14:25:00,388.245,388.5,388.1601,388.34,19761
2026-05-27 14:26:00,388.345,388.6,388.32,388.56,17406
2026-05-27 14:27:00,388.565,388.76,388.55,388.705,10491
2026-05-27 14:28:00,388.73,388.73,388.37,388.49,14449
2026-05-27 14:29:00,388.46,388.52,388.32,388.47,14922
2026-05-27 14:30:00,388.49,388.53,388.37,388.3901,9892
2026-05-27 14:31:00,388.39,388.44,388.1921,388.39,14344
2026-05-27 14:32:00,388.409,388.41,388.13,388.1551,10602
2026-05-27 14:33:00,388.13,388.36,388.065,388.23,17146
2026-05-27 14:34:00,388.23,388.3,388.03,388.19,12566
2026-05-27 14:35:00,388.19,388.2,387.92,388.085,19179
2026-05-27 14:36:00,388.07,388.24,387.62,388.02,19429
2026-05-27 14:37:00,387.95,387.97,387.34,387.34,9878
2026-05-27 14:38:00,387.36,387.69,387.31,387.52,16972
2026-05-27 14:39:00,387.5008,387.68,387.5008,387.615,9695
2026-05-27 14:40:00,387.62,387.72,387.44,387.44,10301
2026-05-27 14:41:00,387.43,387.43,387.055,387.07,14665
2026-05-27 14:42:00,387.035,387.04,386.66,386.97,25364
2026-05-27 14:43:00,386.955,387.14,386.7885,386.84,18521
2026-05-27 14:44:00,386.87,386.89,386.78,386.78,12291
2026-05-27 14:45:00,386.78,386.93,386.75,386.905,18197
2026-05-27 14:46:00,386.9299,386.9299,386.72,386.76,6604
2026-05-27 14:47:00,386.7374,386.82,386.62,386.78,19089
2026-05-27 14:48:00,386.81,386.82,386.66,386.6917,6727
2026-05-27 14:49:00,386.7,386.74,386.458,386.46,25936
2026-05-27 14:50:00,386.465,386.59,386.4649,386.5746,13718
2026-05-27 14:51:00,386.6,386.62,386.2702,386.345,27148
2026-05-27 14:52:00,386.345,386.5,386.33,386.46,11955
2026-05-27 14:53:00,386.43,386.46,386.27,386.305,9973
2026-05-27 14:54:00,386.29,386.53,386.27,386.5,18799
2026-05-27 14:55:00,386.47,387.07,386.41,387.07,26208
2026-05-27 14:56:00,387.08,387.1199,386.98,387.01,16150
2026-05-27 14:57:00,387.03,387.03,386.9,386.95,13287
2026-05-27 14:58:00,386.92,387.0,386.87,386.89,10298
2026-05-27 14:59:00,386.88,386.97,386.73,386.77,14500
2026-05-27 15:00:00,386.7475,386.93,386.74,386.8,15712
2026-05-27 15:01:00,386.78,387.1,386.76,387.075,11663
2026-05-27 15:02:00,387.11,387.345,387.025,387.32,16870
2026-05-27 15:03:00,387.33,387.42,387.29,387.36,11232
2026-05-27 15:04:00,387.35,387.52,387.27,387.32,27980
2026-05-27 15:05:00,387.3,387.41,387.275,387.32,13329
2026-05-27 15:06:00,387.26,387.37,387.14,387.28,18938
2026-05-27 15:07:00,387.2899,387.315,387.16,387.205,7946
2026-05-27 15:08:00,387.23,387.275,387.15,387.195,14132
2026-05-27 15:09:00,387.2,387.24,386.96,387.13,16321
2026-05-27 15:10:00,387.13,387.23,387.0,387.015,18747
2026-05-27 15:11:00,386.9825,387.06,386.935,387.02,13360
2026-05-27 15:12:00,387.01,387.12,386.99,387.12,11410
2026-05-27 15:13:00,387.14,387.21,386.95,387.06,11238
2026-05-27 15:14:00,387.02,387.18,386.94,387.18,10367
2026-05-27 15:15:00,387.18,387.18,386.92,387.0,9858
2026-05-27 15:16:00,386.97,387.13,386.76,386.93,20274
2026-05-27 15:17:00,386.935,387.02,386.8401,386.89,12552
2026-05-27 15:18:00,386.84,386.94,386.77,386.93,22175
2026-05-27 15:19:00,386.91,387.11,386.9,386.96,11814
2026-05-27 15:20:00,386.95,386.96,386.72,386.84,15231
2026-05-27 15:21:00,386.8,386.93,386.7601,386.8645,16272
2026-05-27 15:22:00,386.855,386.9,386.73,386.755,11692
2026-05-27 15:23:00,386.73,386.73,386.52,386.5201,14961
2026-05-27 15:24:00,386.5,386.525,386.255,386.2575,18181
2026-05-27 15:25:00,386.28,386.37,386.26,386.3002,17257
2026-05-27 15:26:00,386.32,386.445,386.295,386.3507,22735
2026-05-27 15:27:00,386.33,386.335,386.2,386.22,9669
2026-05-27 15:28:00,386.21,386.49,386.21,386.49,14863
2026-05-27 15:29:00,386.45,386.465,386.3401,386.455,13416
2026-05-27 15:30:00,386.46,386.6699,386.367,386.605,20863
2026-05-27 15:31:00,386.605,386.67,386.51,386.58,12180
2026-05-27 15:32:00,386.55,386.55,386.28,386.29,16021
2026-05-27 15:33:00,386.305,386.5201,386.305,386.4,13140
2026-05-27 15:34:00,386.36,386.39,386.07,386.18,20526
2026-05-27 15:35:00,386.17,386.38,386.08,386.3675,25769
2026-05-27 15:36:00,386.38,386.44,386.271,386.32,14250
2026-05-27 15:37:00,386.34,386.36,386.15,386.19,18895
2026-05-27 15:38:00,386.12,386.24,386.07,386.24,18404
2026-05-27 15:39:00,386.23,386.39,386.19,386.19,9264
2026-05-27 15:40:00,386.2,386.23,386.07,386.21,16256
2026-05-27 15:41:00,386.22,386.235,386.09,386.12,10112
2026-05-27 15:42:00,386.14,386.17,386.03,386.08,8837
2026-05-27 15:43:00,386.06,386.07,385.93,386.02,19753
2026-05-27 15:44:00,386.01,386.09,385.96,386.09,20106
2026-05-27 15:45:00,386.09,386.1,385.9,385.93,28977
2026-05-27 15:46:00,385.93,386.28,385.88,386.05,21774
2026-05-27 15:47:00,386.07,386.14,385.89,385.98,17982
2026-05-27 15:48:00,385.99,386.03,385.6,385.635,28299
2026-05-27 15:49:00,385.64,385.71,385.4612,385.68,46022
2026-05-27 15:50:00,385.67,385.67,385.2,385.33,54640
2026-05-27 15:51:00,385.28,385.29,385.0,385.115,42170
2026-05-27 15:52:00,385.115,385.15,384.92,385.115,56179
2026-05-27 15:53:00,385.09,385.31,385.01,385.185,60035
2026-05-27 15:54:00,385.16,385.3,384.75,385.06,99793
2026-05-27 15:55:00,385.04,385.07,384.39,384.79,148266
2026-05-27 15:56:00,384.79,384.96,384.76,384.96,146415
2026-05-27 15:57:00,384.95,385.0,384.68,384.8938,186203
2026-05-27 15:58:00,384.9,384.94,384.76,384.94,168323
2026-05-27 15:59:00,384.925,384.94,384.66,384.87,372096
2026-05-27 16:00:00,384.83,384.95,384.73,384.73,2782170
2026-05-27 16:01:00,384.66,384.9392,384.5,384.86,1574
2026-05-27 16:02:00,384.79,385.7,384.79,385.33,2454
2026-05-27 16:03:00,385.21,385.21,384.94,385.18,1361
2026-05-27 16:04:00,385.18,385.18,385.1,385.14,778
2026-05-27 16:05:00,384.93,385.34,384.9,385.31,1608
2026-05-27 16:06:00,385.31,385.31,385.3,385.3,192
2026-05-27 16:07:00,385.32,385.32,385.03,385.03,393
2026-05-27 16:08:00,385.19,385.25,385.07,385.22,320
2026-05-27 16:09:00,385.17,385.17,385.14,385.15,568
2026-05-27 16:10:00,385.15,385.2,385.15,385.15,770
2026-05-27 16:11:00,385.31,385.33,385.31,385.33,240
2026-05-27 16:12:00,384.83,385.31,384.83,385.28,4033
2026-05-27 16:13:00,385.24,385.43,385.08,385.43,563
2026-05-27 16:14:00,385.38,385.38,385.38,385.38,42
2026-05-27 16:15:00,385.44,385.44,385.44,385.44,40
2026-05-27 16:16:00,385.53,385.53,385.53,385.53,250
2026-05-27 16:17:00,385.5,385.55,385.49,385.55,1224
2026-05-27 16:18:00,385.6,385.6,385.53,385.53,278
2026-05-27 16:19:00,385.52,385.66,385.52,385.63,724
2026-05-27 16:20:00,385.69,385.71,385.68,385.68,820
2026-05-27 16:21:00,385.96,385.96,385.96,385.96,200
2026-05-27 16:22:00,385.69,385.7,385.69,385.69,310
2026-05-27 16:23:00,385.69,385.69,385.68,385.69,351
2026-05-27 16:24:00,385.68,385.8,385.68,385.68,1139
2026-05-27 16:25:00,385.68,385.68,385.43,385.6,1158
2026-05-27 16:26:00,385.6,385.65,385.44,385.44,600
2026-05-27 16:27:00,385.68,385.8,385.68,385.8,355
2026-05-27 16:28:00,385.8,385.9,385.8,385.9,579
2026-05-27 16:29:00,385.86,386.0,385.82,385.82,1696
2026-05-27 16:32:00,385.8804,385.91,385.8804,385.91,140
2026-05-27 16:33:00,385.8,385.86,385.75,385.86,1000
2026-05-27 16:34:00,385.851,385.851,385.8255,385.8255,600
2026-05-27 16:35:00,385.73,385.86,385.73,385.86,2083
2026-05-27 16:36:00,385.83,385.84,385.82,385.84,280
2026-05-27 16:37:00,385.88,385.964,385.88,385.964,390
2026-05-27 16:38:00,385.86,385.86,385.86,385.86,106
2026-05-27 16:39:00,385.9273,385.9273,385.87,385.88,300
2026-05-27 16:40:00,385.85,385.85,385.85,385.85,400
2026-05-27 16:41:00,385.9176,385.9176,385.9176,385.9176,50
2026-05-27 16:42:00,385.94,385.94,385.94,385.94,40
2026-05-27 16:43:00,385.9166,385.9166,385.9166,385.9166,250
2026-05-27 16:45:00,385.86,385.9,385.86,385.9,196
2026-05-27 16:46:00,385.9831,385.9831,385.9831,385.9831,50
2026-05-27 16:47:00,386.0,386.12,386.0,386.12,220
2026-05-27 16:49:00,386.1,386.1,386.05,386.05,410
2026-05-27 16:50:00,386.1,386.1,386.1,386.1,454
2026-05-27 16:51:00,386.0,386.0,386.0,386.0,203
2026-05-27 16:52:00,386.1,386.1,386.1,386.1,200
2026-05-27 16:53:00,386.1,386.1,386.09,386.09,243
2026-05-27 16:54:00,386.1,386.14,386.1,386.14,440
2026-05-27 16:56:00,386.1,386.17,386.1,386.17,3437
2026-05-27 16:57:00,386.17,386.17,386.0,386.09,658
2026-05-27 16:58:00,386.1,386.1,386.1,386.1,361
2026-05-27 16:59:00,386.17,386.2,386.15,386.15,218
2026-05-27 17:00:00,386.18,386.23,386.1515,386.19,662
2026-05-27 17:01:00,386.2,386.2,386.1,386.1,400
2026-05-27 17:03:00,386.0,386.0,386.0,386.0,200
2026-05-27 17:04:00,385.8061,386.08,385.8061,386.08,954
2026-05-27 17:05:00,386.25,386.38,386.25,386.38,360
2026-05-27 17:07:00,386.52,386.85,386.41,386.41,1034
2026-05-27 17:08:00,386.57,386.59,386.57,386.59,109
2026-05-27 17:09:00,386.62,386.62,386.48,386.48,263
2026-05-27 17:10:00,386.5,386.54,386.37,386.44,612
2026-05-27 17:11:00,386.26,386.45,386.26,386.45,849
2026-05-27 17:13:00,386.31,386.31,386.13,386.13,448
2026-05-27 17:14:00,386.2986,386.2986,386.2986,386.2986,200
2026-05-27 17:15:00,386.25,386.25,386.1,386.1,360
2026-05-27 17:16:00,386.0994,386.1,386.0994,386.1,400
2026-05-27 17:17:00,386.1,386.1,386.1,386.1,400
2026-05-27 17:18:00,386.01,386.01,386.0,386.0,318
2026-05-27 17:19:00,386.0,386.0,386.0,386.0,400
2026-05-27 17:20:00,386.0,386.0,385.91,385.91,240
2026-05-27 17:21:00,385.72,385.72,385.7,385.7,379
2026-05-27 17:22:00,385.72,386.0,385.5286,386.0,679
2026-05-27 17:25:00,385.79,385.79,385.6,385.6,340
2026-05-27 17:27:00,385.95,385.95,385.95,385.95,59
2026-05-27 17:28:00,386.0,386.0,386.0,386.0,41
2026-05-27 17:30:00,385.7,386.0,385.7,386.0,353
2026-05-27 17:32:00,385.7,386.0,385.7,386.0,250
2026-05-27 17:34:00,385.7,385.7,385.7,385.7,50
2026-05-27 17:35:00,385.63,385.63,385.5,385.5,237
2026-05-27 17:36:00,385.58,385.61,385.58,385.61,352
2026-05-27 17:38:00,385.1928,385.1928,385.1928,385.1928,53
2026-05-27 17:39:00,385.6,385.6,385.304,385.304,221
2026-05-27 17:41:00,385.6,385.6,385.59,385.59,90
2026-05-27 17:42:00,385.6,385.6173,385.59,385.6173,429
2026-05-27 17:44:00,385.5931,385.5931,385.59,385.59,250
2026-05-27 17:45:00,385.79,385.8,385.7727,385.8,2143
2026-05-27 17:46:00,385.7582,385.79,385.7582,385.79,94
2026-05-27 17:47:00,385.62,385.62,385.59,385.61,253
2026-05-27 17:48:00,385.66,385.7,385.66,385.7,148
2026-05-27 17:50:00,385.8,385.8,385.8,385.8,44
2026-05-27 17:51:00,385.8,385.8,385.774,385.774,100
2026-05-27 17:54:00,385.7,385.8,385.6115,385.6115,239
2026-05-27 17:57:00,385.61,385.61,385.61,385.61,1010
2026-05-27 17:59:00,385.8,385.8,385.8,385.8,104
2026-05-27 18:00:00,386.0,386.28,386.0,386.28,349
2026-05-27 18:01:00,386.24,386.56,386.24,386.56,512
2026-05-27 18:02:00,386.42,386.42,386.3,386.3,315
2026-05-27 18:03:00,386.42,386.42,386.42,386.42,200
2026-05-27 18:04:00,385.99,385.99,385.99,385.99,43
2026-05-27 18:06:00,386.3,386.36,386.29,386.29,131
2026-05-27 18:08:00,385.6369,385.6369,385.6369,385.6369,250
2026-05-27 18:16:00,386.17,386.17,386.0,386.0,175
2026-05-27 18:17:00,385.7142,385.7142,385.7142,385.7142,200
2026-05-27 18:20:00,386.0,386.0,386.0,386.0,260
2026-05-27 18:21:00,386.0,386.0,386.0,386.0,84
2026-05-27 18:23:00,385.61,385.61,385.61,385.61,200
2026-05-27 18:26:00,386.09,386.09,385.69,385.69,90
2026-05-27 18:27:00,385.75,385.75,385.75,385.75,112
2026-05-27 18:30:00,385.65,385.65,385.59,385.59,1364
2026-05-27 18:36:00,386.0,386.0,386.0,386.0,50
2026-05-27 18:39:00,385.31,385.31,385.31,385.31,71
2026-05-27 18:41:00,385.34,385.34,385.34,385.34,100
2026-05-27 18:42:00,385.41,385.41,385.41,385.41,40
2026-05-27 18:43:00,385.69,385.7,385.45,385.45,580
2026-05-27 18:45:00,385.6,385.6,385.6,385.6,110
2026-05-27 18:50:00,385.6,385.6,385.4,385.4,339
2026-05-27 18:52:00,385.45,385.45,385.45,385.45,40
2026-05-27 18:53:00,385.46,385.46,385.41,385.41,89
2026-05-27 18:56:00,385.68,385.68,385.68,385.68,50
2026-05-27 18:57:00,385.5,385.79,385.5,385.79,393
2026-05-27 18:58:00,385.85,385.85,385.85,385.85,100
2026-05-27 18:59:00,385.74,385.74,385.74,385.74,40
2026-05-27 19:02:00,385.81,385.82,385.81,385.82,80
2026-05-27 19:07:00,385.67,385.67,385.67,385.67,570
2026-05-27 19:09:00,385.63,385.63,385.5,385.5,207
2026-05-27 19:10:00,385.5,385.5,385.5,385.5,75
2026-05-27 19:11:00,385.5,385.5,385.5,385.5,745
2026-05-27 19:12:00,385.5001,385.5001,385.5001,385.5001,100
2026-05-27 19:15:00,385.8,385.81,385.8,385.8,252
2026-05-27 19:16:00,385.62,385.96,385.62,385.85,266
2026-05-27 19:17:00,385.99,386.0,385.99,386.0,134
2026-05-27 19:20:00,385.8,385.8,385.8,385.8,100
2026-05-27 19:21:00,385.8,385.8,385.5,385.5,943
2026-05-27 19:26:00,385.2,385.77,385.2,385.77,245
2026-05-27 19:29:00,385.6,385.6,385.6,385.6,97
2026-05-27 19:31:00,385.33,385.33,385.32,385.32,396
2026-05-27 19:32:00,385.59,385.59,385.59,385.59,40
2026-05-27 19:36:00,385.31,385.31,385.31,385.31,49
2026-05-27 19:37:00,385.48,385.48,385.3,385.3,204
2026-05-27 19:40:00,385.37,385.4,385.2,385.2,794
2026-05-27 19:41:00,385.33,385.34,385.2,385.23,396
2026-05-27 19:42:00,385.3,385.3,385.3,385.3,100
2026-05-27 19:43:00,385.24,385.2543,385.24,385.24,1400
2026-05-27 19:44:00,385.34,385.35,385.2,385.2,509
2026-05-27 19:45:00,385.09,385.1,385.0,385.0,293
2026-05-27 19:46:00,385.21,385.23,385.21,385.21,140
2026-05-27 19:48:00,385.01,385.01,385.01,385.01,262
2026-05-27 19:50:00,385.3595,385.3595,384.88,384.89,390
2026-05-27 19:51:00,384.88,384.88,384.5,384.5,578
2026-05-27 19:52:00,384.4799,384.4799,384.4799,384.4799,99
2026-05-27 19:53:00,384.61,385.0,384.61,385.0,500
2026-05-27 19:54:00,384.8,384.8,384.577,384.577,130
2026-05-27 19:56:00,385.3,385.35,384.91,384.91,230
2026-05-27 19:57:00,384.94,384.94,384.94,384.94,90
2026-05-27 19:58:00,385.1995,385.2,385.1995,385.2,450
2026-05-27 19:59:00,385.32,385.32,385.07,385.07,130
2026-05-28 04:00:00,384.0,384.8654,381.79,383.64,10945
2026-05-28 04:01:00,383.7,383.87,381.84,383.79,13801
2026-05-28 04:03:00,383.8,383.8,383.8,383.8,248
2026-05-28 04:04:00,383.8,383.81,383.8,383.81,273
2026-05-28 04:05:00,383.96,384.22,383.96,384.22,480
2026-05-28 04:06:00,384.3217,384.3217,382.0,383.54,521
2026-05-28 04:08:00,384.0,384.0,384.0,384.0,56
2026-05-28 04:09:00,383.97,383.98,383.97,383.98,140
2026-05-28 04:11:00,383.79,383.8,383.79,383.8,100
2026-05-28 04:14:00,383.78,383.78,383.72,383.73,138
2026-05-28 04:15:00,383.63,383.63,383.63,383.63,100
2026-05-28 04:17:00,383.51,383.51,383.4,383.4,922
2026-05-28 04:18:00,383.7,383.7,383.5,383.5,170
2026-05-28 04:20:00,383.54,383.62,383.45,383.45,220
2026-05-28 04:21:00,383.5,383.5,383.49,383.49,151
2026-05-28 04:22:00,383.5,383.61,383.39,383.39,1807
2026-05-28 04:23:00,383.45,383.98,383.44,383.83,13107
2026-05-28 04:24:00,383.56,383.69,383.56,383.56,254
2026-05-28 04:25:00,383.62,383.8,383.57,383.74,350
2026-05-28 04:26:00,383.73,383.73,383.73,383.73,120
2026-05-28 04:27:00,383.57,383.57,383.57,383.57,50
2026-05-28 04:28:00,383.44,383.49,383.12,383.12,540
2026-05-28 04:30:00,383.6,383.6,383.6,383.6,147
2026-05-28 04:34:00,383.78,383.9,383.75,383.9,490
2026-05-28 04:35:00,384.03,384.03,383.94,383.94,90
2026-05-28 04:36:00,384.05,384.05,383.85,383.85,106
2026-05-28 04:41:00,383.97,383.97,383.97,383.97,100
2026-05-28 04:44:00,383.83,383.83,383.81,383.81,149
2026-05-28 04:48:00,383.78,383.78,383.78,383.78,80
2026-05-28 04:49:00,383.86,383.86,383.86,383.86,50
2026-05-28 04:55:00,384.05,384.05,384.05,384.05,47
2026-05-28 05:00:00,384.2052,384.2052,384.2052,384.2052,100
2026-05-28 05:01:00,384.31,384.31,384.31,384.31,40
2026-05-28 05:02:00,384.3,384.3,384.3,384.3,150
2026-05-28 05:03:00,384.3,384.3,384.3,384.3,100
2026-05-28 05:04:00,384.45,384.45,384.3,384.3,98
2026-05-28 05:05:00,384.25,384.25,384.25,384.25,100
2026-05-28 05:06:00,384.28,384.28,384.11,384.11,548
2026-05-28 05:07:00,384.14,384.14,384.14,384.14,180
2026-05-28 05:08:00,383.79,383.79,383.79,383.79,100
2026-05-28 05:09:00,383.78,383.78,383.74,383.74,426
2026-05-28 05:11:00,383.78,383.96,383.71,383.96,370
2026-05-28 05:12:00,383.86,383.87,383.86,383.87,250
2026-05-28 05:13:00,383.92,383.92,383.84,383.88,412
2026-05-28 05:15:00,383.86,383.9,383.78,383.79,607
2026-05-28 05:16:00,383.89,383.91,383.85,383.85,255
2026-05-28 05:18:00,383.8,383.95,383.8,383.95,235
2026-05-28 05:20:00,383.88,383.88,383.88,383.88,100
2026-05-28 05:21:00,383.88,384.01,383.88,384.01,90
2026-05-28 05:23:00,383.9,383.9,383.9,383.9,80
2026-05-28 05:31:00,383.74,383.8,383.74,383.8,180
2026-05-28 05:32:00,384.03,384.03,384.03,384.03,100
2026-05-28 05:33:00,384.1,384.1,384.1,384.1,47
2026-05-28 05:34:00,384.01,384.01,383.86,383.93,410
2026-05-28 05:36:00,383.93,383.93,383.93,383.93,45
2026-05-28 05:42:00,383.68,383.68,383.68,383.68,300
2026-05-28 05:43:00,383.67,383.67,383.67,383.67,200
2026-05-28 05:49:00,383.96,383.96,383.87,383.89,398
2026-05-28 05:50:00,383.76,383.86,383.76,383.86,457
2026-05-28 05:51:00,383.9,383.9,383.9,383.9,85
2026-05-28 05:55:00,383.92,383.92,383.92,383.92,95
2026-05-28 05:59:00,384.02,384.02,384.02,384.02,370
2026-05-28 06:01:00,383.95,383.95,383.95,383.95,124
2026-05-28 06:02:00,384.01,384.01,383.7825,383.7825,149
2026-05-28 06:04:00,384.01,384.01,383.92,383.92,382
2026-05-28 06:05:00,383.9361,383.97,383.93,383.94,307
2026-05-28 06:06:00,383.7682,383.7682,383.7682,383.7682,50
2026-05-28 06:07:00,383.71,383.81,383.71,383.77,190
2026-05-28 06:10:00,383.88,383.88,383.88,383.88,40
2026-05-28 06:11:00,383.92,383.92,383.84,383.9,200
2026-05-28 06:12:00,383.89,384.43,383.89,384.25,379
2026-05-28 06:13:00,384.14,384.14,384.14,384.14,240
2026-05-28 06:14:00,383.81,383.81,383.81,383.81,50
2026-05-28 06:15:00,383.83,383.83,383.83,383.83,50
2026-05-28 06:16:00,383.9,384.03,383.9,384.03,180
2026-05-28 06:17:00,383.86,383.86,383.85,383.85,230
2026-05-28 06:19:00,383.85,383.92,383.85,383.92,100
2026-05-28 06:20:00,383.91,383.94,383.91,383.94,117
2026-05-28 06:21:00,383.7713,383.7713,383.7713,383.7713,112
2026-05-28 06:22:00,383.8,383.8,383.8,383.8,80
2026-05-28 06:24:00,383.7,383.7,383.7,383.7,183
2026-05-28 06:25:00,383.6,383.6,383.6,383.6,85
2026-05-28 06:27:00,383.66,383.66,383.66,383.66,50
2026-05-28 06:31:00,383.7,383.79,383.63,383.79,222
2026-05-28 06:33:00,383.83,383.83,383.83,383.83,104
2026-05-28 06:34:00,383.79,383.79,383.79,383.79,50
2026-05-28 06:35:00,383.76,383.76,383.76,383.76,80
2026-05-28 06:36:00,383.85,383.85,383.73,383.73,108
2026-05-28 06:41:00,383.77,383.86,383.77,383.86,100
2026-05-28 06:42:00,383.77,383.77,383.75,383.75,290
2026-05-28 06:43:00,383.66,383.69,383.66,383.69,232
2026-05-28 06:44:00,383.57,383.57,383.56,383.56,188
2026-05-28 06:46:00,383.5,383.5,383.5,383.5,40
2026-05-28 06:47:00,383.58,383.58,383.58,383.58,44
2026-05-28 06:49:00,383.69,383.77,383.67,383.67,250
2026-05-28 06:50:00,383.53,383.53,383.3,383.42,767
2026-05-28 06:51:00,383.3,383.3,383.3,383.3,454
2026-05-28 06:54:00,383.5,383.5,383.5,383.5,100
2026-05-28 06:58:00,383.51,383.51,383.35,383.36,393
2026-05-28 06:59:00,383.33,383.33,383.31,383.31,333
2026-05-28 07:00:00,383.62,383.65,383.3,383.3,715
2026-05-28 07:01:00,383.0,383.23,382.81,383.23,1126
2026-05-28 07:02:00,383.24,383.24,382.867,382.8795,393
2026-05-28 07:03:00,383.16,383.18,382.93,383.11,452
2026-05-28 07:04:00,383.2,383.24,383.2,383.24,90
2026-05-28 07:05:00,383.19,383.19,383.19,383.19,100
2026-05-28 07:06:00,383.17,383.17,383.17,383.17,80
2026-05-28 07:07:00,383.01,383.01,382.6805,382.77,6498
2026-05-28 07:08:00,382.83,382.83,382.8,382.8,250
2026-05-28 07:09:00,383.21,383.3,383.15,383.3,1373
2026-05-28 07:10:00,383.16,383.19,382.88,382.88,250
2026-05-28 07:11:00,382.85,382.96,382.8,382.88,432
2026-05-28 07:12:00,382.9,383.16,382.9,382.94,460
2026-05-28 07:14:00,383.01,383.04,383.0,383.04,1011
2026-05-28 07:16:00,383.05,383.2584,383.01,383.2584,180
2026-05-28 07:17:00,383.02,383.02,382.96,382.96,258
2026-05-28 07:19:00,383.1,383.1496,383.0017,383.0017,199
2026-05-28 07:20:00,383.02,383.09,383.02,383.0247,385
2026-05-28 07:21:00,383.15,383.21,383.06,383.21,207
2026-05-28 07:22:00,383.19,383.2953,383.12,383.12,599
2026-05-28 07:23:00,383.0,383.0,382.97,382.97,200
2026-05-28 07:24:00,382.93,382.93,382.89,382.89,250
2026-05-28 07:27:00,382.87,382.87,382.77,382.77,240
2026-05-28 07:28:00,382.9,382.9,382.9,382.9,50
2026-05-28 07:30:00,382.81,382.87,382.75,382.75,628
2026-05-28 07:31:00,382.69,382.69,382.55,382.65,370
2026-05-28 07:32:00,382.7,382.7,382.7,382.7,40
2026-05-28 07:33:00,382.65,382.65,382.65,382.65,454
2026-05-28 07:34:00,382.6189,383.13,382.6189,383.13,2097
2026-05-28 07:35:00,382.85,382.85,382.61,382.61,753
2026-05-28 07:36:00,382.6793,382.78,382.6793,382.78,571
2026-05-28 07:37:00,382.78,382.78,382.78,382.78,1000
2026-05-28 07:38:00,382.78,382.85,382.61,382.71,1045
2026-05-28 07:39:00,382.5592,382.6,382.5,382.51,595
2026-05-28 07:40:00,382.6,382.6,382.6,382.6,80
2026-05-28 07:41:00,382.63,382.63,382.49,382.57,919
2026-05-28 07:43:00,382.59,382.59,382.58,382.59,269
2026-05-28 07:44:00,382.7099,382.7099,382.6998,382.6998,120
2026-05-28 07:46:00,382.68,382.79,382.68,382.79,711
2026-05-28 07:48:00,382.87,382.87,382.87,382.87,50
2026-05-28 07:49:00,382.75,382.75,382.72,382.72,192
2026-05-28 07:50:00,382.71,382.71,382.55,382.6,286
2026-05-28 07:52:00,382.56,382.76,382.54,382.76,431
2026-05-28 07:53:00,382.53,382.53,382.53,382.53,49
2026-05-28 07:54:00,382.5,382.52,382.45,382.52,615
2026-05-28 07:55:00,382.63,382.63,382.63,382.63,50
2026-05-28 07:56:00,382.83,382.83,382.66,382.66,540
2026-05-28 07:57:00,382.71,382.8799,382.71,382.8799,640
2026-05-28 07:59:00,382.77,382.81,382.7595,382.7595,800
2026-05-28 08:00:00,382.87,382.88,382.81,382.81,230
2026-05-28 08:01:00,382.77,382.87,382.77,382.87,200
2026-05-28 08:02:00,382.862,382.88,382.71,382.71,261
2026-05-28 08:03:00,382.7,382.88,382.7,382.88,262
2026-05-28 08:04:00,382.8,382.8,382.8,382.8,193
2026-05-28 08:05:00,382.86,382.87,382.7,382.7,120
2026-05-28 08:06:00,382.98,383.25,382.98,383.25,2468
2026-05-28 08:07:00,383.37,383.51,383.35,383.4,555
2026-05-28 08:08:00,383.29,383.29,383.29,383.29,40
2026-05-28 08:09:00,383.25,383.25,383.25,383.25,405
2026-05-28 08:10:00,383.3,383.3,383.3,383.3,131
2026-05-28 08:12:00,383.11,383.13,383.07,383.13,220
2026-05-28 08:13:00,383.16,383.16,383.07,383.11,170
2026-05-28 08:14:00,383.27,383.31,383.27,383.31,195
2026-05-28 08:15:00,383.2558,383.2558,383.2558,383.2558,79
2026-05-28 08:16:00,383.25,383.25,383.07,383.07,94
2026-05-28 08:17:00,383.08,383.08,383.06,383.06,99
2026-05-28 08:18:00,383.0,383.0,383.0,383.0,100
2026-05-28 08:19:00,383.01,383.01,382.92,382.92,99
2026-05-28 08:20:00,383.01,383.01,382.92,382.92,183
2026-05-28 08:22:00,382.94,382.94,382.94,382.94,97
2026-05-28 08:23:00,382.93,382.93,382.93,382.93,100
2026-05-28 08:24:00,382.89,382.89,382.89,382.89,50
2026-05-28 08:25:00,383.0,383.0,383.0,383.0,40
2026-05-28 08:26:00,383.0456,383.1,383.0456,383.1,100
2026-05-28 08:28:00,383.1,383.1,383.0,383.06,1279
2026-05-28 08:30:00,383.0,383.22,383.0,383.22,1160
2026-05-28 08:31:00,383.31,383.48,383.14,383.14,240
2026-05-28 08:32:00,383.13,383.13,383.1,383.1,80
2026-05-28 08:33:00,383.21,383.47,383.21,383.44,631
2026-05-28 08:34:00,383.5877,383.5877,383.44,383.56,548
2026-05-28 08:36:00,383.59,383.77,383.59,383.77,398
2026-05-28 08:37:00,383.86,383.86,383.8243,383.86,330
2026-05-28 08:38:00,383.87,383.8795,383.87,383.8795,95
2026-05-28 08:39:00,383.91,383.91,383.59,383.6,595
2026-05-28 08:40:00,383.67,383.67,383.67,383.67,40
2026-05-28 08:41:00,383.63,383.72,383.63,383.72,93
2026-05-28 08:42:00,383.577,383.577,383.577,383.577,90
2026-05-28 08:44:00,383.71,383.75,383.62,383.62,248
2026-05-28 08:45:00,383.746,383.77,383.6,383.6,339
2026-05-28 08:46:00,383.67,383.77,383.66,383.77,928
2026-05-28 08:47:00,383.65,383.65,383.65,383.65,40
2026-05-28 08:48:00,383.72,383.79,383.65,383.6941,740
2026-05-28 08:49:00,383.6821,383.94,383.6821,383.81,842
2026-05-28 08:50:00,383.81,383.95,383.8,383.85,498
2026-05-28 08:51:00,383.82,383.82,383.73,383.73,189
2026-05-28 08:52:00,383.83,383.83,383.83,383.83,40
2026-05-28 08:53:00,383.93,383.95,383.93,383.95,314
2026-05-28 08:54:00,383.87,384.0,383.84,384.0,3042
2026-05-28 08:55:00,383.93,383.93,383.7173,383.7173,540
2026-05-28 08:56:00,383.78,383.78,383.57,383.57,517
2026-05-28 08:57:00,383.76,383.76,383.6,383.62,337
2026-05-28 08:58:00,383.6,383.7,383.54,383.54,134
2026-05-28 08:59:00,383.69,383.69,383.5024,383.5024,607
2026-05-28 09:00:00,383.53,383.57,383.49,383.57,588
2026-05-28 09:01:00,383.84,383.95,383.84,383.89,639
2026-05-28 09:02:00,383.5208,383.5208,383.33,383.33,1112
2026-05-28 09:03:00,383.44,383.4584,383.4,383.4,549
2026-05-28 09:04:00,383.47,383.54,383.46,383.46,677
2026-05-28 09:05:00,383.5,383.55,383.5,383.5,373
2026-05-28 09:06:00,383.43,383.43,383.3,383.43,655
2026-05-28 09:07:00,383.43,383.43,383.25,383.25,3159
2026-05-28 09:08:00,383.3,383.3,383.2,383.2,460
2026-05-28 09:09:00,383.34,383.34,383.22,383.26,327
2026-05-28 09:10:00,383.23,383.23,383.19,383.19,261
2026-05-28 09:11:00,383.2,383.24,383.2,383.23,590
2026-05-28 09:12:00,383.32,383.32,383.32,383.32,40
2026-05-28 09:13:00,383.34,383.4,383.34,383.39,1261
2026-05-28 09:14:00,383.56,383.56,383.2194,383.2194,690
2026-05-28 09:15:00,383.3,383.5,383.3,383.5,238
2026-05-28 09:17:00,383.43,383.51,383.43,383.51,87
2026-05-28 09:18:00,383.52,383.53,383.52,383.53,309
2026-05-28 09:19:00,383.54,383.63,383.54,383.63,315
2026-05-28 09:21:00,383.4,383.4,383.4,383.4,200
2026-05-28 09:22:00,383.35,383.37,383.35,383.3519,541
2026-05-28 09:23:00,383.4383,383.45,383.4383,383.45,367
2026-05-28 09:24:00,383.45,383.45,383.35,383.35,190
2026-05-28 09:25:00,383.4,383.44,383.0,383.11,6582
2026-05-28 09:26:00,383.13,383.49,382.9,383.35,1162
2026-05-28 09:27:00,383.47,383.61,383.21,383.25,2121
2026-05-28 09:28:00,383.36,383.36,383.16,383.35,1896
2026-05-28 09:29:00,383.35,383.89,383.3,383.89,2853
2026-05-28 09:30:00,383.99,384.89,383.72,384.25,321113
2026-05-28 09:31:00,384.27,384.585,383.85,384.085,59897
2026-05-28 09:32:00,384.02,384.21,383.4001,383.4001,46770
2026-05-28 09:33:00,383.4099,383.63,382.33,382.46,77571
2026-05-28 09:34:00,382.63,383.29,382.14,383.27,86564
2026-05-28 09:35:00,383.25,384.4,382.93,383.92,48972
2026-05-28 09:36:00,383.99,384.21,383.531,383.83,31087
2026-05-28 09:37:00,383.785,384.4899,383.6158,384.145,43793
2026-05-28 09:38:00,384.21,384.775,384.03,384.6632,51871
2026-05-28 09:39:00,384.72,384.72,384.0,384.0,37536
2026-05-28 09:40:00,384.07,384.3499,383.84,383.98,32606
2026-05-28 09:41:00,383.9651,384.45,383.62,383.93,55448
2026-05-28 09:42:00,383.93,384.05,383.4,383.58,28757
2026-05-28 09:43:00,383.545,383.61,382.53,382.53,36606
2026-05-28 09:44:00,382.54,382.69,381.5201,381.61,61971
2026-05-28 09:45:00,381.6129,381.85,381.25,381.37,53123
2026-05-28 09:46:00,381.3895,382.2,381.26,382.11,49514
2026-05-28 09:47:00,382.105,382.37,381.73,382.24,33833
2026-05-28 09:48:00,382.235,382.79,382.19,382.55,31901
2026-05-28 09:49:00,382.47,382.52,382.11,382.435,28274
2026-05-28 09:50:00,382.49,383.81,382.49,383.79,82722
2026-05-28 09:51:00,383.8699,383.8699,383.56,383.655,35312
2026-05-28 09:52:00,383.65,383.92,383.49,383.63,48478
2026-05-28 09:53:00,383.583,383.77,383.33,383.365,16017
2026-05-28 09:54:00,383.35,383.59,383.24,383.425,29719
2026-05-28 09:55:00,383.415,383.5948,383.17,383.23,33013
2026-05-28 09:56:00,383.24,383.48,383.12,383.32,31249
2026-05-28 09:57:00,383.34,383.37,382.96,383.105,19335
2026-05-28 09:58:00,383.105,383.13,382.75,382.92,41183
2026-05-28 09:59:00,382.94,383.61,382.9,383.44,38507
2026-05-28 10:00:00,383.49,383.49,382.9943,383.36,49278
2026-05-28 10:01:00,383.345,383.345,382.61,382.61,29979
2026-05-28 10:02:00,382.6236,383.21,382.5201,382.65,50351
2026-05-28 10:03:00,382.65,382.845,382.02,382.845,35632
2026-05-28 10:04:00,382.8332,384.6,382.77,384.38,63667
2026-05-28 10:05:00,384.38,384.79,384.03,384.21,38302
2026-05-28 10:06:00,384.31,384.31,384.0,384.23,21363
2026-05-28 10:07:00,384.245,384.2999,383.42,383.42,37793
2026-05-28 10:08:00,383.46,384.2,383.42,384.1915,20868
2026-05-28 10:09:00,384.2,384.53,384.06,384.42,30518
2026-05-28 10:10:00,384.39,384.44,384.0101,384.11,25502
2026-05-28 10:11:00,384.0601,384.715,384.02,384.47,31890
2026-05-28 10:12:00,384.46,385.6,383.915,385.2,101104
2026-05-28 10:13:00,385.47,386.0,384.71,385.945,105445
2026-05-28 10:14:00,385.95,386.31,385.46,386.31,41901
2026-05-28 10:15:00,386.28,386.47,385.8601,386.175,27211
2026-05-28 10:16:00,386.1,386.2395,385.71,385.86,37710
2026-05-28 10:17:00,385.85,385.99,385.55,385.65,37083
2026-05-28 10:18:00,385.59,385.86,385.2901,385.8,28650
2026-05-28 10:19:00,385.82,386.05,385.43,385.65,30245
2026-05-28 10:20:00,385.71,386.1,385.52,385.55,22919
2026-05-28 10:21:00,385.5,385.58,385.09,385.495,19496
2026-05-28 10:22:00,385.49,385.5309,385.0,385.07,19873
2026-05-28 10:23:00,385.075,385.18,384.84,384.92,27257
2026-05-28 10:24:00,384.945,385.43,384.9105,385.14,32498
2026-05-28 10:25:00,385.11,385.33,385.08,385.29,15729
2026-05-28 10:26:00,385.33,385.64,385.2401,385.575,20765
2026-05-28 10:27:00,385.56,385.575,385.17,385.37,17929
2026-05-28 10:28:00,385.37,385.58,385.33,385.53,11589
2026-05-28 10:29:00,385.5,385.77,385.43,385.66,17764
2026-05-28 10:30:00,385.69,385.87,385.43,385.735,17213
2026-05-28 10:31:00,385.73,385.73,385.42,385.52,18700
2026-05-28 10:32:00,385.52,385.53,385.096,385.2022,18255
2026-05-28 10:33:00,385.23,385.45,385.0301,385.3353,16235
2026-05-28 10:34:00,385.26,385.27,384.91,384.94,20498
2026-05-28 10:35:00,384.91,385.21,384.86,385.095,26137
2026-05-28 10:36:00,385.06,385.36,384.8862,385.28,18950
2026-05-28 10:37:00,385.2,385.2,384.9511,384.99,14376
2026-05-28 10:38:00,384.99,385.07,384.8312,385.0,13133
2026-05-28 10:39:00,385.03,385.15,385.02,385.12,12836
2026-05-28 10:40:00,385.1,385.47,385.0791,385.42,14489
2026-05-28 10:41:00,385.42,385.4267,385.16,385.21,11298
2026-05-28 10:42:00,385.2654,385.32,385.16,385.22,10424
2026-05-28 10:43:00,385.23,385.43,385.19,385.41,12572
2026-05-28 10:44:00,385.38,385.84,385.36,385.79,18031
2026-05-28 10:45:00,385.81,385.93,385.63,385.63,28674
2026-05-28 10:46:00,385.5945,385.8,385.14,385.335,19448
2026-05-28 10:47:00,385.36,385.375,384.935,384.94,12687
2026-05-28 10:48:00,384.99,385.2,384.97,385.04,17228
2026-05-28 10:49:00,385.01,385.0399,384.5677,384.64,21777
2026-05-28 10:50:00,384.61,384.89,384.61,384.88,14900
2026-05-28 10:51:00,384.885,385.0,384.834,384.87,15843
2026-05-28 10:52:00,384.84,384.89,384.7,384.8101,24942
2026-05-28 10:53:00,384.85,385.01,384.77,384.92,17998
2026-05-28 10:54:00,384.9,385.34,384.86,385.27,20643
2026-05-28 10:55:00,385.32,385.42,385.17,385.17,18925
2026-05-28 10:56:00,385.19,385.21,385.06,385.09,14701
2026-05-28 10:57:00,385.07,385.25,384.8,385.055,51380
2026-05-28 10:58:00,385.08,385.3173,384.93,385.23,19578
2026-05-28 10:59:00,385.21,385.28,385.105,385.17,18007
2026-05-28 11:00:00,385.16,386.08,385.11,386.0301,37150
2026-05-28 11:01:00,386.02,386.37,385.98,386.32,36681
2026-05-28 11:02:00,386.325,386.55,386.07,386.4474,26480
2026-05-28 11:03:00,386.44,386.75,386.42,386.72,27170
2026-05-28 11:04:00,386.695,386.9,386.64,386.78,35361
2026-05-28 11:05:00,386.82,386.98,386.66,386.73,43335
2026-05-28 11:06:00,386.76,387.23,386.719,387.09,45852
2026-05-28 11:07:00,387.18,387.36,387.0201,387.31,19238
2026-05-28 11:08:00,387.24,387.26,386.41,386.49,26663
2026-05-28 11:09:00,386.455,386.53,386.19,386.24,20052
2026-05-28 11:10:00,386.29,386.32,385.83,385.91,21669
2026-05-28 11:11:00,385.94,386.01,385.65,385.655,17692
2026-05-28 11:12:00,385.611,385.66,385.3,385.33,21330
2026-05-28 11:13:00,385.34,385.91,385.32,385.8801,55828
2026-05-28 11:14:00,385.885,386.0,385.82,385.955,21116
2026-05-28 11:15:00,386.0,386.03,385.68,385.6951,13709
2026-05-28 11:16:00,385.705,386.05,385.66,386.0,26957
2026-05-28 11:17:00,386.04,386.06,385.64,385.68,17616
2026-05-28 11:18:00,385.69,385.69,385.52,385.62,11440
2026-05-28 11:19:00,385.6299,385.82,385.53,385.82,16540
2026-05-28 11:20:00,385.75,385.82,385.7001,385.7501,10896
2026-05-28 11:21:00,385.8178,385.82,385.63,385.77,16905
2026-05-28 11:22:00,385.77,385.83,385.5975,385.74,23509
2026-05-28 11:23:00,385.73,385.78,385.3201,385.3201,15494
2026-05-28 11:24:00,385.365,385.65,385.32,385.58,9181
2026-05-28 11:25:00,385.59,385.62,385.47,385.62,15208
2026-05-28 11:26:00,385.62,385.79,385.54,385.67,14443
2026-05-28 11:27:00,385.66,385.73,385.585,385.69,12995
2026-05-28 11:28:00,385.6909,385.92,385.65,385.73,21709
2026-05-28 11:29:00,385.6801,385.84,385.59,385.665,16404
2026-05-28 11:30:00,385.7,386.17,385.63,386.11,19833
2026-05-28 11:31:00,386.14,390.0,385.88,385.945,35791
2026-05-28 11:32:00,385.99,386.32,385.94,385.945,30258
2026-05-28 11:33:00,386.0,386.33,385.865,386.24,35809
2026-05-28 11:34:00,386.22,386.38,386.15,386.29,19457
2026-05-28 11:35:00,386.25,386.25,385.905,385.992,20489
2026-05-28 11:36:00,386.0,386.2,386.0,386.17,14418
2026-05-28 11:37:00,386.158,386.38,386.135,386.36,13731
2026-05-28 11:38:00,386.38,386.7484,386.34,386.66,27762
2026-05-28 11:39:00,386.67,386.8,386.49,386.63,28540
2026-05-28 11:40:00,386.64,386.64,386.2069,386.2069,16827
2026-05-28 11:41:00,386.23,386.2896,386.1,386.19,9543
2026-05-28 11:42:00,386.165,386.3,386.15,386.175,18880
2026-05-28 11:43:00,386.18,386.18,386.0,386.14,18354
2026-05-28 11:44:00,386.135,386.2099,386.08,386.11,10725
2026-05-28 11:45:00,386.0801,386.28,386.065,386.1,15028
2026-05-28 11:46:00,386.135,386.17,386.07,386.1075,12233
2026-05-28 11:47:00,386.115,386.315,386.06,386.29,14885
2026-05-28 11:48:00,386.2493,386.29,386.08,386.145,11309
2026-05-28 11:49:00,386.12,386.15,385.94,385.94,17782
2026-05-28 11:50:00,385.92,386.15,385.87,386.1,17365
2026-05-28 11:51:00,386.11,386.13,385.935,385.98,8567
2026-05-28 11:52:00,385.965,386.087,385.95,386.01,8439
2026-05-28 11:53:00,386.045,386.2,385.9501,386.035,9349
2026-05-28 11:54:00,386.03,386.05,385.86,385.89,11197
2026-05-28 11:55:00,385.885,385.993,385.8004,385.92,11484
2026-05-28 11:56:00,385.9,386.2,385.9,386.18,10589
2026-05-28 11:57:00,386.19,386.25,386.0901,386.18,8276
2026-05-28 11:58:00,386.2,386.26,386.09,386.12,13011
2026-05-28 11:59:00,386.0804,386.45,386.0401,386.29,14700
2026-05-28 12:00:00,386.295,386.35,386.09,386.26,9406
2026-05-28 12:01:00,386.31,386.44,386.21,386.25,11546
2026-05-28 12:02:00,386.25,386.29,385.975,386.03,16515
2026-05-28 12:03:00,386.03,386.1524,385.98,386.1524,11095
2026-05-28 12:04:00,386.0701,386.15,385.99,386.13,11665
2026-05-28 12:05:00,386.17,386.4,386.12,386.36,11918
2026-05-28 12:06:00,386.3901,386.5,386.3401,386.365,7753
2026-05-28 12:07:00,386.38,386.435,386.11,386.11,22875
2026-05-28 12:08:00,386.1349,386.31,386.0401,386.31,7434
2026-05-28 12:09:00,386.2701,386.34,386.22,386.31,10274
2026-05-28 12:10:00,386.275,386.36,386.16,386.16,10779
2026-05-28 12:11:00,386.19,386.2,385.925,385.93,15882
2026-05-28 12:12:00,385.93,385.93,385.76,385.84,11008
2026-05-28 12:13:00,385.87,386.02,385.79,385.81,27804
2026-05-28 12:14:00,385.845,385.93,385.81,385.915,10104
2026-05-28 12:15:00,385.94,385.94,385.79,385.7901,11759
2026-05-28 12:16:00,385.8251,385.8251,385.63,385.74,14078
2026-05-28 12:17:00,385.7561,385.91,385.74,385.91,16139
2026-05-28 12:18:00,385.91,386.45,385.9,386.32,11725
2026-05-28 12:19:00,386.33,386.3354,386.04,386.05,13193
2026-05-28 12:20:00,386.0401,386.085,385.88,385.93,8316
2026-05-28 12:21:00,385.915,385.98,385.83,385.85,9690
2026-05-28 12:22:00,385.855,385.86,385.47,385.6,17177
2026-05-28 12:23:00,385.62,385.97,385.59,385.945,14466
2026-05-28 12:24:00,385.98,386.34,385.93,386.27,18530
2026-05-28 12:25:00,386.23,386.29,386.02,386.05,12579
2026-05-28 12:26:00,386.08,386.12,385.7501,385.7501,13243
2026-05-28 12:27:00,385.78,385.93,385.74,385.85,14117
2026-05-28 12:28:00,385.83,385.93,385.8,385.89,7135
2026-05-28 12:29:00,385.88,386.08,385.69,385.738,11288
2026-05-28 12:30:00,385.67,385.82,385.53,385.82,21946
2026-05-28 12:31:00,385.725,385.725,385.3,385.38,12069
2026-05-28 12:32:00,385.36,385.38,385.21,385.255,8016
2026-05-28 12:33:00,385.21,385.39,385.18,385.26,8918
2026-05-28 12:34:00,385.265,385.265,385.12,385.18,13130
2026-05-28 12:35:00,385.16,385.16,384.9,385.02,22992
2026-05-28 12:36:00,384.98,385.02,384.85,384.875,8674
2026-05-28 12:37:00,384.9,385.02,384.8751,384.99,7650
2026-05-28 12:38:00,384.99,385.07,384.87,384.91,6383
2026-05-28 12:39:00,384.965,385.02,384.93,384.95,11159
2026-05-28 12:40:00,384.99,385.11,384.95,385.06,13771
2026-05-28 12:41:00,385.04,385.08,384.885,384.9,11752
2026-05-28 12:42:00,384.9,385.12,384.895,385.0,13316
2026-05-28 12:43:00,385.005,385.02,384.83,384.85,13441
2026-05-28 12:44:00,384.85,384.85,384.66,384.725,12958
2026-05-28 12:45:00,384.725,384.84,384.65,384.84,13294
2026-05-28 12:46:00,384.805,384.95,384.8028,384.92,7982
2026-05-28 12:47:00,384.92,385.0,384.89,384.9901,11043
2026-05-28 12:48:00,384.96,384.99,384.83,384.86,18558
2026-05-28 12:49:00,384.845,384.845,384.66,384.66,10778
2026-05-28 12:50:00,384.6,384.72,384.45,384.485,20770
2026-05-28 12:51:00,384.51,384.51,384.19,384.3219,26821
2026-05-28 12:52:00,384.35,384.46,384.19,384.415,21248
2026-05-28 12:53:00,384.41,384.64,384.405,384.5901,14518
2026-05-28 12:54:00,384.59,384.6143,384.43,384.43,20493
2026-05-28 12:55:00,384.43,384.5,384.39,384.49,16530
2026-05-28 12:56:00,384.5,384.66,384.47,384.635,13679
2026-05-28 12:57:00,384.62,384.92,384.62,384.89,13999
2026-05-28 12:58:00,384.88,385.09,384.83,385.035,27997
2026-05-28 12:59:00,385.01,385.09,384.82,384.9,19715
2026-05-28 13:00:00,384.9,385.06,384.89,384.99,11541
2026-05-28 13:01:00,385.0,385.098,384.95,385.035,9175
2026-05-28 13:02:00,385.035,385.035,384.84,385.02,13885
2026-05-28 13:03:00,385.0,385.13,384.98,385.03,15844
2026-05-28 13:04:00,385.09,385.11,384.95,384.95,21000
2026-05-28 13:05:00,384.9743,385.1123,384.9,384.925,16912
2026-05-28 13:06:00,384.925,384.93,384.7,384.74,15304
2026-05-28 13:07:00,384.74,384.84,384.65,384.7767,12756
2026-05-28 13:08:00,384.76,384.85,384.76,384.83,10323
2026-05-28 13:09:00,384.87,385.09,384.86,385.0828,16087
2026-05-28 13:10:00,385.04,385.04,384.85,384.86,11532
2026-05-28 13:11:00,384.85,384.9069,384.78,384.785,11047
2026-05-28 13:12:00,384.78,384.93,384.76,384.85,11482
2026-05-28 13:13:00,384.84,384.9101,384.77,384.89,11582
2026-05-28 13:14:00,384.905,384.9299,384.83,384.875,7773
2026-05-28 13:15:00,384.875,384.98,384.87,384.93,13493
2026-05-28 13:16:00,384.94,384.99,384.85,384.94,17937
2026-05-28 13:17:00,384.97,385.15,384.97,385.15,21186
2026-05-28 13:18:00,385.1329,385.17,384.97,385.015,13171
2026-05-28 13:19:00,385.0175,385.09,384.925,385.09,11097
2026-05-28 13:20:00,385.09,385.4,385.07,385.33,13149
2026-05-28 13:21:00,385.36,385.4553,385.32,385.4395,9573
2026-05-28 13:22:00,385.45,385.58,385.39,385.39,19677
2026-05-28 13:23:00,385.41,385.55,385.33,385.53,16858
2026-05-28 13:24:00,385.55,385.81,385.51,385.81,22332
2026-05-28 13:25:00,385.82,385.97,385.8038,385.87,16923
2026-05-28 13:26:00,385.88,386.27,385.85,386.22,39040
2026-05-28 13:27:00,386.235,386.24,386.01,386.08,20185
2026-05-28 13:28:00,386.065,386.19,385.95,386.025,26975
2026-05-28 13:29:00,386.04,386.045,385.92,385.97,21158
2026-05-28 13:30:00,386.0,386.35,386.0,386.28,20343
2026-05-28 13:31:00,386.28,386.36,386.1215,386.22,25720
2026-05-28 13:32:00,386.25,386.46,386.1581,386.29,75935
2026-05-28 13:33:00,386.37,386.81,386.31,386.8,38382
2026-05-28 13:34:00,386.77,386.77,386.3,386.45,24092
2026-05-28 13:35:00,386.45,386.59,386.345,386.43,20297
2026-05-28 13:36:00,386.44,386.5,386.33,386.39,32852
2026-05-28 13:37:00,386.41,386.49,386.26,386.315,48053
2026-05-28 13:38:00,386.32,386.355,386.185,386.32,25634
2026-05-28 13:39:00,386.32,386.61,386.3102,386.44,47471
2026-05-28 13:40:00,386.46,386.51,386.3801,386.455,34160
2026-05-28 13:41:00,386.44,387.025,386.39,386.885,39636
2026-05-28 13:42:00,386.8501,386.98,386.82,386.905,22799
2026-05-28 13:43:00,386.89,386.97,386.78,386.88,22080
2026-05-28 13:44:00,386.895,386.92,386.55,386.65,44325
2026-05-28 13:45:00,386.64,386.78,386.61,386.7563,12953
2026-05-28 13:46:00,386.7899,386.95,386.66,386.77,17076
2026-05-28 13:47:00,386.76,387.03,386.76,386.8566,29267
2026-05-28 13:48:00,386.885,386.93,386.82,386.86,13812
2026-05-28 13:49:00,386.86,387.07,386.78,386.99,20312
2026-05-28 13:50:00,386.985,387.07,386.765,386.93,25461
2026-05-28 13:51:00,386.8809,386.98,386.74,386.775,31222
2026-05-28 13:52:00,386.775,386.8,386.0459,386.33,40739
2026-05-28 13:53:00,386.23,386.36,386.01,386.075,22923
2026-05-28 13:54:00,386.1,386.28,386.05,386.255,18522
2026-05-28 13:55:00,386.245,386.3,386.17,386.2,19517
2026-05-28 13:56:00,386.19,386.19,385.9,385.9001,17689
2026-05-28 13:57:00,385.93,386.09,385.71,385.76,62297
2026-05-28 13:58:00,385.81,385.85,385.51,385.66,16507
2026-05-28 13:59:00,385.68,385.8,385.66,385.7025,17178
2026-05-28 14:00:00,385.715,385.81,385.56,385.68,18168
2026-05-28 14:01:00,385.675,385.77,385.43,385.585,19489
2026-05-28 14:02:00,385.585,385.585,385.23,385.4,23827
2026-05-28 14:03:00,385.4,385.57,385.36,385.4,20434
2026-05-28 14:04:00,385.42,385.92,385.33,385.89,33573
2026-05-28 14:05:00,385.9168,385.9168,385.78,385.86,7794
2026-05-28 14:06:00,385.86,386.05,385.6448,385.6448,17156
2026-05-28 14:07:00,385.65,385.79,385.4469,385.71,10137
2026-05-28 14:08:00,385.73,385.82,385.57,385.8,20576
2026-05-28 14:09:00,385.815,385.87,385.69,385.735,9890
2026-05-28 14:10:00,385.75,385.96,385.72,385.915,10900
2026-05-28 14:11:00,385.92,385.99,385.73,385.79,10937
2026-05-28 14:12:00,385.76,385.8,385.7,385.79,8655
2026-05-28 14:13:00,385.77,386.01,385.75,385.965,9256
2026-05-28 14:14:00,385.94,386.24,385.94,386.04,11391
2026-05-28 14:15:00,386.01,386.43,386.01,386.388,11851
2026-05-28 14:16:00,386.3775,386.75,386.311,386.58,42846
2026-05-28 14:17:00,386.6,386.64,386.43,386.47,14476
2026-05-28 14:18:00,386.44,386.44,386.2,386.28,16003
2026-05-28 14:19:00,386.28,386.28,386.15,386.16,9962
2026-05-28 14:20:00,386.18,386.3,386.16,386.24,13876
2026-05-28 14:21:00,386.235,386.27,386.11,386.12,13989
2026-05-28 14:22:00,386.14,386.32,386.1352,386.23,11479
2026-05-28 14:23:00,386.225,386.35,386.16,386.35,10746
2026-05-28 14:24:00,386.31,386.41,386.3,386.35,9323
2026-05-28 14:25:00,386.35,386.55,386.34,386.525,13941
2026-05-28 14:26:00,386.55,386.71,386.54,386.695,11970
2026-05-28 14:27:00,386.685,386.86,386.5582,386.6,13416
2026-05-28 14:28:00,386.6,386.94,386.6,386.68,19504
2026-05-28 14:29:00,386.66,386.66,386.4196,386.45,14194
2026-05-28 14:30:00,386.4201,386.65,386.32,386.625,24749
2026-05-28 14:31:00,386.645,386.72,386.365,386.45,11805
2026-05-28 14:32:00,386.46,386.46,386.3601,386.44,8233
2026-05-28 14:33:00,386.421,386.78,386.37,386.78,23920
2026-05-28 14:34:00,386.81,386.82,386.5601,386.81,27733
2026-05-28 14:35:00,386.81,386.86,386.3601,386.395,15739
2026-05-28 14:36:00,386.37,386.47,386.22,386.45,17088
2026-05-28 14:37:00,386.41,386.585,386.41,386.57,10213
2026-05-28 14:38:00,386.58,386.84,386.53,386.6612,18240
2026-05-28 14:39:00,386.675,386.74,386.585,386.61,7573
2026-05-28 14:40:00,386.58,386.71,386.58,386.705,8255
2026-05-28 14:41:00,386.705,386.97,386.69,386.96,11470
2026-05-28 14:42:00,386.975,387.35,386.91,387.335,45753
2026-05-28 14:43:00,387.3,387.3,386.92,387.045,27762
2026-05-28 14:44:00,387.03,387.12,386.98,386.98,16195
2026-05-28 14:45:00,386.98,387.22,386.98,387.195,29670
2026-05-28 14:46:00,387.2,387.33,387.17,387.24,10549
2026-05-28 14:47:00,387.265,387.277,387.01,387.1,22025
2026-05-28 14:48:00,387.07,387.16,386.9661,387.005,12545
2026-05-28 14:49:00,387.03,387.09,386.99,387.01,14323
2026-05-28 14:50:00,386.96,387.04,386.89,387.02,16419
2026-05-28 14:51:00,387.05,387.28,387.03,387.25,15759
2026-05-28 14:52:00,387.24,387.25,387.0,387.04,8839
2026-05-28 14:53:00,387.025,387.11,386.99,387.06,22607
2026-05-28 14:54:00,387.11,387.15,386.97,387.0175,14750
2026-05-28 14:55:00,386.9901,387.2,386.95,387.145,21774
2026-05-28 14:56:00,387.11,387.1199,386.89,386.99,19382
2026-05-28 14:57:00,386.99,386.9999,386.695,386.74,17728
2026-05-28 14:58:00,386.72,386.81,386.63,386.795,29313
2026-05-28 14:59:00,386.78,386.807,386.41,386.41,16707
2026-05-28 15:00:00,386.42,386.47,386.27,386.3501,34118
2026-05-28 15:01:00,386.3575,386.41,386.31,386.41,9652
2026-05-28 15:02:00,386.38,386.63,386.36,386.58,22473
2026-05-28 15:03:00,386.56,386.63,386.52,386.53,9200
2026-05-28 15:04:00,386.54,386.67,386.52,386.67,16525
2026-05-28 15:05:00,386.6968,386.71,386.61,386.69,10574
2026-05-28 15:06:00,386.68,386.75,386.661,386.705,9149
2026-05-28 15:07:00,386.705,386.84,386.69,386.8152,12037
2026-05-28 15:08:00,386.79,386.855,386.59,386.59,17815
2026-05-28 15:09:00,386.58,386.6,386.38,386.5499,25231
2026-05-28 15:10:00,386.55,386.66,386.52,386.64,5892
2026-05-28 15:11:00,386.655,386.73,386.4101,386.725,11331
2026-05-28 15:12:00,386.7395,386.95,386.7,386.74,12917
2026-05-28 15:13:00,386.725,386.85,386.595,386.665,14901
2026-05-28 15:14:00,386.665,386.68,386.47,386.51,12874
2026-05-28 15:15:00,386.53,386.75,386.445,386.73,45684
2026-05-28 15:16:00,386.73,386.855,386.73,386.8499,30252
2026-05-28 15:17:00,386.79,386.86,386.61,386.61,16978
2026-05-28 15:18:00,386.5924,386.67,386.51,386.59,14688
2026-05-28 15:19:00,386.62,386.73,386.58,386.68,17569
2026-05-28 15:20:00,386.685,386.73,386.6101,386.6601,23571
2026-05-28 15:21:00,386.64,386.66,386.56,386.61,15039
2026-05-28 15:22:00,386.6173,386.665,386.56,386.57,8767
2026-05-28 15:23:00,386.585,386.7,386.52,386.68,17928
2026-05-28 15:24:00,386.66,386.84,386.66,386.8,15497
2026-05-28 15:25:00,386.785,386.94,386.77,386.87,22821
2026-05-28 15:26:00,386.88,386.8999,386.695,386.815,13274
2026-05-28 15:27:00,386.79,386.85,386.73,386.77,18203
2026-05-28 15:28:00,386.77,387.04,386.68,387.0,18841
2026-05-28 15:29:00,387.02,387.06,386.9301,386.955,11512
2026-05-28 15:30:00,386.96,387.32,386.96,387.27,12713
2026-05-28 15:31:00,387.26,387.44,387.2301,387.38,18493
2026-05-28 15:32:00,387.36,387.5,387.28,387.4334,14277
2026-05-28 15:33:00,387.48,387.48,387.265,387.265,8322
2026-05-28 15:34:00,387.25,387.3465,387.15,387.18,26430
2026-05-28 15:35:00,387.19,387.43,387.13,387.43,19487
2026-05-28 15:36:00,387.45,387.6,387.4,387.56,15623
2026-05-28 15:37:00,387.58,387.73,387.57,387.695,21988
2026-05-28 15:38:00,387.6891,387.85,387.635,387.71,27723
2026-05-28 15:39:00,387.67,387.73,387.645,387.71,12259
2026-05-28 15:40:00,387.73,387.74,387.48,387.48,22410
2026-05-28 15:41:00,387.48,387.53,387.35,387.5099,29459
2026-05-28 15:42:00,387.4689,387.56,387.295,387.295,17217
2026-05-28 15:43:00,387.295,387.3713,387.15,387.19,21543
2026-05-28 15:44:00,387.21,387.32,387.17,387.24,18941
2026-05-28 15:45:00,387.21,387.21,387.05,387.145,22958
2026-05-28 15:46:00,387.145,387.3,387.1108,387.25,22438
2026-05-28 15:47:00,387.24,387.25,387.045,387.07,21648
2026-05-28 15:48:00,387.04,387.1,386.965,387.03,18152
2026-05-28 15:49:00,387.035,387.1,386.915,386.95,23761
2026-05-28 15:50:00,386.88,387.04,386.4,386.97,56277
2026-05-28 15:51:00,386.97,386.98,386.72,386.72,25693
2026-05-28 15:52:00,386.75,386.98,386.5801,386.5801,43177
2026-05-28 15:53:00,386.63,386.87,386.57,386.65,35871
2026-05-28 15:54:00,386.64,386.72,386.04,386.45,76454
2026-05-28 15:55:00,386.4,386.43,385.765,385.765,77578
2026-05-28 15:56:00,385.78,386.0,385.66,385.97,70763
2026-05-28 15:57:00,385.96,386.21,385.95,386.13,85831
2026-05-28 15:58:00,386.12,386.3,386.06,386.19,89737
2026-05-28 15:59:00,386.19,386.38,386.04,386.13,195921
2026-05-28 16:00:00,386.13,386.13,386.12,386.12,2757267
2026-05-28 16:01:00,386.02,386.24,385.9,386.05,801
2026-05-28 16:02:00,386.12,386.12,386.12,386.12,72018
2026-05-28 16:03:00,386.14,386.17,385.84,385.84,1384
2026-05-28 16:04:00,386.16,386.16,386.01,386.01,126
2026-05-28 16:05:00,386.1,386.1,386.1,386.1,166
2026-05-28 16:06:00,386.0,386.13,386.0,386.0295,196
2026-05-28 16:07:00,386.1,386.13,386.1,386.13,199
2026-05-28 16:08:00,386.13,386.19,386.13,386.13,344
2026-05-28 16:09:00,386.18,386.19,386.18,386.18,498
2026-05-28 16:10:00,386.19,386.19,386.19,386.19,100
2026-05-28 16:11:00,386.3,386.56,386.3,386.56,136
2026-05-28 16:12:00,386.19,386.19,386.19,386.19,111
2026-05-28 16:15:00,386.28,386.28,386.2203,386.24,516
2026-05-28 16:16:00,386.23,386.23,386.23,386.23,100
2026-05-28 16:17:00,386.2603,386.2603,386.2603,386.2603,100
2026-05-28 16:20:00,386.22,386.22,386.22,386.22,150
2026-05-28 16:23:00,386.3,386.3,386.3,386.3,90
2026-05-28 16:24:00,386.3,386.3,386.22,386.22,202
2026-05-28 16:25:00,386.22,386.22,386.19,386.19,988
2026-05-28 16:26:00,386.13,386.13,386.1,386.1,875
2026-05-28 16:27:00,386.19,386.2,386.16,386.2,3747
2026-05-28 16:28:00,386.1398,386.1398,386.1398,386.1398,140
2026-05-28 16:31:00,386.2827,386.2827,386.2827,386.2827,388
2026-05-28 16:32:00,386.2,386.2,386.2,386.2,60
2026-05-28 16:33:00,386.1073,386.114,386.1073,386.114,154
2026-05-28 16:35:00,386.18,386.18,386.18,386.18,47
2026-05-28 16:37:00,386.3,386.31,386.3,386.31,295
2026-05-28 16:38:00,386.22,386.22,385.82,385.82,625
2026-05-28 16:39:00,385.8175,385.87,385.8175,385.86,457
2026-05-28 16:40:00,385.85,385.85,385.85,385.85,84
2026-05-28 16:41:00,385.6,385.6,385.6,385.6,71
2026-05-28 16:42:00,385.88,385.88,385.88,385.88,150
2026-05-28 16:44:00,385.9327,385.9327,385.9327,385.9327,50
2026-05-28 16:45:00,385.8,385.8,385.8,385.8,101
2026-05-28 16:48:00,385.99,387.87,385.98,386.05,7503
2026-05-28 16:49:00,386.26,387.92,386.21,387.91,5315
2026-05-28 16:50:00,387.4,388.06,387.3,387.3,7510
2026-05-28 16:51:00,387.1796,387.36,386.94,387.36,836
2026-05-28 16:52:00,386.95,386.95,386.8825,386.8825,1090
2026-05-28 16:53:00,386.9701,386.9701,386.73,386.73,880
2026-05-28 16:54:00,386.73,386.73,386.4615,386.4615,387
2026-05-28 16:55:00,386.9,386.91,386.73,386.73,791
2026-05-28 16:56:00,386.9,386.9,386.9,386.9,100
2026-05-28 16:57:00,386.9,386.91,386.9,386.91,760
2026-05-28 16:58:00,387.0,387.0,386.81,386.93,314
2026-05-28 16:59:00,386.72,387.0,386.72,387.0,289
2026-05-28 17:01:00,386.4,386.66,386.4,386.66,105
2026-05-28 17:03:00,386.67,386.67,386.35,386.37,240
2026-05-28 17:05:00,386.46,386.46,386.46,386.46,91
2026-05-28 17:06:00,386.5,386.5,386.5,386.5,40
2026-05-28 17:07:00,386.5,386.5,386.4434,386.4434,140
2026-05-28 17:09:00,386.6,386.6,386.6,386.6,175
2026-05-28 17:11:00,386.5,386.5,386.5,386.5,135
2026-05-28 17:12:00,386.41,386.41,386.41,386.41,80
2026-05-28 17:15:00,386.34,386.34,386.0,386.01,2685
2026-05-28 17:20:00,386.01,386.01,386.0,386.0,200
2026-05-28 17:21:00,386.19,386.19,386.19,386.19,100
2026-05-28 17:22:00,386.2,386.2,386.2,386.2,50
2026-05-28 17:25:00,386.02,386.02,386.02,386.02,50
2026-05-28 17:28:00,386.21,386.21,386.21,386.21,50
2026-05-28 17:30:00,386.21,386.21,386.21,386.21,86
2026-05-28 17:33:00,386.25,386.25,386.25,386.25,50
2026-05-28 17:34:00,386.2,386.2,386.06,386.06,244
2026-05-28 17:35:00,386.1,386.1,386.1,386.1,40
2026-05-28 17:37:00,386.0,386.0,386.0,386.0,100
2026-05-28 17:40:00,386.0,386.0,386.0,386.0,199
2026-05-28 17:42:00,385.91,385.91,385.9,385.9,240
2026-05-28 17:49:00,386.0,386.0,386.0,386.0,100
2026-05-28 17:50:00,385.91,385.91,385.91,385.91,40
2026-05-28 17:54:00,386.0,386.0,386.0,386.0,70
2026-05-28 17:56:00,386.01,386.01,386.01,386.01,70
2026-05-28 17:59:00,386.01,386.01,385.99,385.99,133
2026-05-28 18:05:00,386.0,386.18,386.0,386.18,444
2026-05-28 18:06:00,385.8225,385.8225,385.8225,385.8225,55
2026-05-28 18:07:00,385.92,386.3099,385.92,386.3099,1048
2026-05-28 18:08:00,385.66,385.89,385.63,385.89,302
2026-05-28 18:10:00,385.66,386.09,385.62,386.09,553
2026-05-28 18:11:00,385.88,385.88,385.6,385.6,531
2026-05-28 18:12:00,385.99,385.99,385.99,385.99,40
2026-05-28 18:15:00,385.6,385.6,385.6,385.6,230
2026-05-28 18:16:00,385.61,385.61,385.6,385.6,301
2026-05-28 18:17:00,385.83,385.83,385.83,385.83,40
2026-05-28 18:18:00,385.89,385.89,385.89,385.89,500
2026-05-28 18:21:00,385.89,385.89,385.5,385.5,350
2026-05-28 18:24:00,385.51,385.79,385.5,385.51,278
2026-05-28 18:28:00,385.5936,385.5936,385.5936,385.5936,100
2026-05-28 18:29:00,385.61,385.61,385.61,385.61,62
2026-05-28 18:31:00,385.43,385.43,385.39,385.39,132
2026-05-28 18:32:00,385.56,385.56,385.56,385.56,100
2026-05-28 18:33:00,385.63,385.63,385.63,385.63,50
2026-05-28 18:34:00,385.6,385.6,385.52,385.52,156
2026-05-28 18:36:00,385.4,385.53,385.4,385.53,83
2026-05-28 18:37:00,385.43,385.53,385.43,385.53,82
2026-05-28 18:39:00,385.5,385.5,385.4059,385.4059,136
2026-05-28 18:40:00,385.49,385.49,385.4059,385.4059,101
2026-05-28 18:41:00,385.78,385.78,385.78,385.78,50
2026-05-28 18:44:00,385.35,385.78,385.35,385.78,1000
2026-05-28 18:47:00,385.78,385.78,385.77,385.78,609
2026-05-28 18:49:00,385.75,385.75,385.75,385.75,87
2026-05-28 18:50:00,385.51,385.51,385.51,385.51,500
2026-05-28 18:52:00,385.51,385.51,385.51,385.51,134
2026-05-28 18:53:00,385.68,385.68,385.68,385.68,80
2026-05-28 18:56:00,385.67,385.69,385.67,385.69,166
2026-05-28 18:57:00,385.78,385.78,385.7784,385.7784,95
2026-05-28 18:58:00,385.78,385.78,385.78,385.78,50
2026-05-28 18:59:00,385.68,385.69,385.68,385.68,140
2026-05-28 19:01:00,385.68,385.78,385.68,385.78,261
2026-05-28 19:02:00,385.68,385.99,385.68,385.99,958
2026-05-28 19:04:00,385.76,385.76,385.76,385.76,65
2026-05-28 19:10:00,385.75,385.75,385.75,385.75,51
2026-05-28 19:11:00,385.68,385.68,385.68,385.68,50
2026-05-28 19:12:00,385.53,385.53,385.53,385.53,100
2026-05-28 19:15:00,385.54,385.54,385.54,385.54,388
2026-05-28 19:16:00,385.53,385.53,385.53,385.53,100
2026-05-28 19:17:00,385.5781,385.5781,385.5781,385.5781,300
2026-05-28 19:18:00,385.9,385.9,385.9,385.9,500
2026-05-28 19:20:00,385.5898,385.5898,385.5898,385.5898,60
2026-05-28 19:22:00,385.8,385.8,385.8,385.8,139
2026-05-28 19:23:00,385.7,385.7,385.7,385.7,141
2026-05-28 19:24:00,385.99,385.99,385.99,385.99,85
2026-05-28 19:25:00,385.89,385.97,385.89,385.97,362
2026-05-28 19:26:00,385.69,385.69,385.69,385.69,50
2026-05-28 19:27:00,385.77,385.77,385.77,385.77,100
2026-05-28 19:28:00,385.99,385.99,385.9896,385.9896,151
2026-05-28 19:30:00,385.74,385.9267,385.74,385.9267,92
2026-05-28 19:31:00,385.99,385.99,385.99,385.99,250
2026-05-28 19:32:00,385.67,385.67,385.67,385.67,70
2026-05-28 19:34:00,385.86,385.86,385.86,385.86,86
2026-05-28 19:35:00,385.83,385.83,385.83,385.83,51
2026-05-28 19:36:00,385.98,385.98,385.98,385.98,50
2026-05-28 19:37:00,385.6187,385.82,385.6187,385.82,241
2026-05-28 19:39:00,385.5569,385.5569,385.5569,385.5569,99
2026-05-28 19:40:00,385.64,385.64,385.64,385.64,40
2026-05-28 19:42:00,385.71,385.71,385.5729,385.5729,483
2026-05-28 19:44:00,385.86,385.86,385.86,385.86,100
2026-05-28 19:46:00,385.6,385.6,385.6,385.6,100
2026-05-28 19:47:00,385.7479,385.7479,385.7479,385.7479,200
2026-05-28 19:48:00,385.6,385.6,385.53,385.53,643
2026-05-28 19:49:00,385.64,385.64,385.64,385.64,100
2026-05-28 19:50:00,385.73,385.73,385.73,385.73,50
2026-05-28 19:51:00,385.56,385.56,385.56,385.56,50
2026-05-28 19:52:00,385.63,385.73,385.5,385.73,499
2026-05-28 19:53:00,385.5,385.5,385.5,385.5,50
2026-05-28 19:54:00,385.5,385.5,385.5,385.5,79
2026-05-28 19:55:00,385.43,385.43,385.43,385.43,59
2026-05-28 19:57:00,385.5,385.5,385.5,385.5,100
2026-05-28 19:58:00,385.5,385.5,385.5,385.5,50
2026-05-28 19:59:00,385.5,385.5,385.42,385.42,200
