timestamp,open,high,low,close,volume
2026-05-14 04:00:00,400.0,400.42,398.21,398.5,30267
2026-05-14 04:05:00,398.55,400.3,398.54,399.5,1910
2026-05-14 04:10:00,399.38,400.03,399.38,400.03,3175
2026-05-14 04:15:00,400.08,400.3,400.02,400.3,1717
2026-05-14 04:20:00,400.3,400.5,400.02,400.02,561
2026-05-14 04:25:00,399.85,400.01,399.85,400.01,1466
2026-05-14 04:30:00,400.3,400.4,400.16,400.24,996
2026-05-14 04:35:00,400.43,400.6,400.22,400.32,943
2026-05-14 04:40:00,400.25,400.3,399.83,399.83,835
2026-05-14 04:45:00,399.87,400.09,399.68,399.68,441
2026-05-14 04:50:00,399.8,400.21,399.8,400.21,881
2026-05-14 04:55:00,400.2,400.2,399.6808,399.98,512
2026-05-14 05:00:00,400.06,400.16,400.05,400.05,180
2026-05-14 05:05:00,400.01,400.03,399.9,399.9,813
2026-05-14 05:10:00,399.91,399.97,399.64,399.64,1435
2026-05-14 05:15:00,399.85,399.85,399.8,399.8,223
2026-05-14 05:20:00,399.8,399.84,399.6,399.6,409
2026-05-14 05:25:00,399.78,399.83,399.3,399.3,816
2026-05-14 05:30:00,399.3,399.58,399.0,399.23,2223
2026-05-14 05:35:00,399.58,399.58,398.41,398.78,1268
2026-05-14 05:40:00,398.8,399.09,398.8,399.09,397
2026-05-14 05:45:00,398.98,399.05,398.3,399.05,8481
2026-05-14 05:50:00,398.83,398.83,398.13,398.22,1029
2026-05-14 05:55:00,398.39,398.52,398.26,398.31,787
2026-05-14 06:00:00,398.3,398.91,398.3,398.91,1928
2026-05-14 06:05:00,399.06,399.35,398.9,398.9,1495
2026-05-14 06:10:00,399.14,399.73,398.83,398.9497,4332
2026-05-14 06:15:00,398.8,398.98,398.8,398.93,367
2026-05-14 06:20:00,398.67,398.86,398.62,398.62,1046
2026-05-14 06:25:00,398.84,398.84,398.84,398.84,129
2026-05-14 06:30:00,398.84,399.05,398.47,398.6,1532
2026-05-14 06:35:00,398.82,398.87,398.8,398.87,1111
2026-05-14 06:40:00,398.65,399.0,398.61,399.0,548
2026-05-14 06:45:00,398.63,398.63,398.3385,398.45,753
2026-05-14 06:50:00,398.45,398.93,398.3774,398.7,1262
2026-05-14 06:55:00,398.84,398.84,398.66,398.78,580
2026-05-14 07:00:00,398.81,398.87,398.56,398.82,2755
2026-05-14 07:05:00,398.6,399.08,398.59,398.88,3530
2026-05-14 07:10:00,398.9884,398.9884,398.76,398.76,712
2026-05-14 07:15:00,398.7,398.9,398.62,398.77,1442
2026-05-14 07:20:00,398.744,398.744,398.44,398.44,1146
2026-05-14 07:25:00,398.12,398.3,398.11,398.1101,3350
2026-05-14 07:30:00,398.22,398.3568,398.11,398.3568,3251
2026-05-14 07:35:00,398.21,398.44,398.1348,398.32,957
2026-05-14 07:40:00,398.382,398.42,398.12,398.29,1387
2026-05-14 07:45:00,398.5,398.57,398.3222,398.52,2187
2026-05-14 07:50:00,398.5999,398.5999,398.2,398.26,2076
2026-05-14 07:55:00,398.11,398.3,398.07,398.14,8599
2026-05-14 08:00:00,398.28,398.52,398.11,398.52,3202
2026-05-14 08:05:00,398.6196,398.82,398.55,398.65,1655
2026-05-14 08:10:00,398.55,398.7,398.29,398.32,2408
2026-05-14 08:15:00,398.36,398.47,398.32,398.32,2387
2026-05-14 08:20:00,398.3,398.48,398.15,398.15,2316
2026-05-14 08:25:00,398.14,399.0,397.72,398.88,7931
2026-05-14 08:30:00,399.0,399.0,398.11,398.28,2335
2026-05-14 08:35:00,398.34,398.34,397.9,398.2,976
2026-05-14 08:40:00,398.2,398.26,397.97,397.97,991
2026-05-14 08:45:00,397.95,397.98,397.65,397.66,3198
2026-05-14 08:50:00,397.6452,397.81,397.1,397.23,7829
2026-05-14 08:55:00,397.11,397.41,397.07,397.07,7821
2026-05-14 09:00:00,397.09,397.1736,397.0,397.1736,1861
2026-05-14 09:05:00,397.03,397.0975,396.21,396.3445,11076
2026-05-14 09:10:00,396.37,396.38,396.0,396.34,7630
2026-05-14 09:15:00,396.43,396.49,396.08,396.12,3020
2026-05-14 09:20:00,396.05,396.5494,396.05,396.34,7696
2026-05-14 09:25:00,396.27,396.27,393.25,393.72,39913
2026-05-14 09:30:00,393.79,396.8041,393.07,396.4,636870
2026-05-14 09:35:00,396.41,397.0,395.74,395.81,304203
2026-05-14 09:40:00,395.8537,396.32,394.94,396.08,212064
2026-05-14 09:45:00,396.12,397.55,396.02,396.89,192796
2026-05-14 09:50:00,396.885,396.95,394.89,395.23,158228
2026-05-14 09:55:00,395.235,395.43,394.36,394.65,121636
2026-05-14 10:00:00,394.61,394.82,393.87,394.53,149099
2026-05-14 10:05:00,394.54,395.347,394.4,394.81,198172
2026-05-14 10:10:00,394.87,395.3,394.5,394.53,124546
2026-05-14 10:15:00,394.5001,395.26,394.33,395.18,109456
2026-05-14 10:20:00,395.15,395.3688,394.14,394.17,150429
2026-05-14 10:25:00,394.18,394.23,392.728,393.06,191762
2026-05-14 10:30:00,393.065,394.25,392.78,394.168,134205
2026-05-14 10:35:00,394.21,394.28,393.61,394.09,138484
2026-05-14 10:40:00,394.09,394.16,393.58,393.785,123378
2026-05-14 10:45:00,393.78,394.32,393.42,393.7001,127731
2026-05-14 10:50:00,393.74,394.82,393.66,394.37,125449
2026-05-14 10:55:00,394.4,394.65,394.0,394.41,66477
2026-05-14 11:00:00,394.44,394.67,394.01,394.24,106605
2026-05-14 11:05:00,394.24,394.78,394.09,394.415,93684
2026-05-14 11:10:00,394.46,394.97,394.12,394.49,110370
2026-05-14 11:15:00,394.46,394.8446,394.41,394.81,72381
2026-05-14 11:20:00,394.8215,395.08,394.15,394.4,84675
2026-05-14 11:25:00,394.38,395.5,394.26,394.84,102679
2026-05-14 11:30:00,394.89,395.44,394.76,394.89,85571
2026-05-14 11:35:00,394.89,395.88,394.86,395.84,132207
2026-05-14 11:40:00,395.84,396.48,395.75,396.3,164591
2026-05-14 11:45:00,396.41,396.5,396.17,396.28,90797
2026-05-14 11:50:00,396.29,397.0,396.08,396.95,97590
2026-05-14 11:55:00,396.94,398.39,396.935,398.33,201382
2026-05-14 12:00:00,398.31,398.88,398.05,398.815,145946
2026-05-14 12:05:00,398.79,398.79,397.3627,397.7,137015
2026-05-14 12:10:00,397.665,398.13,397.0601,397.08,72534
2026-05-14 12:15:00,397.0605,397.74,396.73,396.79,51467
2026-05-14 12:20:00,396.85,397.37,396.79,397.01,66522
2026-05-14 12:25:00,397.04,397.04,396.2301,396.34,51609
2026-05-14 12:30:00,396.3801,396.3801,395.54,395.685,65208
2026-05-14 12:35:00,395.65,396.2899,395.65,396.21,60314
2026-05-14 12:40:00,396.18,396.38,395.88,395.98,53751
2026-05-14 12:45:00,395.9023,397.2899,395.47,396.64,207752
2026-05-14 12:50:00,396.66,396.99,396.09,396.99,70353
2026-05-14 12:55:00,397.0,397.155,396.25,396.79,67779
2026-05-14 13:00:00,396.75,397.61,396.75,397.29,97765
2026-05-14 13:05:00,397.285,397.32,396.14,396.15,68789
2026-05-14 13:10:00,396.19,396.53,395.58,395.6316,103208
2026-05-14 13:15:00,395.64,396.2,395.3901,396.14,104307
2026-05-14 13:20:00,396.14,397.06,396.14,396.81,92415
2026-05-14 13:25:00,396.845,397.47,396.39,397.41,92778
2026-05-14 13:30:00,397.48,397.5,396.92,397.41,81719
2026-05-14 13:35:00,397.4,398.21,397.155,398.16,81889
2026-05-14 13:40:00,398.15,398.73,397.975,398.71,94399
2026-05-14 13:45:00,398.67,399.01,398.52,398.66,118497
2026-05-14 13:50:00,398.6,399.104,398.43,398.88,111424
2026-05-14 13:55:00,398.9,398.91,398.38,398.5,61974
2026-05-14 14:00:00,398.5,398.5,396.6201,396.81,84769
2026-05-14 14:05:00,396.81,396.9599,396.57,396.7311,80211
2026-05-14 14:10:00,396.84,397.07,396.67,396.87,64074
2026-05-14 14:15:00,396.88,397.33,396.73,397.07,67312
2026-05-14 14:20:00,397.05,397.05,396.13,396.15,67529
2026-05-14 14:25:00,396.19,396.21,395.695,396.07,70272
2026-05-14 14:30:00,396.07,396.54,395.93,396.44,65459
2026-05-14 14:35:00,396.435,396.49,395.99,396.16,58520
2026-05-14 14:40:00,396.18,396.21,395.8,396.15,68719
2026-05-14 14:45:00,396.12,396.27,395.9,396.11,73875
2026-05-14 14:50:00,396.075,396.62,396.06,396.39,76568
2026-05-14 14:55:00,396.33,396.85,396.2001,396.63,67074
2026-05-14 15:00:00,396.62,397.0,396.53,396.85,100369
2026-05-14 15:05:00,396.83,397.06,396.65,397.05,82315
2026-05-14 15:10:00,397.05,397.05,396.6,396.706,75499
2026-05-14 15:15:00,396.72,397.15,396.6769,396.82,70842
2026-05-14 15:20:00,396.77,397.35,396.765,397.115,93070
2026-05-14 15:25:00,397.15,397.25,397.0,397.04,54711
2026-05-14 15:30:00,397.0232,397.33,396.95,396.99,75759
2026-05-14 15:35:00,396.95,396.97,396.61,396.86,97858
2026-05-14 15:40:00,396.88,397.24,396.85,396.99,86520
2026-05-14 15:45:00,396.99,397.02,396.535,396.54,81904
2026-05-14 15:50:00,396.52,396.67,396.02,396.621,171764
2026-05-14 15:55:00,396.62,397.32,396.37,397.2,498816
2026-05-14 16:00:00,397.24,397.5,396.7,397.1,1864632
2026-05-14 16:05:00,397.23,397.23,397.2,397.2,3230
2026-05-14 16:10:00,397.2,397.43,397.2,397.43,845
2026-05-14 16:15:00,397.49,397.49,396.82,396.82,1213
2026-05-14 16:20:00,397.0,397.0,396.8,396.8,1760
2026-05-14 16:25:00,396.71,396.75,396.71,396.75,200
2026-05-14 16:30:00,396.71,396.9,396.5,396.5,837
2026-05-14 16:35:00,396.4922,396.62,396.4922,396.62,150
2026-05-14 16:40:00,396.75,396.95,396.75,396.95,426
2026-05-14 16:45:00,396.75,397.17,396.75,396.75,240
2026-05-14 16:50:00,396.8,396.8,396.46,396.72,1312
2026-05-14 16:55:00,396.48,396.48,396.48,396.48,103
2026-05-14 17:00:00,396.5797,397.17,396.5797,397.17,200
2026-05-14 17:05:00,396.99,397.0,396.6471,397.0,269
2026-05-14 17:10:00,396.8,397.0,396.8,396.82,546
2026-05-14 17:15:00,396.9545,396.9545,396.92,396.92,171
2026-05-14 17:20:00,396.92,396.93,396.75,396.75,503
2026-05-14 17:25:00,397.0,397.034,397.0,397.034,527
2026-05-14 17:30:00,397.01,397.01,397.01,397.01,40
2026-05-14 17:35:00,396.78,397.1,396.66,396.66,172
2026-05-14 17:40:00,397.09,397.32,396.9,397.32,794
2026-05-14 17:45:00,397.32,397.32,396.8,396.811,522
2026-05-14 17:55:00,396.82,397.0,396.81,396.9999,697
2026-05-14 18:00:00,396.98,397.0,396.8,396.8,720
2026-05-14 18:05:00,397.14,397.14,396.6603,396.6603,178
2026-05-14 18:10:00,396.77,396.82,396.77,396.82,254
2026-05-14 18:15:00,396.77,396.9,396.77,396.88,343
2026-05-14 18:20:00,396.88,396.88,396.65,396.8685,1212
2026-05-14 18:25:00,396.96,397.09,396.91,397.09,785
2026-05-14 18:30:00,396.83,397.1,396.83,397.1,239
2026-05-14 18:35:00,396.86,397.11,396.86,397.11,546
2026-05-14 18:40:00,397.0,397.3205,396.86,397.2,741
2026-05-14 18:45:00,397.2515,397.2515,397.0,397.19,330
2026-05-14 18:50:00,397.2,397.2,397.2,397.2,136
2026-05-14 18:55:00,397.19,397.19,397.0,397.0,140
2026-05-14 19:00:00,397.237,397.237,397.15,397.15,250
2026-05-14 19:05:00,397.25,397.35,397.1501,397.34,1092
2026-05-14 19:10:00,397.25,397.37,397.25,397.37,80
2026-05-14 19:15:00,397.24,397.37,397.15,397.15,368
2026-05-14 19:20:00,397.15,397.251,397.15,397.25,693
2026-05-14 19:25:00,397.25,397.28,397.13,397.14,1266
2026-05-14 19:35:00,397.0325,397.0325,397.0325,397.0325,50
2026-05-14 19:40:00,397.13,397.13,397.1,397.13,473
2026-05-14 19:45:00,397.1,397.25,397.0,397.0,784
2026-05-14 19:50:00,396.95,397.0,396.95,397.0,150
2026-05-14 19:55:00,396.7508,397.0,396.52,397.0,1692
2026-05-15 04:00:00,393.11,395.32,389.13,391.19,62762
2026-05-15 04:05:00,391.19,394.52,389.9,391.32,6413
2026-05-15 04:10:00,391.3,391.53,391.02,391.24,1940
2026-05-15 04:15:00,391.19,391.2,390.0,390.53,3655
2026-05-15 04:20:00,390.2352,390.46,390.03,390.41,1367
2026-05-15 04:25:00,390.65,390.65,389.65,389.9,4636
2026-05-15 04:30:00,389.88,390.12,389.25,390.0,2934
2026-05-15 04:35:00,390.0,390.62,390.0,390.49,1451
2026-05-15 04:40:00,390.7,391.06,390.7,390.75,860
2026-05-15 04:45:00,391.07,391.3,390.74,390.74,807
2026-05-15 04:50:00,390.71,390.85,390.4,390.74,445
2026-05-15 04:55:00,390.65,390.71,390.5,390.68,1723
2026-05-15 05:00:00,390.57,390.65,390.37,390.6,848
2026-05-15 05:05:00,390.6,390.79,390.0,390.49,3984
2026-05-15 05:10:00,390.5,390.71,390.35,390.66,1618
2026-05-15 05:15:00,390.5,390.68,390.35,390.68,2258
2026-05-15 05:20:00,390.25,390.38,390.01,390.25,1908
2026-05-15 05:25:00,390.22,390.46,390.01,390.46,5480
2026-05-15 05:30:00,390.47,390.82,390.47,390.48,623
2026-05-15 05:35:00,390.58,390.96,390.5,390.64,1827
2026-05-15 05:40:00,390.91,390.91,390.51,390.73,1462
2026-05-15 05:45:00,390.73,390.83,390.46,390.57,1973
2026-05-15 05:50:00,390.4,390.54,390.12,390.27,3156
2026-05-15 05:55:00,390.7,390.98,390.7,390.77,1576
2026-05-15 06:00:00,390.79,390.9,390.34,390.52,1857
2026-05-15 06:05:00,390.31,391.2345,390.31,391.0,2172
2026-05-15 06:10:00,391.04,391.3,391.04,391.3,755
2026-05-15 06:15:00,391.4,391.48,391.25,391.25,258
2026-05-15 06:20:00,391.56,391.71,391.5,391.6,631
2026-05-15 06:25:00,391.6,391.6,390.87,391.02,1989
2026-05-15 06:30:00,391.08,391.09,390.74,390.9,1033
2026-05-15 06:35:00,390.98,390.98,390.3,390.3,2047
2026-05-15 06:40:00,390.32,390.5,390.2,390.5,3874
2026-05-15 06:45:00,390.52,391.01,390.52,390.72,2722
2026-05-15 06:50:00,390.76,391.19,390.74,391.17,2006
2026-05-15 06:55:00,391.18,391.34,391.11,391.24,2174
2026-05-15 07:00:00,391.43,391.5,390.78,390.78,6226
2026-05-15 07:05:00,390.75,391.23,390.75,390.91,2492
2026-05-15 07:10:00,390.92,391.105,390.8,391.105,2531
2026-05-15 07:15:00,391.1,391.21,390.94,391.02,1688
2026-05-15 07:20:00,391.15,391.4,390.64,390.9,3103
2026-05-15 07:25:00,390.8,390.94,390.62,390.7466,1234
2026-05-15 07:30:00,390.91,391.0,390.68,390.87,2949
2026-05-15 07:35:00,390.8845,391.2247,390.72,390.72,813
2026-05-15 07:40:00,390.9,391.0084,390.8325,391.0084,1554
2026-05-15 07:45:00,390.7564,391.4,390.7564,391.4,897
2026-05-15 07:50:00,391.36,391.5,391.08,391.08,4882
2026-05-15 07:55:00,391.0,391.0,390.65,390.7,1213
2026-05-15 08:00:00,390.59,390.59,390.23,390.3,4546
2026-05-15 08:05:00,390.2765,390.39,390.02,390.2,3715
2026-05-15 08:10:00,390.06,390.4,389.95,389.98,12721
2026-05-15 08:15:00,389.9414,390.42,389.9414,390.39,1457
2026-05-15 08:20:00,390.48,390.8,390.48,390.6,6408
2026-05-15 08:25:00,390.6,390.6,390.31,390.4,1930
2026-05-15 08:30:00,390.42,390.5,390.1,390.39,5486
2026-05-15 08:35:00,390.35,390.4969,390.01,390.2,4253
2026-05-15 08:40:00,390.2,390.45,390.1347,390.26,2323
2026-05-15 08:45:00,390.26,390.26,389.8,389.86,2644
2026-05-15 08:50:00,389.8,390.31,389.79,390.3,2017
2026-05-15 08:55:00,390.44,390.62,390.3,390.32,1134
2026-05-15 09:00:00,390.3998,390.3998,389.6,389.6635,3081
2026-05-15 09:05:00,389.77,389.8,389.5,389.75,3651
2026-05-15 09:10:00,389.86,389.86,389.3,389.5512,6665
2026-05-15 09:15:00,389.48,390.01,389.31,390.0,6201
2026-05-15 09:20:00,390.04,390.31,389.92,390.31,4514
2026-05-15 09:25:00,390.68,393.89,390.68,393.22,80447
2026-05-15 09:30:00,393.27,393.81,389.8,390.46,1528104
2026-05-15 09:35:00,390.36,391.789,389.76,390.9,238197
2026-05-15 09:40:00,390.96,392.9,390.84,392.04,195047
2026-05-15 09:45:00,391.97,394.07,391.0,393.9,233378
2026-05-15 09:50:00,393.85,395.36,393.65,395.105,163798
2026-05-15 09:55:00,395.09,395.73,393.99,394.315,210391
2026-05-15 10:00:00,394.33,394.88,393.49,394.28,140437
2026-05-15 10:05:00,394.3198,395.4,394.1101,394.97,97004
2026-05-15 10:10:00,395.0,395.63,394.5401,395.335,185743
2026-05-15 10:15:00,395.3,395.88,395.09,395.31,104421
2026-05-15 10:20:00,395.27,395.79,394.83,394.921,124685
2026-05-15 10:25:00,394.85,395.25,394.17,394.6025,162376
2026-05-15 10:30:00,394.575,395.18,394.51,395.095,100330
2026-05-15 10:35:00,395.09,395.105,393.87,393.91,149564
2026-05-15 10:40:00,393.99,394.44,393.83,393.97,78468
2026-05-15 10:45:00,393.97,394.13,393.21,393.39,111070
2026-05-15 10:50:00,393.39,393.87,392.91,393.84,105437
2026-05-15 10:55:00,393.86,394.69,393.725,394.56,74354
2026-05-15 11:00:00,394.6,394.84,393.8301,394.1,62897
2026-05-15 11:05:00,394.075,394.8733,393.56,394.81,59921
2026-05-15 11:10:00,394.81,395.07,394.02,394.1301,82720
2026-05-15 11:15:00,394.1301,394.22,393.52,393.91,196990
2026-05-15 11:20:00,393.855,394.21,393.64,393.695,115813
2026-05-15 11:25:00,393.7,393.72,393.11,393.59,106338
2026-05-15 11:30:00,393.61,394.18,393.09,393.21,90902
2026-05-15 11:35:00,393.255,393.93,392.95,393.01,45353
2026-05-15 11:40:00,393.0,393.17,392.2,392.505,71505
2026-05-15 11:45:00,392.48,392.55,391.54,391.56,108726
2026-05-15 11:50:00,391.595,392.12,391.1,391.89,101667
2026-05-15 11:55:00,391.845,392.682,391.63,392.595,99404
2026-05-15 12:00:00,392.67,392.93,392.25,392.5,62097
2026-05-15 12:05:00,392.4,392.73,392.02,392.56,33915
2026-05-15 12:10:00,392.47,392.58,392.2401,392.465,39463
2026-05-15 12:15:00,392.42,392.5199,392.0101,392.35,32464
2026-05-15 12:20:00,392.4,392.93,392.27,392.86,30735
2026-05-15 12:25:00,392.83,393.5,392.83,393.3201,74240
2026-05-15 12:30:00,393.4,393.55,393.13,393.45,35116
2026-05-15 12:35:00,393.45,393.55,392.91,393.23,67647
2026-05-15 12:40:00,393.22,393.23,392.76,392.995,52386
2026-05-15 12:45:00,393.02,393.12,392.74,392.935,36878
2026-05-15 12:50:00,392.885,393.03,392.26,392.38,31915
2026-05-15 12:55:00,392.42,392.71,392.09,392.285,74197
2026-05-15 13:00:00,392.285,392.77,392.19,392.69,39429
2026-05-15 13:05:00,392.65,393.41,392.62,393.25,50987
2026-05-15 13:10:00,393.22,393.675,393.22,393.645,43202
2026-05-15 13:15:00,393.62,393.67,393.26,393.67,42012
2026-05-15 13:20:00,393.68,393.77,393.24,393.26,48240
2026-05-15 13:25:00,393.275,393.85,393.275,393.72,56901
2026-05-15 13:30:00,393.67,394.0175,393.57,394.0175,100186
2026-05-15 13:35:00,394.0,394.34,393.35,393.57,77281
2026-05-15 13:40:00,393.6,393.68,393.25,393.265,43498
2026-05-15 13:45:00,393.28,393.395,392.79,392.81,53490
2026-05-15 13:50:00,392.82,393.26,392.78,393.1,72708
2026-05-15 13:55:00,393.075,393.26,392.94,393.055,53668
2026-05-15 14:00:00,393.08,393.46,393.075,393.17,89296
2026-05-15 14:05:00,393.22,393.75,393.155,393.41,64395
2026-05-15 14:10:00,393.41,393.57,393.05,393.075,39173
2026-05-15 14:15:00,393.06,393.18,392.13,392.19,59608
2026-05-15 14:20:00,392.2067,392.77,392.12,392.57,53145
2026-05-15 14:25:00,392.53,392.57,391.88,392.03,79953
2026-05-15 14:30:00,392.06,392.23,391.36,391.63,91538
2026-05-15 14:35:00,391.655,392.1345,391.655,392.125,63654
2026-05-15 14:40:00,392.15,392.15,391.74,392.1,42785
2026-05-15 14:45:00,392.1,392.385,391.95,392.36,70001
2026-05-15 14:50:00,392.33,392.75,392.0,392.665,47163
2026-05-15 14:55:00,392.62,392.9099,392.49,392.81,32700
2026-05-15 15:00:00,392.82,392.9,392.2,392.21,35302
2026-05-15 15:05:00,392.205,392.6211,392.16,392.46,33028
2026-05-15 15:10:00,392.4999,392.6299,392.22,392.5073,24527
2026-05-15 15:15:00,392.485,392.57,392.075,392.174,48323
2026-05-15 15:20:00,392.16,392.73,392.0297,392.21,40299
2026-05-15 15:25:00,392.21,392.45,392.175,392.37,34879
2026-05-15 15:30:00,392.33,392.81,392.33,392.56,53339
2026-05-15 15:35:00,392.62,392.85,392.42,392.81,38744
2026-05-15 15:40:00,392.83,393.14,392.77,392.8,111554
2026-05-15 15:45:00,392.8,393.46,392.71,393.285,99891
2026-05-15 15:50:00,393.25,393.285,391.65,392.31,273636
2026-05-15 15:55:00,392.27,393.53,392.02,393.37,818344
2026-05-15 16:00:00,393.37,393.37,392.06,392.1,3043953
2026-05-15 16:05:00,392.23,392.77,391.5,391.5,10052
2026-05-15 16:10:00,391.55,392.58,391.39,392.58,6546
2026-05-15 16:15:00,392.52,393.4,392.3677,393.4,5890
2026-05-15 16:20:00,393.04,393.04,392.9,392.9,571
2026-05-15 16:25:00,392.79,392.88,392.45,392.45,1961
2026-05-15 16:30:00,392.53,392.78,392.29,392.29,1029
2026-05-15 16:35:00,392.89,392.9907,392.78,392.9,973
2026-05-15 16:40:00,392.91,393.2,392.9,393.2,921
2026-05-15 16:45:00,393.1,393.31,392.94,392.94,1114
2026-05-15 16:50:00,392.92,393.0,392.92,393.0,439
2026-05-15 16:55:00,393.01,393.01,392.9,392.9988,1621
2026-05-15 17:00:00,393.0,393.17,392.9492,393.17,5098
2026-05-15 17:05:00,392.833,393.09,392.81,393.09,1374
2026-05-15 17:10:00,393.09,393.15,393.09,393.0901,1002
2026-05-15 17:15:00,393.09,393.15,393.0,393.15,718
2026-05-15 17:20:00,393.013,393.1,393.0,393.09,1019
2026-05-15 17:25:00,392.9,393.0,392.6955,392.6955,1187
2026-05-15 17:30:00,392.99,392.99,392.9545,392.9545,339
2026-05-15 17:35:00,393.0,393.0,392.8,392.8,100
2026-05-15 17:45:00,392.95,393.0,392.8024,392.8024,1133
2026-05-15 17:50:00,393.1,393.15,392.8,393.15,2143
2026-05-15 17:55:00,393.01,393.01,392.82,392.82,180
2026-05-15 18:00:00,392.88,392.9,392.5,392.505,1418
2026-05-15 18:05:00,392.97,393.0,392.56,393.0,188
2026-05-15 18:10:00,393.03,393.03,392.9793,392.9793,213
2026-05-15 18:15:00,392.9,392.95,392.9,392.91,198
2026-05-15 18:20:00,392.7,392.7,392.7,392.7,100
2026-05-15 18:25:00,392.76,392.78,392.57,392.57,208
2026-05-15 18:30:00,392.39,392.4,392.0,392.4,941
2026-05-15 18:35:00,392.41,392.51,392.41,392.51,99
2026-05-15 18:40:00,392.2,392.25,392.0,392.25,358
2026-05-15 18:45:00,392.3,392.5,392.1,392.45,1335
2026-05-15 18:50:00,392.065,392.448,392.065,392.448,539
2026-05-15 18:55:00,392.44,392.44,392.2,392.2,1432
2026-05-15 19:00:00,392.1,392.103,392.1,392.1,1020
2026-05-15 19:05:00,392.1,392.3958,392.1,392.3958,891
2026-05-15 19:10:00,392.45,392.45,392.16,392.45,406
2026-05-15 19:15:00,392.45,392.48,392.24,392.3,1393
2026-05-15 19:20:00,392.48,392.5,392.31,392.45,1405
2026-05-15 19:25:00,392.3,392.33,392.27,392.33,580
2026-05-15 19:30:00,392.3,392.3,392.25,392.25,231
2026-05-15 19:35:00,392.24,392.24,392.0,392.2,952
2026-05-15 19:40:00,392.0,392.2,392.0,392.078,560
2026-05-15 19:45:00,392.0,392.25,392.0,392.0078,675
2026-05-15 19:50:00,392.2,392.2,392.05,392.2,300
2026-05-15 19:55:00,392.1,392.11,392.0,392.0599,1540
2026-05-18 04:00:00,390.2,392.5,388.78,392.47,60224
2026-05-18 04:05:00,392.76,393.0,389.48,392.56,4809
2026-05-18 04:10:00,392.58,392.83,392.5,392.63,3274
2026-05-18 04:15:00,392.6546,392.6546,392.06,392.06,270
2026-05-18 04:20:00,392.6,392.8,392.56,392.56,1070
2026-05-18 04:25:00,392.75,392.81,392.74,392.81,614
2026-05-18 04:30:00,392.57,392.8,392.57,392.61,494
2026-05-18 04:35:00,392.67,392.67,392.2456,392.3,298
2026-05-18 04:40:00,392.45,392.45,391.9,392.2,631
2026-05-18 04:45:00,392.2,392.2,392.2,392.2,60
2026-05-18 04:50:00,392.48,392.57,392.35,392.55,1787
2026-05-18 04:55:00,392.45,392.47,392.38,392.47,751
2026-05-18 05:00:00,392.44,392.44,392.0482,392.13,643
2026-05-18 05:05:00,392.0,392.03,392.0,392.0,276
2026-05-18 05:10:00,391.84,392.0,391.77,391.92,640
2026-05-18 05:15:00,391.84,391.9,391.61,391.75,269
2026-05-18 05:20:00,391.75,391.75,391.1,391.46,4747
2026-05-18 05:25:00,391.16,391.16,391.0,391.15,940
2026-05-18 05:30:00,391.55,391.55,391.55,391.55,44
2026-05-18 05:35:00,391.58,391.62,391.55,391.62,863
2026-05-18 05:40:00,391.59,391.61,391.59,391.61,84
2026-05-18 05:45:00,391.4,391.52,391.4,391.52,82
2026-05-18 05:50:00,391.45,391.45,391.33,391.33,464
2026-05-18 05:55:00,391.45,391.5,391.45,391.5,230
2026-05-18 06:00:00,391.51,391.51,391.22,391.22,904
2026-05-18 06:05:00,391.0,391.0,391.0,391.0,120
2026-05-18 06:10:00,391.04,391.05,390.99,390.99,169
2026-05-18 06:15:00,391.0,391.13,391.0,391.05,1205
2026-05-18 06:20:00,390.94,390.95,390.9,390.95,573
2026-05-18 06:25:00,390.9798,390.9798,390.84,390.84,887
2026-05-18 06:30:00,390.88,390.89,390.77,390.77,292
2026-05-18 06:35:00,390.81,390.84,390.36,390.48,1310
2026-05-18 06:40:00,390.66,390.76,390.57,390.75,834
2026-05-18 06:45:00,390.93,391.1,390.93,391.1,299
2026-05-18 06:50:00,391.36,391.36,391.32,391.32,130
2026-05-18 06:55:00,391.0,391.0,391.0,391.0,60
2026-05-18 07:00:00,391.27,391.51,390.56,390.9256,3901
2026-05-18 07:05:00,391.0157,391.04,390.68,390.8,3352
2026-05-18 07:10:00,390.51,390.9,390.36,390.74,2889
2026-05-18 07:15:00,390.75,390.79,390.4085,390.6433,1712
2026-05-18 07:20:00,390.6,390.79,390.6,390.7,1395
2026-05-18 07:25:00,390.73,390.73,390.5,390.5,1034
2026-05-18 07:30:00,390.535,390.88,390.48,390.88,1373
2026-05-18 07:35:00,390.99,391.84,390.91,391.84,1679
2026-05-18 07:40:00,391.85,392.54,391.7,391.96,8010
2026-05-18 07:45:00,391.97,391.97,391.25,391.25,1277
2026-05-18 07:50:00,391.3,391.5,391.15,391.2,1678
2026-05-18 07:55:00,391.67,391.67,391.2,391.6,1391
2026-05-18 08:00:00,391.27,391.64,391.0,391.64,1160
2026-05-18 08:05:00,391.82,392.21,391.64,392.06,2200
2026-05-18 08:10:00,392.21,392.58,392.05,392.28,6163
2026-05-18 08:15:00,392.15,392.17,391.78,391.86,2067
2026-05-18 08:20:00,391.66,392.01,391.65,391.91,2293
2026-05-18 08:25:00,391.91,391.91,391.56,391.6551,550
2026-05-18 08:30:00,391.77,392.2,391.54,392.2,1125
2026-05-18 08:35:00,392.4,392.57,392.18,392.5308,2476
2026-05-18 08:40:00,392.64,392.92,392.35,392.92,4831
2026-05-18 08:45:00,392.87,393.9,392.87,393.58,11309
2026-05-18 08:50:00,393.79,394.03,393.51,393.64,7222
2026-05-18 08:55:00,393.5,394.08,393.18,394.0175,6693
2026-05-18 09:00:00,393.96,394.3188,393.49,393.7,8185
2026-05-18 09:05:00,393.56,393.8,393.1,393.11,5912
2026-05-18 09:10:00,393.23,393.23,392.56,393.0,6516
2026-05-18 09:15:00,392.8,392.8782,392.5,392.8095,2652
2026-05-18 09:20:00,392.89,392.98,392.5,392.79,3036
2026-05-18 09:25:00,392.57,392.57,391.0,392.0,16416
2026-05-18 09:30:00,392.125,394.42,390.9,394.1,677588
2026-05-18 09:35:00,394.1,400.38,393.98,399.43,1109400
2026-05-18 09:40:00,399.43,400.4,396.6,396.99,442144
2026-05-18 09:45:00,397.05,398.62,395.7858,398.565,285871
2026-05-18 09:50:00,398.565,401.47,398.565,401.245,414193
2026-05-18 09:55:00,401.245,402.42,401.1501,401.94,312320
2026-05-18 10:00:00,401.94,402.205,400.19,400.19,247572
2026-05-18 10:05:00,400.21,402.9,400.19,402.6,331879
2026-05-18 10:10:00,402.5,403.24,401.78,403.0797,285128
2026-05-18 10:15:00,403.04,404.3899,402.51,403.34,257342
2026-05-18 10:20:00,403.34,404.47,403.01,403.52,296733
2026-05-18 10:25:00,403.48,404.1,401.75,402.0,200475
2026-05-18 10:30:00,402.05,402.55,398.69,399.0201,236841
2026-05-18 10:35:00,398.96,400.26,397.93,399.77,282074
2026-05-18 10:40:00,399.8,401.33,399.28,400.55,167278
2026-05-18 10:45:00,400.56,400.77,399.495,400.4,142572
2026-05-18 10:50:00,400.505,401.64,400.1,400.3099,160758
2026-05-18 10:55:00,400.26,400.87,399.7,400.4,106395
2026-05-18 11:00:00,400.445,400.55,398.5602,399.025,160308
2026-05-18 11:05:00,399.09,399.6277,398.5,399.29,97827
2026-05-18 11:10:00,399.29,400.89,398.96,400.3132,126216
2026-05-18 11:15:00,400.355,400.45,399.555,399.75,99600
2026-05-18 11:20:00,399.685,400.0,399.12,399.6,86091
2026-05-18 11:25:00,399.62,400.02,398.28,398.32,125220
2026-05-18 11:30:00,398.355,399.79,398.2,399.56,136509
2026-05-18 11:35:00,399.6,400.0999,398.78,398.89,90376
2026-05-18 11:40:00,398.89,399.76,398.66,398.775,91100
2026-05-18 11:45:00,398.785,398.95,398.4,398.41,73290
2026-05-18 11:50:00,398.37,398.58,397.57,398.34,96213
2026-05-18 11:55:00,398.34,398.51,397.62,397.74,75801
2026-05-18 12:00:00,397.75,397.9,396.95,397.0,98763
2026-05-18 12:05:00,397.04,397.46,396.81,397.1,93005
2026-05-18 12:10:00,397.14,398.06,397.0,397.96,93305
2026-05-18 12:15:00,397.96,398.33,397.73,398.17,78299
2026-05-18 12:20:00,398.16,398.89,397.53,397.75,87300
2026-05-18 12:25:00,397.77,397.95,396.5,396.78,142306
2026-05-18 12:30:00,396.81,397.8784,396.19,397.2705,124519
2026-05-18 12:35:00,397.26,398.21,397.17,397.95,92670
2026-05-18 12:40:00,397.925,397.97,397.26,397.3,61459
2026-05-18 12:45:00,397.34,397.64,397.1,397.245,55932
2026-05-18 12:50:00,397.2863,398.08,397.13,397.92,56813
2026-05-18 12:55:00,397.95,398.43,397.7201,398.07,61004
2026-05-18 13:00:00,398.06,398.29,397.68,397.89,65859
2026-05-18 13:05:00,397.84,398.69,397.76,398.69,68366
2026-05-18 13:10:00,398.68,399.34,398.12,398.2125,96087
2026-05-18 13:15:00,398.225,398.92,398.225,398.67,55136
2026-05-18 13:20:00,398.68,398.9,398.18,398.25,69007
2026-05-18 13:25:00,398.24,398.53,398.0,398.3764,44806
2026-05-18 13:30:00,398.42,398.46,397.48,397.825,66246
2026-05-18 13:35:00,397.815,397.8525,397.14,397.375,49446
2026-05-18 13:40:00,397.385,398.22,397.32,397.839,53873
2026-05-18 13:45:00,397.814,397.88,397.3,397.66,55188
2026-05-18 13:50:00,397.65,398.14,397.61,397.845,51765
2026-05-18 13:55:00,397.845,397.9083,397.35,397.78,72378
2026-05-18 14:00:00,397.77,397.78,396.72,396.9,98964
2026-05-18 14:05:00,396.9089,397.13,396.545,396.645,82086
2026-05-18 14:10:00,396.65,396.875,396.29,396.35,77599
2026-05-18 14:15:00,396.33,396.345,395.0516,395.24,118056
2026-05-18 14:20:00,395.27,395.37,394.67,395.02,138744
2026-05-18 14:25:00,395.03,395.45,394.72,395.02,99196
2026-05-18 14:30:00,395.06,395.23,394.45,394.62,84217
2026-05-18 14:35:00,394.62,394.835,394.0601,394.116,70966
2026-05-18 14:40:00,394.12,394.49,393.945,394.18,85575
2026-05-18 14:45:00,394.14,394.43,393.72,393.81,88555
2026-05-18 14:50:00,393.86,394.16,393.63,393.74,60154
2026-05-18 14:55:00,393.71,393.98,393.1557,393.18,96964
2026-05-18 15:00:00,393.16,395.9399,393.0,394.85,195797
2026-05-18 15:05:00,394.85,395.6,394.58,395.01,124313
2026-05-18 15:10:00,395.01,395.1,394.505,394.635,99309
2026-05-18 15:15:00,394.68,394.78,393.95,394.4,92148
2026-05-18 15:20:00,394.365,394.57,393.54,393.59,91553
2026-05-18 15:25:00,393.6,393.73,393.04,393.52,98428
2026-05-18 15:30:00,393.55,393.99,393.24,393.765,101948
2026-05-18 15:35:00,393.8,394.04,393.58,393.9,85368
2026-05-18 15:40:00,393.865,394.46,393.81,394.26,112575
2026-05-18 15:45:00,394.25,394.39,393.71,394.17,108036
2026-05-18 15:50:00,394.22,394.33,393.24,393.745,265942
2026-05-18 15:55:00,393.7,393.7,392.17,393.16,591352
2026-05-18 16:00:00,393.16,393.5,392.72,393.4,2518394
2026-05-18 16:05:00,393.5,393.5,393.11,393.35,3537
2026-05-18 16:10:00,393.48,393.48,392.88,392.88,8601
2026-05-18 16:15:00,393.01,393.3,392.9,392.9,3304
2026-05-18 16:20:00,393.11,393.11,392.83,392.86,2131
2026-05-18 16:25:00,393.09,393.39,392.9882,393.25,3651
2026-05-18 16:30:00,393.3,393.46,393.3,393.46,7864
2026-05-18 16:35:00,393.35,393.3552,393.25,393.3552,486
2026-05-18 16:40:00,393.36,393.4,393.35,393.37,1274
2026-05-18 16:45:00,393.4,393.4,393.3,393.32,1028
2026-05-18 16:50:00,393.4,393.4,393.3,393.3,370
2026-05-18 16:55:00,393.3,393.43,393.3,393.4,2378
2026-05-18 17:00:00,393.4,393.44,393.4,393.42,351
2026-05-18 17:05:00,393.43,393.61,393.4,393.61,5699
2026-05-18 17:10:00,393.63,393.6498,393.5,393.5,4647
2026-05-18 17:15:00,393.5525,393.61,393.5,393.58,1735
2026-05-18 17:20:00,393.5734,393.62,393.5,393.5,318
2026-05-18 17:25:00,393.502,393.502,393.5,393.5,200
2026-05-18 17:30:00,393.5001,393.6,393.5,393.5999,1200
2026-05-18 17:35:00,393.6,393.62,393.53,393.62,2845
2026-05-18 17:40:00,393.62,393.62,393.5,393.52,2941
2026-05-18 17:45:00,393.62,393.62,393.52,393.62,4289
2026-05-18 17:50:00,393.69,393.9,393.69,393.9,1027
2026-05-18 17:55:00,394.0,394.13,394.0,394.01,4671
2026-05-18 18:00:00,394.07,394.2,394.0,394.2,947
2026-05-18 18:05:00,394.27,394.41,394.1,394.4,1691
2026-05-18 18:10:00,394.49,394.6175,394.3,394.37,2002
2026-05-18 18:15:00,394.25,394.64,394.25,394.64,860
2026-05-18 18:20:00,394.5,394.8,394.5,394.76,4000
2026-05-18 18:25:00,394.79,395.11,394.78,395.11,4368
2026-05-18 18:30:00,395.1,396.0,395.1,395.9,3328
2026-05-18 18:35:00,396.0,396.0,395.6,395.83,2970
2026-05-18 18:40:00,396.0695,396.08,395.6,395.75,799
2026-05-18 18:45:00,395.75,395.75,395.07,395.27,3349
2026-05-18 18:50:00,395.34,395.56,395.34,395.4,539
2026-05-18 18:55:00,395.3215,395.71,395.3215,395.7,956
2026-05-18 19:00:00,395.61,396.0,395.45,396.0,2301
2026-05-18 19:05:00,396.01,396.06,395.75,395.95,9135
2026-05-18 19:10:00,395.6085,395.6085,395.51,395.51,278
2026-05-18 19:15:00,395.29,395.5,395.152,395.26,1236
2026-05-18 19:20:00,395.27,395.4,395.2246,395.3,3386
2026-05-18 19:25:00,395.3715,395.54,395.2825,395.54,526
2026-05-18 19:30:00,395.45,395.54,395.15,395.525,1561
2026-05-18 19:35:00,395.5372,395.5372,395.3,395.5369,751
2026-05-18 19:40:00,395.54,395.62,395.54,395.55,663
2026-05-18 19:45:00,395.52,395.53,395.31,395.4,943
2026-05-18 19:50:00,395.35,395.4988,395.0737,395.0737,2632
2026-05-18 19:55:00,395.065,395.5,395.0,395.4568,3046
2026-05-19 04:00:00,395.52,397.65,394.94,397.22,37174
2026-05-19 04:05:00,397.29,397.63,396.4,397.44,3628
2026-05-19 04:10:00,397.52,397.71,396.98,396.98,6187
2026-05-19 04:15:00,397.17,400.0,396.9,397.13,4786
2026-05-19 04:20:00,397.11,400.0,396.8,396.92,4980
2026-05-19 04:25:00,396.92,397.74,396.42,397.31,5315
2026-05-19 04:30:00,397.32,399.0,397.0,397.42,6216
2026-05-19 04:35:00,397.39,397.5927,397.0,397.2,1587
2026-05-19 04:40:00,397.41,397.58,397.05,397.05,2098
2026-05-19 04:45:00,397.03,397.03,396.77,396.77,783
2026-05-19 04:50:00,396.69,396.83,396.41,396.43,3007
2026-05-19 04:55:00,396.69,396.9,396.38,396.38,664
2026-05-19 05:00:00,396.42,396.8,396.0597,396.51,2915
2026-05-19 05:05:00,396.44,396.47,396.19,396.37,979
2026-05-19 05:10:00,396.38,396.5,395.9,396.06,2342
2026-05-19 05:15:00,396.0,396.01,395.5,395.78,1191
2026-05-19 05:20:00,395.7,395.83,395.7,395.83,80
2026-05-19 05:25:00,395.78,395.78,395.19,395.19,1249
2026-05-19 05:30:00,395.26,395.34,394.5,394.61,2999
2026-05-19 05:35:00,394.65,395.12,394.6,395.03,2499
2026-05-19 05:40:00,395.07,395.07,394.5,394.6,1075
2026-05-19 05:45:00,394.62,395.06,394.55,395.0,2068
2026-05-19 05:50:00,395.22,395.51,394.97,395.38,2594
2026-05-19 05:55:00,395.16,395.67,395.16,395.31,1576
2026-05-19 06:00:00,395.37,395.37,395.31,395.31,80
2026-05-19 06:05:00,395.29,395.32,395.11,395.12,466
2026-05-19 06:10:00,395.14,395.28,394.93,395.28,354
2026-05-19 06:15:00,395.27,395.3,394.97,395.25,764
2026-05-19 06:20:00,395.13,395.13,395.13,395.13,417
2026-05-19 06:25:00,395.15,395.15,394.97,395.0,932
2026-05-19 06:30:00,394.96,395.1,394.86,395.1,1085
2026-05-19 06:35:00,395.0,395.0,394.13,394.29,2233
2026-05-19 06:40:00,394.25,394.3,393.81,393.81,1636
2026-05-19 06:45:00,393.85,394.66,393.6946,394.66,2292
2026-05-19 06:50:00,394.54,394.71,394.49,394.5,669
2026-05-19 06:55:00,394.75,395.0,394.74,394.85,310
2026-05-19 07:00:00,394.87,395.18,394.5711,395.18,6252
2026-05-19 07:05:00,395.0,395.46,395.0,395.44,605
2026-05-19 07:10:00,395.97,395.97,395.21,395.7771,3295
2026-05-19 07:15:00,395.34,395.62,395.34,395.62,1083
2026-05-19 07:20:00,395.09,395.59,395.0,395.15,1064
2026-05-19 07:25:00,395.05,395.15,395.05,395.1,252
2026-05-19 07:30:00,395.05,395.5,395.05,395.49,4079
2026-05-19 07:35:00,395.5,395.52,395.01,395.05,3123
2026-05-19 07:40:00,395.31,395.31,394.9,394.9857,7299
2026-05-19 07:45:00,394.89,394.94,394.41,394.7,3217
2026-05-19 07:50:00,394.73,395.08,394.65,394.91,3176
2026-05-19 07:55:00,394.7,394.74,394.52,394.58,3995
2026-05-19 08:00:00,394.5,394.87,394.11,394.71,5225
2026-05-19 08:05:00,394.84,395.1,394.51,394.6695,4983
2026-05-19 08:10:00,394.9,394.9,394.63,394.79,1434
2026-05-19 08:15:00,394.78,394.97,394.6,394.97,2803
2026-05-19 08:20:00,394.97,395.1,394.84,394.97,5553
2026-05-19 08:25:00,394.97,395.26,394.59,395.22,6340
2026-05-19 08:30:00,395.15,395.6416,395.1,395.46,7107
2026-05-19 08:35:00,395.57,396.72,395.5,396.61,4664
2026-05-19 08:40:00,396.32,397.04,396.32,396.8,6865
2026-05-19 08:45:00,396.94,397.35,396.63,397.35,7770
2026-05-19 08:50:00,397.39,397.4,396.9,397.38,7381
2026-05-19 08:55:00,397.36,397.36,396.43,396.45,1592
2026-05-19 09:00:00,396.47,396.5643,396.0,396.07,5526
2026-05-19 09:05:00,396.07,396.22,395.0,395.18,10479
2026-05-19 09:10:00,395.02,396.2,394.84,396.18,9162
2026-05-19 09:15:00,396.19,396.2322,395.2182,395.36,7570
2026-05-19 09:20:00,395.44,395.44,394.8,395.17,7685
2026-05-19 09:25:00,395.12,395.12,392.83,393.1,22484
2026-05-19 09:30:00,393.32,393.3627,388.88,388.95,666073
2026-05-19 09:35:00,388.93,389.42,387.7101,388.28,276131
2026-05-19 09:40:00,388.29,389.04,386.0,386.0,303382
2026-05-19 09:45:00,386.02,386.92,384.65,385.27,339260
2026-05-19 09:50:00,385.29,386.1,384.05,385.9,322491
2026-05-19 09:55:00,385.85,387.5,385.1801,387.25,280713
2026-05-19 10:00:00,387.19,388.24,386.94,388.08,305646
2026-05-19 10:05:00,388.025,389.205,386.83,389.19,342514
2026-05-19 10:10:00,389.23,389.9,387.95,387.95,219930
2026-05-19 10:15:00,387.85,387.85,386.1,386.56,192023
2026-05-19 10:20:00,386.54,387.02,384.5,385.81,274153
2026-05-19 10:25:00,385.89,386.88,385.085,386.585,219296
2026-05-19 10:30:00,386.63,387.51,386.14,386.93,207018
2026-05-19 10:35:00,386.95,387.73,386.9,387.17,144062
2026-05-19 10:40:00,387.13,388.05,385.9,386.1599,154900
2026-05-19 10:45:00,386.07,386.28,384.7,385.28,162852
2026-05-19 10:50:00,385.29,386.18,384.88,385.725,120968
2026-05-19 10:55:00,385.64,386.2,385.24,386.05,103914
2026-05-19 11:00:00,386.04,386.5,385.7,385.885,127227
2026-05-19 11:05:00,385.9,386.01,385.0,385.98,137362
2026-05-19 11:10:00,386.0,386.37,385.32,385.66,91427
2026-05-19 11:15:00,385.67,385.815,384.81,384.81,101547
2026-05-19 11:20:00,384.8399,385.21,383.97,384.051,196614
2026-05-19 11:25:00,384.0275,384.3,383.45,383.91,145640
2026-05-19 11:30:00,383.84,385.27,383.75,385.04,227203
2026-05-19 11:35:00,385.03,385.09,384.26,384.5904,97025
2026-05-19 11:40:00,384.5,384.77,383.92,384.735,115929
2026-05-19 11:45:00,384.7275,384.735,383.91,384.405,128080
2026-05-19 11:50:00,384.4399,384.47,383.75,384.09,131034
2026-05-19 11:55:00,384.055,384.06,383.4,383.86,122567
2026-05-19 12:00:00,383.88,384.765,383.75,384.765,108654
2026-05-19 12:05:00,384.765,385.0799,384.05,384.095,91796
2026-05-19 12:10:00,384.07,384.26,383.0,383.18,145679
2026-05-19 12:15:00,383.19,384.57,383.16,384.4,135703
2026-05-19 12:20:00,384.39,384.82,384.26,384.62,96363
2026-05-19 12:25:00,384.6,385.13,384.6,384.81,105812
2026-05-19 12:30:00,384.837,385.46,384.62,385.09,94486
2026-05-19 12:35:00,385.09,385.1,384.37,384.91,91910
2026-05-19 12:40:00,384.97,385.0,384.375,384.64,62440
2026-05-19 12:45:00,384.655,384.97,384.2013,384.3086,121403
2026-05-19 12:50:00,384.31,386.5,384.11,386.469,118760
2026-05-19 12:55:00,386.43,386.96,386.4,386.7,124651
2026-05-19 13:00:00,386.77,388.03,386.45,387.9,124605
2026-05-19 13:05:00,387.93,388.9,387.9,388.24,122910
2026-05-19 13:10:00,388.23,388.5,387.821,388.05,178910
2026-05-19 13:15:00,388.07,389.4499,388.0,389.059,182839
2026-05-19 13:20:00,389.06,390.39,388.985,389.73,245771
2026-05-19 13:25:00,389.71,390.2,387.39,388.24,210723
2026-05-19 13:30:00,388.18,388.66,386.8,386.88,94611
2026-05-19 13:35:00,386.94,387.5,386.5,386.8,105859
2026-05-19 13:40:00,386.81,387.0,386.32,386.59,68932
2026-05-19 13:45:00,386.63,386.8,386.23,386.46,99954
2026-05-19 13:50:00,386.52,386.9,386.26,386.89,76330
2026-05-19 13:55:00,386.92,388.29,386.89,388.095,170998
2026-05-19 14:00:00,388.14,388.32,387.655,388.13,82546
2026-05-19 14:05:00,388.155,388.22,387.5,387.59,81350
2026-05-19 14:10:00,387.56,387.935,387.36,387.525,68182
2026-05-19 14:15:00,387.525,387.785,386.5,386.615,76618
2026-05-19 14:20:00,386.66,387.22,386.55,386.8501,102653
2026-05-19 14:25:00,386.895,387.35,386.4601,386.63,64647
2026-05-19 14:30:00,386.6,386.76,386.39,386.7077,66416
2026-05-19 14:35:00,386.7177,386.86,386.31,386.43,48415
2026-05-19 14:40:00,386.43,386.5799,386.19,386.27,37839
2026-05-19 14:45:00,386.244,386.37,385.69,386.31,75105
2026-05-19 14:50:00,386.3,386.31,385.21,385.31,91324
2026-05-19 14:55:00,385.26,385.7,385.02,385.66,79939
2026-05-19 15:00:00,385.61,385.82,385.11,385.51,75820
2026-05-19 15:05:00,385.5689,385.94,385.19,385.765,58112
2026-05-19 15:10:00,385.775,386.22,385.41,386.18,96033
2026-05-19 15:15:00,386.19,386.75,386.01,386.57,110679
2026-05-19 15:20:00,386.56,386.67,385.57,385.62,138197
2026-05-19 15:25:00,385.57,386.3899,385.34,386.25,88171
2026-05-19 15:30:00,386.26,386.31,385.73,385.775,75050
2026-05-19 15:35:00,385.805,385.86,385.52,385.74,69151
2026-05-19 15:40:00,385.71,385.82,385.2,385.275,79631
2026-05-19 15:45:00,385.275,385.375,384.97,385.05,142602
2026-05-19 15:50:00,385.03,385.29,384.33,384.75,347844
2026-05-19 15:55:00,384.715,385.04,383.84,384.94,1301933
2026-05-19 16:00:00,384.97,385.17,384.37,384.563,2515984
2026-05-19 16:05:00,384.5,385.07,384.5,384.94,2864
2026-05-19 16:10:00,384.9,385.01,384.8,384.88,2023
2026-05-19 16:15:00,385.0,385.04,384.84,384.98,2140
2026-05-19 16:20:00,384.8956,385.0,384.73,384.73,3810
2026-05-19 16:25:00,384.8,384.9,384.6,384.6001,3653
2026-05-19 16:30:00,384.58,384.6,384.4,384.43,3119
2026-05-19 16:35:00,384.4,384.81,384.3792,384.71,6518
2026-05-19 16:40:00,384.74,384.74,384.38,384.61,3139
2026-05-19 16:45:00,384.6,384.68,384.54,384.67,2411
2026-05-19 16:50:00,384.62,384.76,384.62,384.6754,3012
2026-05-19 16:55:00,384.6969,384.7736,384.48,384.66,1323
2026-05-19 17:00:00,384.7527,384.81,384.6708,384.77,573
2026-05-19 17:05:00,384.77,384.81,384.77,384.81,1080
2026-05-19 17:10:00,384.725,384.81,384.725,384.8,1004
2026-05-19 17:15:00,384.825,384.92,384.825,384.85,485
2026-05-19 17:20:00,384.65,384.79,384.65,384.79,2471
2026-05-19 17:25:00,384.75,384.82,384.5,384.5,5172
2026-05-19 17:30:00,384.5014,384.7,384.2825,384.2883,2101
2026-05-19 17:35:00,384.33,384.3901,384.23,384.39,2979
2026-05-19 17:40:00,384.4,384.4915,384.4,384.4915,230
2026-05-19 17:45:00,384.4,384.4788,384.308,384.308,853
2026-05-19 17:50:00,384.38,384.4,384.33,384.33,819
2026-05-19 17:55:00,384.35,384.39,384.35,384.36,854
2026-05-19 18:00:00,384.4934,384.4934,384.3,384.3,546
2026-05-19 18:05:00,384.5,384.7,384.4993,384.7,1725
2026-05-19 18:10:00,384.7088,384.7088,384.5,384.51,919
2026-05-19 18:15:00,384.5,384.5,384.25,384.25,2069
2026-05-19 18:20:00,384.28,384.48,384.22,384.4697,1594
2026-05-19 18:25:00,384.35,384.35,384.05,384.3132,1412
2026-05-19 18:30:00,384.29,384.29,384.0,384.05,4103
2026-05-19 18:35:00,384.05,384.18,384.0,384.18,3283
2026-05-19 18:40:00,384.1,384.1608,384.01,384.11,473
2026-05-19 18:45:00,384.1,384.1579,384.01,384.1579,2018
2026-05-19 18:50:00,384.1,384.19,384.0,384.0004,1331
2026-05-19 18:55:00,384.0695,384.15,384.0695,384.1235,191
2026-05-19 19:00:00,384.15,384.15,384.0195,384.1,2228
2026-05-19 19:05:00,384.02,384.2,384.02,384.2,827
2026-05-19 19:10:00,384.28,384.7,384.28,384.66,2938
2026-05-19 19:15:00,384.4,384.84,384.3,384.83,1682
2026-05-19 19:20:00,384.88,384.88,384.67,384.84,1579
2026-05-19 19:25:00,384.7735,384.84,384.6607,384.6607,366
2026-05-19 19:30:00,384.75,385.19,384.7,384.9142,3777
2026-05-19 19:35:00,385.2,385.2,384.92,384.92,739
2026-05-19 19:40:00,385.0,385.07,384.94,384.98,960
2026-05-19 19:45:00,385.05,385.23,384.8,385.1045,6433
2026-05-19 19:50:00,385.15,385.15,384.81,384.9099,6042
2026-05-19 19:55:00,385.0,385.07,384.881,385.07,3796
2026-05-20 04:00:00,386.39,387.0,384.11,386.7,26578
2026-05-20 04:05:00,386.4,386.85,384.15,386.73,1730
2026-05-20 04:10:00,386.0,386.28,385.98,386.25,1374
2026-05-20 04:15:00,386.32,386.33,386.13,386.24,1110
2026-05-20 04:20:00,386.4,386.4,385.97,386.1609,768
2026-05-20 04:25:00,386.26,386.41,386.26,386.41,375
2026-05-20 04:30:00,386.64,386.73,386.64,386.72,220
2026-05-20 04:35:00,386.948,387.2,386.8,387.13,1190
2026-05-20 04:40:00,387.13,387.41,387.12,387.16,2705
2026-05-20 04:45:00,387.09,387.39,386.98,386.98,2416
2026-05-20 04:50:00,387.03,387.18,386.86,387.18,988
2026-05-20 04:55:00,386.72,386.82,386.66,386.66,1386
2026-05-20 05:00:00,386.7,386.77,386.7,386.77,90
2026-05-20 05:05:00,386.64,386.64,386.56,386.58,724
2026-05-20 05:10:00,386.59,386.69,386.373,386.45,1037
2026-05-20 05:15:00,386.39,386.62,386.29,386.31,1452
2026-05-20 05:20:00,386.65,386.65,386.45,386.45,839
2026-05-20 05:25:00,386.48,386.62,386.42,386.61,1698
2026-05-20 05:30:00,386.6,386.8,386.51,386.78,2136
2026-05-20 05:35:00,386.8091,386.8845,386.68,386.82,1209
2026-05-20 05:40:00,387.0,387.18,386.59,386.66,4038
2026-05-20 05:45:00,386.68,386.72,386.6,386.6,1351
2026-05-20 05:50:00,386.45,386.78,386.45,386.5,3282
2026-05-20 05:55:00,386.53,386.53,386.0,386.16,346
2026-05-20 06:00:00,386.27,386.27,385.7,385.81,5124
2026-05-20 06:05:00,385.9,386.31,385.88,386.0,1096
2026-05-20 06:10:00,386.0,386.2,385.9,386.2,1061
2026-05-20 06:15:00,386.18,386.18,385.86,386.0,2106
2026-05-20 06:20:00,385.81,385.81,385.5,385.5,1961
2026-05-20 06:25:00,385.54,385.54,385.45,385.5,1954
2026-05-20 06:30:00,385.98,385.98,385.98,385.98,50
2026-05-20 06:35:00,386.16,386.32,386.16,386.31,461
2026-05-20 06:40:00,386.08,386.1075,386.0,386.06,971
2026-05-20 06:45:00,386.0,386.28,386.0,386.03,594
2026-05-20 06:50:00,386.0,386.0,385.9567,385.9567,145
2026-05-20 06:55:00,385.87,386.0,385.81,385.81,614
2026-05-20 07:00:00,385.82,386.27,385.77,385.85,3522
2026-05-20 07:05:00,385.95,386.2,385.898,386.05,3072
2026-05-20 07:10:00,385.9,386.05,385.8,385.8,2878
2026-05-20 07:15:00,385.8692,385.9548,385.81,385.8404,1200
2026-05-20 07:20:00,385.91,386.1,385.83,385.94,6795
2026-05-20 07:25:00,385.8204,385.93,385.8,385.93,5210
2026-05-20 07:30:00,386.0,386.14,386.0,386.11,998
2026-05-20 07:35:00,386.11,386.11,385.91,385.9932,1015
2026-05-20 07:40:00,385.9966,385.9966,385.63,385.68,2195
2026-05-20 07:45:00,385.61,385.6891,385.0,385.0,7787
2026-05-20 07:50:00,385.13,385.29,384.861,385.25,4477
2026-05-20 07:55:00,385.247,385.53,385.242,385.242,750
2026-05-20 08:00:00,385.2,385.57,385.16,385.57,3240
2026-05-20 08:05:00,385.6,385.66,385.27,385.27,15402
2026-05-20 08:10:00,385.25,385.5,385.15,385.48,2570
2026-05-20 08:15:00,385.42,385.5089,385.25,385.25,4858
2026-05-20 08:20:00,385.3,385.48,385.1,385.48,2041
2026-05-20 08:25:00,385.4,385.66,385.4,385.6468,1340
2026-05-20 08:30:00,385.65,385.75,385.4,385.75,2862
2026-05-20 08:35:00,385.65,385.81,385.61,385.7682,4883
2026-05-20 08:40:00,385.74,385.7488,385.44,385.65,3491
2026-05-20 08:45:00,385.5695,385.8,385.53,385.53,2115
2026-05-20 08:50:00,385.59,385.59,385.06,385.12,4714
2026-05-20 08:55:00,385.14,385.3,384.73,384.73,4235
2026-05-20 09:00:00,384.79,384.82,384.36,384.4019,9507
2026-05-20 09:05:00,384.55,384.89,384.39,384.89,4289
2026-05-20 09:10:00,384.73,384.8,384.33,384.6234,4285
2026-05-20 09:15:00,384.7799,384.7799,384.4,384.5,3750
2026-05-20 09:20:00,384.5104,385.02,384.5104,385.02,4600
2026-05-20 09:25:00,385.01,385.55,384.11,385.22,17954
2026-05-20 09:30:00,385.27,390.6999,384.5,389.86,697598
2026-05-20 09:35:00,389.6701,390.385,385.59,386.01,269096
2026-05-20 09:40:00,385.9857,387.15,384.99,385.87,209611
2026-05-20 09:45:00,385.89,386.4075,384.77,385.355,179909
2026-05-20 09:50:00,385.34,385.7,383.8,383.91,223684
2026-05-20 09:55:00,383.8501,384.31,382.4,384.0,237695
2026-05-20 10:00:00,384.035,384.035,381.76,381.89,174011
2026-05-20 10:05:00,381.83,382.29,380.9,381.43,215090
2026-05-20 10:10:00,381.3904,382.14,380.0,381.42,247785
2026-05-20 10:15:00,381.46,383.16,381.41,382.92,232427
2026-05-20 10:20:00,382.9,384.0699,382.9,383.3,178562
2026-05-20 10:25:00,383.3,383.4,381.89,382.16,164519
2026-05-20 10:30:00,382.09,382.77,381.8,381.86,138159
2026-05-20 10:35:00,381.875,382.4,381.62,381.8952,122886
2026-05-20 10:40:00,381.85,382.29,381.345,382.265,114948
2026-05-20 10:45:00,382.29,382.37,381.4,381.6,111955
2026-05-20 10:50:00,381.6323,382.2982,381.18,382.255,105586
2026-05-20 10:55:00,382.2,382.8,381.86,382.47,94430
2026-05-20 11:00:00,382.38,383.0,382.0,382.085,100383
2026-05-20 11:05:00,382.09,382.4799,381.26,381.55,109120
2026-05-20 11:10:00,381.55,381.71,381.25,381.5101,79701
2026-05-20 11:15:00,381.57,383.7,381.57,382.255,214985
2026-05-20 11:20:00,382.27,382.9,381.98,382.17,89735
2026-05-20 11:25:00,382.17,382.27,381.1,381.15,199147
2026-05-20 11:30:00,381.19,381.82,381.06,381.3632,119364
2026-05-20 11:35:00,381.42,381.84,381.3,381.73,87150
2026-05-20 11:40:00,381.765,382.44,381.66,382.44,75524
2026-05-20 11:45:00,382.38,383.8499,382.34,383.82,163190
2026-05-20 11:50:00,383.82,384.08,383.43,383.69,120036
2026-05-20 11:55:00,383.7376,383.81,382.87,383.24,80582
2026-05-20 12:00:00,383.23,383.79,383.0,383.65,65596
2026-05-20 12:05:00,383.5999,383.5999,382.88,383.0399,63617
2026-05-20 12:10:00,383.01,383.18,382.55,382.8999,59530
2026-05-20 12:15:00,382.9,382.9199,382.31,382.41,48622
2026-05-20 12:20:00,382.42,382.53,381.71,382.24,72787
2026-05-20 12:25:00,382.15,382.22,381.85,382.195,60704
2026-05-20 12:30:00,382.195,382.3699,381.51,381.54,56889
2026-05-20 12:35:00,381.55,382.0,381.3682,381.59,92132
2026-05-20 12:40:00,381.56,382.5,381.4635,382.5,53737
2026-05-20 12:45:00,382.505,382.51,381.61,381.89,52023
2026-05-20 12:50:00,381.8754,382.33,381.8701,382.24,40477
2026-05-20 12:55:00,382.25,382.38,381.5,382.07,51410
2026-05-20 13:00:00,382.055,382.37,381.75,381.8775,51733
2026-05-20 13:05:00,381.82,381.8699,381.13,381.2699,70039
2026-05-20 13:10:00,381.235,382.41,380.98,382.098,153848
2026-05-20 13:15:00,382.11,382.405,381.825,382.01,44333
2026-05-20 13:20:00,382.015,382.1,381.47,381.66,54839
2026-05-20 13:25:00,381.6183,382.1,381.53,382.08,51961
2026-05-20 13:30:00,382.09,382.3,381.3,381.33,74677
2026-05-20 13:35:00,381.4199,382.28,381.23,381.87,82758
2026-05-20 13:40:00,381.82,382.01,381.61,381.66,39997
2026-05-20 13:45:00,381.65,381.77,381.28,381.485,49879
2026-05-20 13:50:00,381.48,381.93,381.38,381.65,64101
2026-05-20 13:55:00,381.65,382.63,381.62,382.4201,76210
2026-05-20 14:00:00,382.46,382.98,381.94,382.97,109356
2026-05-20 14:05:00,382.945,383.6875,382.85,383.19,125386
2026-05-20 14:10:00,383.2,383.48,382.95,382.97,49917
2026-05-20 14:15:00,382.95,383.42,382.9082,383.2003,60456
2026-05-20 14:20:00,383.2105,383.62,382.73,382.74,65837
2026-05-20 14:25:00,382.68,383.2,382.56,383.19,52058
2026-05-20 14:30:00,383.1994,383.23,382.76,383.1,39984
2026-05-20 14:35:00,383.02,383.91,382.901,383.79,74632
2026-05-20 14:40:00,383.785,383.9,383.46,383.475,91792
2026-05-20 14:45:00,383.475,383.89,383.405,383.48,75496
2026-05-20 14:50:00,383.5,384.08,383.4316,383.99,88817
2026-05-20 14:55:00,383.955,384.2799,383.791,384.009,114391
2026-05-20 15:00:00,384.0,384.23,383.64,383.67,46659
2026-05-20 15:05:00,383.66,383.66,382.97,383.19,89631
2026-05-20 15:10:00,383.14,383.61,383.02,383.47,91359
2026-05-20 15:15:00,383.48,383.98,383.14,383.795,72311
2026-05-20 15:20:00,383.82,384.22,383.69,383.89,105639
2026-05-20 15:25:00,383.88,384.43,383.81,384.13,85605
2026-05-20 15:30:00,384.08,384.42,383.74,384.08,96845
2026-05-20 15:35:00,384.08,384.74,384.08,384.5,94868
2026-05-20 15:40:00,384.485,384.74,384.39,384.4,100139
2026-05-20 15:45:00,384.39,384.72,383.99,384.61,139733
2026-05-20 15:50:00,384.51,385.22,384.03,384.82,291426
2026-05-20 15:55:00,384.83,385.33,384.1201,384.89,686105
2026-05-20 16:00:00,384.89,385.2,384.41,385.2,2119403
2026-05-20 16:05:00,385.06,385.32,385.03,385.13,5886
2026-05-20 16:10:00,385.06,385.21,384.97,385.05,2697
2026-05-20 16:15:00,384.9844,385.11,384.8515,385.02,3635
2026-05-20 16:20:00,385.02,385.11,384.85,384.9025,5541
2026-05-20 16:25:00,384.96,385.0,384.75,384.76,2801
2026-05-20 16:30:00,384.86,384.94,384.2,384.3,5501
2026-05-20 16:35:00,384.26,384.3,383.78,383.9,2988
2026-05-20 16:40:00,383.9158,384.4,383.89,384.17,5797
2026-05-20 16:45:00,384.19,384.37,384.1186,384.37,2236
2026-05-20 16:50:00,384.1769,384.36,383.94,383.94,2680
2026-05-20 16:55:00,383.84,384.3696,383.84,384.3696,4246
2026-05-20 17:00:00,384.37,384.49,384.28,384.36,1493
2026-05-20 17:05:00,384.5,384.7,384.5,384.51,673
2026-05-20 17:10:00,384.56,384.6,384.51,384.52,367
2026-05-20 17:15:00,384.67,384.67,384.67,384.67,450
2026-05-20 17:20:00,384.35,384.6,384.35,384.4,1574
2026-05-20 17:25:00,384.33,384.6,384.2,384.3,1299
2026-05-20 17:30:00,384.25,384.6,384.25,384.551,691
2026-05-20 17:35:00,384.5,384.6,384.35,384.3978,959
2026-05-20 17:40:00,384.518,384.6404,384.518,384.6404,513
2026-05-20 17:45:00,384.67,384.82,384.5677,384.5677,699
2026-05-20 17:50:00,384.61,384.82,384.61,384.82,264
2026-05-20 17:55:00,384.82,384.8888,384.5,384.5,1669
2026-05-20 18:00:00,384.3,384.63,384.01,384.01,1485
2026-05-20 18:05:00,384.0,384.15,383.0,383.0,3538
2026-05-20 18:10:00,383.0,383.45,382.69,383.4,2610
2026-05-20 18:15:00,383.4,383.4,382.5,382.6296,2250
2026-05-20 18:20:00,382.99,383.06,382.813,382.813,1714
2026-05-20 18:25:00,382.97,383.36,382.81,383.25,2947
2026-05-20 18:30:00,383.25,383.58,383.25,383.58,595
2026-05-20 18:35:00,383.76,383.76,383.6,383.76,505
2026-05-20 18:40:00,383.55,383.55,383.1,383.15,1369
2026-05-20 18:45:00,383.15,383.35,382.95,383.35,1542
2026-05-20 18:50:00,383.21,383.76,383.15,383.37,2081
2026-05-20 18:55:00,383.47,383.9,383.3,383.34,1560
2026-05-20 19:00:00,383.69,383.69,383.57,383.57,1737
2026-05-20 19:05:00,383.69,383.69,383.31,383.31,272
2026-05-20 19:10:00,383.74,383.75,383.74,383.75,174
2026-05-20 19:15:00,383.77,383.87,383.7,383.7,424
2026-05-20 19:20:00,383.78,383.8083,383.7,383.7,323
2026-05-20 19:25:00,383.6,383.64,383.49,383.6,403
2026-05-20 19:30:00,383.2009,383.6,383.2,383.6,1661
2026-05-20 19:35:00,383.5653,383.75,383.46,383.6177,1561
2026-05-20 19:40:00,383.73,383.78,383.73,383.78,163
2026-05-20 19:45:00,383.62,383.97,383.62,383.97,390
2026-05-20 19:50:00,383.9577,384.0,383.82,384.0,1077
2026-05-20 19:55:00,384.02,384.19,383.7,383.74,2058
2026-05-21 04:00:00,385.86,386.18,383.2076,384.72,33628
2026-05-21 04:05:00,385.0,385.01,383.81,384.9,2328
2026-05-21 04:10:00,384.83,385.5,384.83,385.47,3057
2026-05-21 04:15:00,385.58,385.9,385.36,385.53,2026
2026-05-21 04:20:00,385.33,385.56,385.24,385.54,1473
2026-05-21 04:25:00,385.28,385.56,385.28,385.56,292
2026-05-21 04:30:00,385.69,385.69,385.68,385.68,278
2026-05-21 04:35:00,385.85,385.85,385.58,385.58,254
2026-05-21 04:40:00,385.55,385.9,385.55,385.9,629
2026-05-21 04:45:00,385.82,385.84,385.82,385.84,136
2026-05-21 04:50:00,385.85,385.94,385.55,385.55,560
2026-05-21 04:55:00,385.84,385.84,385.66,385.66,1185
2026-05-21 05:00:00,385.66,385.7,385.65,385.7,392
2026-05-21 05:05:00,385.68,385.8,385.68,385.8,100
2026-05-21 05:10:00,385.74,385.75,385.72,385.75,361
2026-05-21 05:15:00,385.9824,386.08,385.97,386.06,1051
2026-05-21 05:20:00,386.08,386.13,385.99,385.99,512
2026-05-21 05:25:00,386.09,386.2472,386.09,386.2472,478
2026-05-21 05:30:00,386.25,386.36,386.13,386.13,787
2026-05-21 05:35:00,386.32,386.4,386.29,386.3,632
2026-05-21 05:40:00,386.32,386.37,386.0,386.0,958
2026-05-21 05:45:00,385.92,386.03,385.78,386.03,534
2026-05-21 05:50:00,385.98,386.09,385.9,385.9,1769
2026-05-21 05:55:00,385.85,386.0,385.84,385.87,989
2026-05-21 06:00:00,385.97,386.07,385.96,386.07,310
2026-05-21 06:05:00,385.98,385.98,385.71,385.74,1229
2026-05-21 06:10:00,385.91,386.11,385.8005,386.11,920
2026-05-21 06:15:00,386.07,386.2,386.01,386.01,1166
2026-05-21 06:20:00,386.0,386.0,385.76,385.83,487
2026-05-21 06:25:00,385.8,385.8,384.27,384.39,4534
2026-05-21 06:30:00,384.39,384.4,384.0,384.4,766
2026-05-21 06:35:00,384.41,384.54,383.95,383.95,1786
2026-05-21 06:40:00,383.72,384.62,383.72,384.62,1021
2026-05-21 06:45:00,384.7,384.7,384.06,384.15,1219
2026-05-21 06:50:00,384.15,384.39,384.02,384.39,1679
2026-05-21 06:55:00,384.4,384.41,384.2,384.41,201
2026-05-21 07:00:00,384.24,384.82,383.64,384.5099,4164
2026-05-21 07:05:00,384.256,384.4098,383.8,384.17,2324
2026-05-21 07:10:00,384.1809,384.64,384.1809,384.4,859
2026-05-21 07:15:00,384.36,384.65,384.36,384.48,1739
2026-05-21 07:20:00,384.6549,384.6549,384.0,384.0,794
2026-05-21 07:25:00,384.07,384.2,384.05,384.1544,921
2026-05-21 07:30:00,384.27,384.4684,384.182,384.182,1192
2026-05-21 07:35:00,384.21,384.23,384.0,384.07,1596
2026-05-21 07:40:00,384.07,384.16,383.8,383.8,1194
2026-05-21 07:45:00,384.01,384.01,383.8,384.01,5530
2026-05-21 07:50:00,383.93,384.19,383.9105,383.9105,4800
2026-05-21 07:55:00,383.9345,383.96,383.92,383.92,628
2026-05-21 08:00:00,383.91,384.06,383.76,383.91,5244
2026-05-21 08:05:00,383.98,383.99,383.65,383.65,431
2026-05-21 08:10:00,383.6377,383.9,383.6377,383.73,778
2026-05-21 08:15:00,383.74,384.05,383.74,384.05,872
2026-05-21 08:20:00,384.05,384.08,383.7,383.7,2542
2026-05-21 08:25:00,383.63,383.85,383.63,383.8,697
2026-05-21 08:30:00,383.8,384.09,383.6635,384.08,1279
2026-05-21 08:35:00,384.0153,384.05,383.8,383.856,982
2026-05-21 08:40:00,383.98,383.99,383.69,383.99,4217
2026-05-21 08:45:00,384.0,384.35,383.9356,384.2,4415
2026-05-21 08:50:00,384.14,384.14,383.92,384.05,3107
2026-05-21 08:55:00,383.97,384.05,383.76,383.9,3205
2026-05-21 09:00:00,383.8,385.0,383.2,383.66,16348
2026-05-21 09:05:00,383.66,383.66,382.41,382.41,12767
2026-05-21 09:10:00,382.47,383.16,382.26,383.0305,2353
2026-05-21 09:15:00,383.06,383.09,382.7,382.93,4152
2026-05-21 09:20:00,382.96,382.96,382.51,382.91,2129
2026-05-21 09:25:00,383.06,383.53,381.24,381.66,15494
2026-05-21 09:30:00,381.99,382.67,379.48,381.34,594666
2026-05-21 09:35:00,381.32,382.66,380.755,381.3101,189063
2026-05-21 09:40:00,381.4071,383.0,381.26,382.775,120213
2026-05-21 09:45:00,382.87,383.12,381.6734,381.95,135392
2026-05-21 09:50:00,381.94,382.7653,381.52,382.27,134811
2026-05-21 09:55:00,382.27,382.565,381.065,381.99,199751
2026-05-21 10:00:00,381.9,382.3,379.91,379.975,216597
2026-05-21 10:05:00,379.975,381.101,379.51,381.0032,291334
2026-05-21 10:10:00,381.0,381.75,380.02,380.58,213110
2026-05-21 10:15:00,380.6,382.35,380.48,382.02,169178
2026-05-21 10:20:00,382.03,382.14,380.89,381.415,144009
2026-05-21 10:25:00,381.445,382.79,381.28,382.77,156199
2026-05-21 10:30:00,382.79,384.53,382.64,384.18,355515
2026-05-21 10:35:00,384.18,384.5596,383.91,384.06,211763
2026-05-21 10:40:00,384.04,384.2,383.56,384.12,146639
2026-05-21 10:45:00,384.12,384.41,383.76,384.145,198386
2026-05-21 10:50:00,384.14,384.74,383.69,384.5,158290
2026-05-21 10:55:00,384.51,385.41,384.49,384.88,181126
2026-05-21 11:00:00,384.92,385.36,384.7,385.05,115295
2026-05-21 11:05:00,385.0301,385.105,384.14,384.55,87169
2026-05-21 11:10:00,384.53,385.5,383.9217,385.39,117834
2026-05-21 11:15:00,385.4451,385.48,384.965,385.36,79195
2026-05-21 11:20:00,385.36,385.58,384.735,384.8,107600
2026-05-21 11:25:00,384.72,385.51,384.66,385.445,68808
2026-05-21 11:30:00,385.44,385.76,385.03,385.195,102163
2026-05-21 11:35:00,385.15,386.67,385.11,386.6,131635
2026-05-21 11:40:00,386.57,386.63,385.77,386.26,112012
2026-05-21 11:45:00,386.3928,386.4699,385.7,385.78,65442
2026-05-21 11:50:00,385.79,385.87,385.35,385.52,69738
2026-05-21 11:55:00,385.51,385.945,385.355,385.675,84819
2026-05-21 12:00:00,385.7,386.37,385.67,386.07,71562
2026-05-21 12:05:00,386.07,386.08,385.41,385.94,62203
2026-05-21 12:10:00,385.92,385.97,385.32,385.52,76415
2026-05-21 12:15:00,385.49,385.84,385.22,385.83,54371
2026-05-21 12:20:00,385.83,385.96,384.9301,385.385,74958
2026-05-21 12:25:00,385.4,385.45,385.0,385.1926,40722
2026-05-21 12:30:00,385.19,385.3696,384.88,384.97,69344
2026-05-21 12:35:00,385.01,385.04,384.07,384.2701,66156
2026-05-21 12:40:00,384.3,384.6,384.028,384.3368,33590
2026-05-21 12:45:00,384.359,384.6,383.8,383.9965,64650
2026-05-21 12:50:00,383.98,384.22,383.6,383.905,52119
2026-05-21 12:55:00,383.88,384.52,383.84,384.34,35320
2026-05-21 13:00:00,384.34,384.73,384.25,384.59,30992
2026-05-21 13:05:00,384.6,384.68,384.225,384.2925,35778
2026-05-21 13:10:00,384.255,385.31,384.21,385.14,137127
2026-05-21 13:15:00,385.19,386.51,385.14,386.28,159085
2026-05-21 13:20:00,386.23,387.12,385.33,386.0,135771
2026-05-21 13:25:00,386.06,386.7,385.825,386.54,102391
2026-05-21 13:30:00,386.525,386.84,386.09,386.48,74331
2026-05-21 13:35:00,386.47,386.83,386.33,386.56,43555
2026-05-21 13:40:00,386.63,387.335,386.6,387.15,61470
2026-05-21 13:45:00,387.16,387.6,386.725,387.5844,44886
2026-05-21 13:50:00,387.6,388.46,387.4,388.3301,69294
2026-05-21 13:55:00,388.34,388.68,388.0,388.0,275971
2026-05-21 14:00:00,388.0,388.17,386.39,386.4,79798
2026-05-21 14:05:00,386.4,386.93,386.29,386.52,93782
2026-05-21 14:10:00,386.5,386.72,385.97,386.055,48971
2026-05-21 14:15:00,386.07,386.75,386.0,386.7,80078
2026-05-21 14:20:00,386.67,387.15,386.61,386.805,71834
2026-05-21 14:25:00,386.77,386.86,386.545,386.59,44215
2026-05-21 14:30:00,386.61,386.78,386.15,386.57,61735
2026-05-21 14:35:00,386.51,386.79,386.18,386.32,56353
2026-05-21 14:40:00,386.33,386.96,386.28,386.85,35585
2026-05-21 14:45:00,386.86,386.96,386.09,386.3375,57631
2026-05-21 14:50:00,386.37,386.69,384.68,384.68,109701
2026-05-21 14:55:00,384.65,384.93,384.3,384.79,77261
2026-05-21 15:00:00,384.77,385.04,384.29,384.785,44303
2026-05-21 15:05:00,384.7851,385.12,384.16,384.97,51081
2026-05-21 15:10:00,384.91,384.92,384.47,384.63,35578
2026-05-21 15:15:00,384.69,384.87,384.32,384.8,49303
2026-05-21 15:20:00,384.7799,384.82,384.38,384.67,52796
2026-05-21 15:25:00,384.68,385.11,384.65,385.04,55241
2026-05-21 15:30:00,385.03,385.405,384.5401,384.72,41462
2026-05-21 15:35:00,384.73,384.76,384.3,384.56,48708
2026-05-21 15:40:00,384.555,384.77,384.21,384.45,63531
2026-05-21 15:45:00,384.44,384.795,384.31,384.74,93329
2026-05-21 15:50:00,384.76,384.86,382.34,382.63,354339
2026-05-21 15:55:00,382.59,383.68,382.0,383.47,1131321
2026-05-21 16:00:00,383.53,384.29,383.47,383.47,3729518
2026-05-21 16:05:00,383.7,384.14,383.48,384.13,3663
2026-05-21 16:10:00,383.97,384.0,383.8,383.8,561
2026-05-21 16:15:00,383.65,383.79,383.65,383.79,160
2026-05-21 16:20:00,383.7491,384.04,383.7491,384.0,1794
2026-05-21 16:25:00,384.03,384.17,384.0,384.14,1665
2026-05-21 16:30:00,384.15,384.28,384.14,384.28,1213
2026-05-21 16:35:00,384.4694,384.49,384.3084,384.49,239
2026-05-21 16:40:00,384.474,384.474,384.37,384.37,173
2026-05-21 16:45:00,384.34,384.35,384.26,384.28,880
2026-05-21 16:50:00,384.47,384.49,384.31,384.35,621
2026-05-21 16:55:00,384.35,384.35,384.29,384.35,525
2026-05-21 17:00:00,384.49,384.5,384.35,384.49,2643
2026-05-21 17:10:00,384.49,384.56,384.2,384.2,2961
2026-05-21 17:15:00,384.2,384.46,384.19,384.46,694
2026-05-21 17:20:00,384.18,384.5,384.18,384.5,102
2026-05-21 17:25:00,384.49,384.49,384.4,384.4,90
2026-05-21 17:30:00,384.5,384.5,384.5,384.5,560
2026-05-21 17:35:00,384.4,384.4005,384.33,384.33,312
2026-05-21 17:40:00,384.34,384.34,384.21,384.21,120
2026-05-21 17:45:00,384.2,384.2,384.2,384.2,50
2026-05-21 17:50:00,384.3,384.34,384.3,384.34,147
2026-05-21 17:55:00,384.26,384.26,384.18,384.18,421
2026-05-21 18:00:00,384.39,384.76,384.39,384.5,2124
2026-05-21 18:05:00,384.54,384.65,384.0,384.1,1442
2026-05-21 18:10:00,384.55,384.58,384.2183,384.58,1263
2026-05-21 18:15:00,384.64,384.69,384.59,384.59,358
2026-05-21 18:20:00,384.41,384.7,384.41,384.7,1634
2026-05-21 18:25:00,384.6,384.7,384.5,384.7,638
2026-05-21 18:30:00,384.6175,384.69,384.4,384.4,586
2026-05-21 18:35:00,384.56,384.65,384.4238,384.58,730
2026-05-21 18:40:00,384.46,384.98,384.42,384.9,1281
2026-05-21 18:45:00,384.503,385.44,384.503,385.42,2415
2026-05-21 18:50:00,385.21,385.48,385.21,385.3,526
2026-05-21 18:55:00,385.25,385.3,385.07,385.25,1395
2026-05-21 19:00:00,385.27,385.42,385.27,385.35,606
2026-05-21 19:05:00,385.39,385.5,385.05,385.05,1764
2026-05-21 19:10:00,385.43,385.73,385.41,385.41,1335
2026-05-21 19:15:00,385.65,385.69,385.5,385.65,806
2026-05-21 19:20:00,385.4996,385.4996,385.35,385.43,760
2026-05-21 19:25:00,385.4,385.5,385.35,385.35,2042
2026-05-21 19:30:00,385.2,385.221,385.2,385.221,550
2026-05-21 19:35:00,385.35,385.35,385.0,385.02,1252
2026-05-21 19:40:00,385.09,385.4,385.09,385.37,525
2026-05-21 19:45:00,385.3,385.45,385.3,385.3,548
2026-05-21 19:50:00,385.45,385.6,385.02,385.58,449
2026-05-21 19:55:00,385.0,385.41,385.0,385.38,1777
2026-05-22 04:00:00,387.0,387.0,385.13,386.07,15214
2026-05-22 04:05:00,385.17,386.0,385.17,385.94,1213
2026-05-22 04:10:00,385.8,386.16,385.74,386.16,998
2026-05-22 04:15:00,386.4,386.67,386.4,386.62,910
2026-05-22 04:20:00,386.51,386.74,386.51,386.55,533
2026-05-22 04:25:00,386.64,386.64,386.48,386.48,500
2026-05-22 04:30:00,386.47,386.64,386.22,386.22,954
2026-05-22 04:35:00,386.05,386.2,385.87,386.2,1307
2026-05-22 04:40:00,386.0,386.0,386.0,386.0,200
2026-05-22 04:50:00,386.01,386.18,386.0,386.18,253
2026-05-22 04:55:00,386.08,386.12,385.66,385.66,1207
2026-05-22 05:00:00,385.65,385.9,385.45,385.45,3052
2026-05-22 05:05:00,385.38,385.38,385.0,385.06,1456
2026-05-22 05:10:00,385.0,385.21,384.92,384.92,882
2026-05-22 05:15:00,384.84,385.08,384.75,385.08,1290
2026-05-22 05:20:00,385.14,385.24,385.09,385.12,835
2026-05-22 05:25:00,384.91,385.0,384.75,384.9,1546
2026-05-22 05:30:00,384.9,385.0,384.6,384.98,1116
2026-05-22 05:35:00,385.15,385.17,385.01,385.14,694
2026-05-22 05:40:00,385.1,385.22,385.1,385.22,205
2026-05-22 05:45:00,385.33,385.33,385.22,385.33,2069
2026-05-22 05:50:00,385.37,385.5,385.37,385.46,2333
2026-05-22 05:55:00,385.49,385.49,385.33,385.33,1092
2026-05-22 06:00:00,385.2,385.2,385.0,385.05,772
2026-05-22 06:05:00,385.0,385.0,384.7966,384.82,1159
2026-05-22 06:10:00,384.82,384.82,384.5,384.5,1553
2026-05-22 06:15:00,384.5,384.57,384.39,384.57,479
2026-05-22 06:20:00,384.39,384.5,384.39,384.43,862
2026-05-22 06:25:00,384.49,384.49,384.07,384.08,930
2026-05-22 06:30:00,384.0701,384.3,384.04,384.29,1514
2026-05-22 06:35:00,384.16,384.3,384.0,384.0,2820
2026-05-22 06:40:00,383.92,383.98,383.8,383.98,380
2026-05-22 06:45:00,384.0,384.16,383.95,384.16,545
2026-05-22 06:50:00,384.06,384.2,384.06,384.2,1148
2026-05-22 06:55:00,384.12,384.15,383.94,383.98,1801
2026-05-22 07:00:00,384.1,384.44,383.72,383.8,2522
2026-05-22 07:05:00,383.86,383.86,383.31,383.5815,3702
2026-05-22 07:10:00,383.5982,383.5982,383.06,383.06,3428
2026-05-22 07:15:00,383.28,383.4,383.25,383.4,1137
2026-05-22 07:20:00,383.31,383.68,383.3,383.5799,1781
2026-05-22 07:25:00,383.5,383.846,383.5,383.64,2200
2026-05-22 07:30:00,383.7044,383.92,383.6908,383.92,424
2026-05-22 07:35:00,383.99,384.25,383.99,384.11,2128
2026-05-22 07:40:00,384.1,384.13,383.95,384.04,1113
2026-05-22 07:45:00,384.15,384.25,384.15,384.23,2425
2026-05-22 07:50:00,384.149,384.149,384.0,384.06,956
2026-05-22 07:55:00,384.01,384.15,383.97,384.15,2095
2026-05-22 08:00:00,384.09,384.4499,384.09,384.32,5735
2026-05-22 08:05:00,384.32,384.39,384.31,384.36,1765
2026-05-22 08:10:00,384.3,384.96,384.15,384.88,2452
2026-05-22 08:15:00,384.78,384.94,384.52,384.9,1983
2026-05-22 08:20:00,384.83,384.99,384.45,384.65,2798
2026-05-22 08:25:00,384.595,384.69,384.46,384.46,5797
2026-05-22 08:30:00,384.49,384.59,384.44,384.55,2526
2026-05-22 08:35:00,384.6,384.76,384.45,384.6399,9810
2026-05-22 08:40:00,384.64,384.64,384.46,384.52,1515
2026-05-22 08:45:00,384.5,384.5888,384.46,384.5,1929
2026-05-22 08:50:00,384.44,384.5,383.88,383.88,6629
2026-05-22 08:55:00,383.94,384.0,383.8,383.85,3898
2026-05-22 09:00:00,383.83,383.95,383.4,383.9,5705
2026-05-22 09:05:00,383.7453,384.21,383.7453,384.19,5074
2026-05-22 09:10:00,384.2805,384.35,384.01,384.15,2887
2026-05-22 09:15:00,384.19,384.19,383.81,384.0,2399
2026-05-22 09:20:00,383.86,384.0,383.46,383.54,4579
2026-05-22 09:25:00,383.58,384.0,383.2,383.38,11562
2026-05-22 09:30:00,383.36,383.36,381.24,382.81,438539
2026-05-22 09:35:00,382.775,383.32,382.04,382.55,349416
2026-05-22 09:40:00,382.545,382.98,380.6,381.775,429230
2026-05-22 09:45:00,381.77,382.35,381.42,381.625,207210
2026-05-22 09:50:00,381.6,381.95,381.17,381.93,169627
2026-05-22 09:55:00,381.95,382.5,381.56,382.5,154655
2026-05-22 10:00:00,382.4925,382.5,380.325,381.1725,238769
2026-05-22 10:05:00,381.17,381.59,380.51,381.33,133470
2026-05-22 10:10:00,381.35,381.6,381.06,381.485,120216
2026-05-22 10:15:00,381.44,382.53,381.37,381.91,144186
2026-05-22 10:20:00,381.93,382.25,381.44,382.185,124958
2026-05-22 10:25:00,382.2,383.26,382.09,383.06,209328
2026-05-22 10:30:00,383.065,383.1799,382.425,382.49,96757
2026-05-22 10:35:00,382.5,382.7999,382.23,382.5199,91138
2026-05-22 10:40:00,382.485,383.47,382.485,383.37,101849
2026-05-22 10:45:00,383.4101,383.46,382.93,383.24,84549
2026-05-22 10:50:00,383.23,383.84,383.15,383.76,97507
2026-05-22 10:55:00,383.79,384.03,383.53,383.94,85719
2026-05-22 11:00:00,383.925,384.31,383.415,384.2,70443
2026-05-22 11:05:00,384.2,384.55,384.165,384.54,56747
2026-05-22 11:10:00,384.545,384.87,384.35,384.47,89262
2026-05-22 11:15:00,384.51,384.78,384.25,384.305,109281
2026-05-22 11:20:00,384.28,384.305,383.16,383.17,86365
2026-05-22 11:25:00,383.165,383.25,382.73,383.24,72592
2026-05-22 11:30:00,383.24,383.275,382.98,383.08,65529
2026-05-22 11:35:00,383.06,383.54,383.0,383.28,48763
2026-05-22 11:40:00,383.26,383.55,383.18,383.53,42158
2026-05-22 11:45:00,383.5274,383.66,382.905,382.91,73380
2026-05-22 11:50:00,382.93,383.2799,382.86,383.11,80522
2026-05-22 11:55:00,383.13,383.22,382.89,383.08,52355
2026-05-22 12:00:00,383.09,383.16,382.76,383.02,77405
2026-05-22 12:05:00,382.95,383.285,382.94,383.045,73883
2026-05-22 12:10:00,383.03,383.071,382.54,382.54,47312
2026-05-22 12:15:00,382.53,382.6099,381.88,382.03,93694
2026-05-22 12:20:00,382.01,382.3788,381.97,382.075,38833
2026-05-22 12:25:00,382.05,382.27,382.03,382.22,40707
2026-05-22 12:30:00,382.2001,382.43,381.66,381.715,81466
2026-05-22 12:35:00,381.73,382.0,381.598,381.885,53452
2026-05-22 12:40:00,381.89,381.99,381.71,381.75,34588
2026-05-22 12:45:00,381.74,382.26,381.74,381.9899,80536
2026-05-22 12:50:00,381.99,382.3885,381.96,382.3,41122
2026-05-22 12:55:00,382.29,382.39,382.08,382.27,29251
2026-05-22 13:00:00,382.27,382.45,382.1801,382.42,34783
2026-05-22 13:05:00,382.37,382.5186,381.63,381.795,93703
2026-05-22 13:10:00,381.79,382.1685,381.79,382.04,70327
2026-05-22 13:15:00,382.1,382.2,381.2,381.325,92090
2026-05-22 13:20:00,381.31,381.69,381.23,381.42,76475
2026-05-22 13:25:00,381.42,382.36,381.3586,382.3,117516
2026-05-22 13:30:00,382.3,382.63,382.051,382.12,65228
2026-05-22 13:35:00,382.09,382.1,381.79,381.995,65157
2026-05-22 13:40:00,382.0,382.19,381.725,381.805,48629
2026-05-22 13:45:00,381.8286,381.96,381.69,381.8,31086
2026-05-22 13:50:00,381.79,381.93,381.33,381.4141,70427
2026-05-22 13:55:00,381.4185,381.61,381.02,381.02,50468
2026-05-22 14:00:00,381.035,381.24,380.4,380.55,145942
2026-05-22 14:05:00,380.565,381.12,380.49,380.955,49621
2026-05-22 14:10:00,380.98,381.01,380.64,380.6899,39861
2026-05-22 14:15:00,380.64,380.81,380.4,380.745,75615
2026-05-22 14:20:00,380.75,380.88,380.63,380.715,54008
2026-05-22 14:25:00,380.715,380.72,380.38,380.6,62142
2026-05-22 14:30:00,380.61,381.07,380.61,381.055,81190
2026-05-22 14:35:00,381.07,381.38,380.68,381.08,91781
2026-05-22 14:40:00,381.065,381.18,380.81,381.02,53890
2026-05-22 14:45:00,381.03,381.1363,380.73,380.875,51254
2026-05-22 14:50:00,380.87,380.9499,380.47,380.7398,57592
2026-05-22 14:55:00,380.75,380.96,380.61,380.82,58697
2026-05-22 15:00:00,380.815,381.21,380.5,380.635,87265
2026-05-22 15:05:00,380.665,380.7,379.9343,380.03,126240
2026-05-22 15:10:00,380.01,380.215,379.37,379.4701,93300
2026-05-22 15:15:00,379.505,379.73,379.26,379.6,93225
2026-05-22 15:20:00,379.6,379.63,379.1401,379.58,76230
2026-05-22 15:25:00,379.595,379.66,378.97,379.05,100355
2026-05-22 15:30:00,379.06,379.46,378.85,379.285,103048
2026-05-22 15:35:00,379.28,379.525,379.06,379.18,107916
2026-05-22 15:40:00,379.2,379.27,378.52,378.75,123698
2026-05-22 15:45:00,378.75,378.81,378.33,378.635,146315
2026-05-22 15:50:00,378.68,379.48,378.26,379.47,197284
2026-05-22 15:55:00,379.46,379.7,379.17,379.36,445340
2026-05-22 16:00:00,379.38,380.07,379.38,379.9,1813739
2026-05-22 16:05:00,379.93,379.97,379.83,379.97,4798
2026-05-22 16:10:00,379.92,380.08,379.82,380.01,5525
2026-05-22 16:15:00,380.03,380.04,379.79,379.81,2001
2026-05-22 16:20:00,379.83,379.85,379.7895,379.7895,825
2026-05-22 16:25:00,379.8392,379.9,379.8,379.8,790
2026-05-22 16:30:00,379.9,379.91,379.56,379.81,3029
2026-05-22 16:35:00,379.76,379.91,379.72,379.84,1081
2026-05-22 16:40:00,379.8,379.9,379.72,379.7201,505
2026-05-22 16:45:00,379.8,379.8,379.61,379.71,1915
2026-05-22 16:50:00,379.77,379.94,379.61,379.94,1205
2026-05-22 16:55:00,379.73,379.73,379.62,379.62,170
2026-05-22 17:00:00,379.7,379.8,379.6173,379.71,1775
2026-05-22 17:05:00,379.78,379.78,379.6772,379.6772,143
2026-05-22 17:10:00,379.67,379.99,379.67,379.93,2833
2026-05-22 17:15:00,379.9,380.0,379.9,379.99,561
2026-05-22 17:20:00,379.9,379.9,379.9,379.9,70
2026-05-22 17:25:00,379.81,379.9,379.81,379.9,736
2026-05-22 17:30:00,379.82,379.82,379.7,379.72,238
2026-05-22 17:35:00,379.74,379.8991,379.74,379.88,438
2026-05-22 17:40:00,379.75,379.8924,379.75,379.77,809
2026-05-22 17:45:00,379.78,379.83,379.78,379.83,182
2026-05-22 17:50:00,379.77,379.83,379.77,379.83,301
2026-05-22 17:55:00,379.77,379.86,379.7434,379.7434,357
2026-05-22 18:00:00,379.88,379.88,379.813,379.813,300
2026-05-22 18:05:00,379.82,379.88,379.73,379.8,1170
2026-05-22 18:10:00,379.72,379.76,379.68,379.6801,1192
2026-05-22 18:15:00,379.81,379.81,379.8,379.8,200
2026-05-22 18:20:00,379.67,379.68,379.63,379.68,151
2026-05-22 18:25:00,379.75,379.75,379.68,379.68,1920
2026-05-22 18:30:00,379.69,379.9,379.65,379.9,1280
2026-05-22 18:35:00,379.71,379.71,379.69,379.69,108
2026-05-22 18:40:00,379.65,379.7,379.59,379.67,889
2026-05-22 18:45:00,379.69,379.7,379.5,379.5,870
2026-05-22 18:50:00,379.5,379.6,379.5,379.51,468
2026-05-22 18:55:00,379.52,379.53,379.4,379.4,1497
2026-05-22 19:00:00,379.39,379.39,378.5,378.5,10769
2026-05-22 19:05:00,378.671,379.0,378.5,378.81,1775
2026-05-22 19:10:00,379.213,379.43,379.213,379.43,270
2026-05-22 19:15:00,379.1,379.1,378.99,379.0,1527
2026-05-22 19:20:00,379.01,379.38,378.9,379.0,1978
2026-05-22 19:25:00,379.33,379.33,379.02,379.21,165
2026-05-22 19:30:00,379.0,379.05,379.0,379.02,640
2026-05-22 19:35:00,378.86,378.89,378.86,378.89,230
2026-05-22 19:40:00,378.9,379.43,378.81,378.81,1344
2026-05-22 19:45:00,378.8,378.8162,378.62,378.65,1510
2026-05-22 19:50:00,378.65,378.66,378.3,378.3,1627
2026-05-22 19:55:00,378.313,378.7,378.313,378.68,2931
2026-05-26 04:00:00,381.24,383.27,381.24,382.0544,33228
2026-05-26 04:05:00,382.25,382.35,382.07,382.13,4712
2026-05-26 04:10:00,382.13,382.35,382.13,382.3,3154
2026-05-26 04:15:00,382.2,382.31,382.1,382.14,1857
2026-05-26 04:20:00,382.26,382.26,381.94,381.98,1488
2026-05-26 04:25:00,382.09,382.16,382.09,382.1,1192
2026-05-26 04:30:00,382.05,382.13,381.96,382.0,1680
2026-05-26 04:35:00,382.03,382.25,381.97,382.01,2652
2026-05-26 04:40:00,382.03,382.28,382.01,382.22,370
2026-05-26 04:45:00,382.18,382.31,382.15,382.31,502
2026-05-26 04:50:00,382.31,382.42,382.27,382.41,973
2026-05-26 04:55:00,382.44,382.47,382.4,382.4,897
2026-05-26 05:00:00,382.46,382.49,382.27,382.4,954
2026-05-26 05:05:00,382.34,382.37,381.95,381.98,846
2026-05-26 05:10:00,381.97,382.06,381.96,382.03,1566
2026-05-26 05:15:00,382.0,382.11,381.91,382.11,2004
2026-05-26 05:20:00,382.1,382.28,381.98,382.0,1772
2026-05-26 05:25:00,382.0,382.38,382.0,382.38,891
2026-05-26 05:30:00,382.2044,382.5,382.2044,382.49,1608
2026-05-26 05:35:00,382.48,382.52,382.31,382.35,834
2026-05-26 05:40:00,382.36,382.41,382.25,382.25,915
2026-05-26 05:45:00,382.34,382.34,382.24,382.33,480
2026-05-26 05:50:00,382.34,382.44,382.28,382.44,1746
2026-05-26 05:55:00,382.19,382.47,382.12,382.39,1302
2026-05-26 06:00:00,382.25,382.6,382.1,382.15,843
2026-05-26 06:05:00,382.38,382.52,382.16,382.2,3013
2026-05-26 06:10:00,382.12,382.2,382.0,382.2,2307
2026-05-26 06:15:00,382.2,382.45,382.02,382.38,2230
2026-05-26 06:20:00,382.48,382.48,382.09,382.15,1089
2026-05-26 06:25:00,382.05,382.24,381.91,382.24,2511
2026-05-26 06:30:00,382.33,382.44,382.25,382.31,3189
2026-05-26 06:35:00,382.42,382.48,382.29,382.3,2803
2026-05-26 06:40:00,382.27,382.38,382.26,382.26,1588
2026-05-26 06:45:00,382.38,382.4,382.2355,382.4,1741
2026-05-26 06:50:00,382.38,382.38,381.99,382.0,2475
2026-05-26 06:55:00,382.05,382.05,381.5,381.805,4750
2026-05-26 07:00:00,381.88,382.04,380.95,381.08,8147
2026-05-26 07:05:00,380.97,381.47,380.84,381.4,5324
2026-05-26 07:10:00,381.4,381.4,380.9,381.0,12025
2026-05-26 07:15:00,381.0,381.0,380.38,380.72,6527
2026-05-26 07:20:00,380.6,381.001,380.6,380.96,2266
2026-05-26 07:25:00,380.99,381.1099,380.73,380.85,6997
2026-05-26 07:30:00,380.8391,380.84,380.23,380.54,5579
2026-05-26 07:35:00,380.41,380.41,379.84,380.0,8018
2026-05-26 07:40:00,380.12,380.46,380.01,380.41,2607
2026-05-26 07:45:00,380.43,380.49,380.29,380.38,1808
2026-05-26 07:50:00,380.46,380.75,380.36,380.41,5284
2026-05-26 07:55:00,380.65,380.65,380.06,380.06,11074
2026-05-26 08:00:00,380.02,380.3685,380.02,380.26,2095
2026-05-26 08:05:00,380.29,380.4894,380.07,380.29,4417
2026-05-26 08:10:00,380.27,380.27,380.04,380.06,4791
2026-05-26 08:15:00,380.06,380.43,380.06,380.43,5621
2026-05-26 08:20:00,380.43,380.75,380.43,380.67,4666
2026-05-26 08:25:00,380.7,380.79,380.62,380.73,15624
2026-05-26 08:30:00,380.72,380.72,380.5,380.56,14194
2026-05-26 08:35:00,380.49,380.58,380.4404,380.56,3386
2026-05-26 08:40:00,380.56,380.6,380.47,380.47,2657
2026-05-26 08:45:00,380.49,380.69,380.4126,380.515,2649
2026-05-26 08:50:00,380.49,380.55,380.3093,380.325,7324
2026-05-26 08:55:00,380.31,380.7001,380.31,380.7001,8247
2026-05-26 09:00:00,380.72,380.97,380.54,380.94,13132
2026-05-26 09:05:00,380.93,380.93,380.57,380.76,6763
2026-05-26 09:10:00,380.86,380.86,380.74,380.77,9474
2026-05-26 09:15:00,380.81,380.85,380.69,380.81,4511
2026-05-26 09:20:00,380.82,381.4,380.79,381.34,22831
2026-05-26 09:25:00,381.38,381.48,380.2,381.22,32704
2026-05-26 09:30:00,380.995,382.8,380.3301,380.44,784064
2026-05-26 09:35:00,380.485,380.88,379.14,379.93,348862
2026-05-26 09:40:00,379.95,381.48,379.88,381.14,180454
2026-05-26 09:45:00,381.08,381.7799,380.9,381.43,144043
2026-05-26 09:50:00,381.47,381.5,380.4,381.44,167643
2026-05-26 09:55:00,381.4625,383.47,381.13,383.39,230000
2026-05-26 10:00:00,383.385,384.16,382.75,383.77,169934
2026-05-26 10:05:00,383.8,384.12,383.15,383.43,137595
2026-05-26 10:10:00,383.46,384.22,383.17,384.19,142245
2026-05-26 10:15:00,384.2,384.35,383.76,384.035,172103
2026-05-26 10:20:00,383.99,384.4125,382.9705,383.13,174380
2026-05-26 10:25:00,383.15,383.65,382.99,383.5,103673
2026-05-26 10:30:00,383.5,383.88,383.08,383.75,117621
2026-05-26 10:35:00,383.73,384.1,383.27,383.28,141186
2026-05-26 10:40:00,383.295,383.295,382.02,382.455,124908
2026-05-26 10:45:00,382.43,382.72,382.11,382.115,112595
2026-05-26 10:50:00,382.13,382.72,381.98,382.46,132038
2026-05-26 10:55:00,382.45,384.25,382.44,384.215,175913
2026-05-26 11:00:00,384.215,384.75,383.9,384.175,178634
2026-05-26 11:05:00,384.17,385.39,383.8405,385.26,182141
2026-05-26 11:10:00,385.25,385.39,384.164,384.24,104814
2026-05-26 11:15:00,384.19,384.19,383.22,383.365,84264
2026-05-26 11:20:00,383.3986,383.44,382.05,382.3675,246263
2026-05-26 11:25:00,382.34,382.6297,381.93,382.215,206010
2026-05-26 11:30:00,382.21,382.54,381.8,381.845,174283
2026-05-26 11:35:00,381.82,382.44,381.81,382.43,121426
2026-05-26 11:40:00,382.4,382.78,382.15,382.68,113342
2026-05-26 11:45:00,382.66,382.93,382.02,382.81,117905
2026-05-26 11:50:00,382.82,383.18,382.59,382.965,68249
2026-05-26 11:55:00,382.96,383.21,382.2607,382.66,129880
2026-05-26 12:00:00,382.61,382.71,382.03,382.1684,112233
2026-05-26 12:05:00,382.12,382.34,381.95,382.175,70394
2026-05-26 12:10:00,382.18,382.92,382.11,382.59,78637
2026-05-26 12:15:00,382.57,383.345,382.52,383.27,77893
2026-05-26 12:20:00,383.25,383.25,382.23,382.59,52617
2026-05-26 12:25:00,382.55,382.99,382.43,382.89,63447
2026-05-26 12:30:00,382.8701,383.25,382.83,383.19,53939
2026-05-26 12:35:00,383.22,383.29,382.4,382.5812,47131
2026-05-26 12:40:00,382.56,382.56,382.17,382.25,53466
2026-05-26 12:45:00,382.24,382.5,382.13,382.37,88222
2026-05-26 12:50:00,382.38,382.91,382.27,382.865,88376
2026-05-26 12:55:00,382.8436,382.86,382.24,382.6,85540
2026-05-26 13:00:00,382.61,382.77,382.38,382.49,67417
2026-05-26 13:05:00,382.5,382.89,382.165,382.26,73790
2026-05-26 13:10:00,382.24,382.39,382.05,382.0506,47878
2026-05-26 13:15:00,382.08,382.35,381.365,382.32,91275
2026-05-26 13:20:00,382.315,382.49,381.9,382.1,66038
2026-05-26 13:25:00,382.09,382.34,381.92,381.94,49371
2026-05-26 13:30:00,381.935,382.28,381.79,382.19,43620
2026-05-26 13:35:00,382.2,382.4,381.99,382.01,52703
2026-05-26 13:40:00,382.02,382.56,381.82,382.4401,37741
2026-05-26 13:45:00,382.46,382.65,382.24,382.605,36309
2026-05-26 13:50:00,382.605,383.03,382.605,382.82,82742
2026-05-26 13:55:00,382.8,382.83,382.4301,382.74,77809
2026-05-26 14:00:00,382.77,382.77,382.19,382.51,39449
2026-05-26 14:05:00,382.4932,382.86,382.41,382.81,46374
2026-05-26 14:10:00,382.82,383.19,382.815,383.09,55439
2026-05-26 14:15:00,383.12,383.32,382.8306,383.0,53875
2026-05-26 14:20:00,383.01,383.02,382.09,382.4,89215
2026-05-26 14:25:00,382.39,382.97,382.35,382.65,57502
2026-05-26 14:30:00,382.65,382.93,382.4331,382.52,54658
2026-05-26 14:35:00,382.525,382.58,382.3,382.43,45959
2026-05-26 14:40:00,382.425,382.47,381.82,381.8499,61564
2026-05-26 14:45:00,381.8,382.32,381.785,382.18,54800
2026-05-26 14:50:00,382.1501,382.38,382.02,382.14,102357
2026-05-26 14:55:00,382.14,382.38,381.98,382.01,83907
2026-05-26 15:00:00,381.99,382.58,381.94,382.54,69360
2026-05-26 15:05:00,382.57,382.74,382.16,382.74,83315
2026-05-26 15:10:00,382.715,382.87,382.31,382.39,90178
2026-05-26 15:15:00,382.4,383.1,382.34,383.045,99392
2026-05-26 15:20:00,383.035,383.19,382.81,382.865,70235
2026-05-26 15:25:00,382.865,383.25,382.84,383.18,71560
2026-05-26 15:30:00,383.22,383.95,383.135,383.95,80836
2026-05-26 15:35:00,383.945,383.99,383.7635,383.915,63973
2026-05-26 15:40:00,383.9,384.54,383.72,384.355,129415
2026-05-26 15:45:00,384.35,384.78,384.254,384.77,129775
2026-05-26 15:50:00,384.79,384.86,384.09,384.25,268341
2026-05-26 15:55:00,384.3,384.97,384.17,384.94,479863
2026-05-26 16:00:00,384.94,384.94,384.28,384.32,2668898
2026-05-26 16:05:00,384.32,384.84,384.09,384.1482,3107
2026-05-26 16:10:00,384.15,384.18,384.0445,384.09,937
2026-05-26 16:15:00,384.06,384.14,383.73,383.97,8573
2026-05-26 16:20:00,383.94,384.06,383.8977,383.95,1784
2026-05-26 16:25:00,383.9,383.97,383.9,383.94,2047
2026-05-26 16:30:00,383.93,384.36,383.93,384.08,2181
2026-05-26 16:35:00,384.08,384.84,384.08,384.84,921
2026-05-26 16:40:00,384.1,384.12,384.1,384.1,386
2026-05-26 16:45:00,384.1,384.1,383.68,383.78,507
2026-05-26 16:50:00,383.67,383.67,383.67,383.67,50
2026-05-26 16:55:00,383.83,383.95,383.83,383.94,350
2026-05-26 17:00:00,383.87,383.95,383.8504,383.8504,464
2026-05-26 17:05:00,383.93,384.1534,383.93,384.12,1542
2026-05-26 17:10:00,384.04,384.17,384.0007,384.0007,390
2026-05-26 17:15:00,384.0221,384.23,384.0004,384.23,2614
2026-05-26 17:20:00,384.14,384.27,384.0896,384.18,1383
2026-05-26 17:25:00,384.17,384.2007,384.057,384.1,681
2026-05-26 17:30:00,384.15,384.15,384.1,384.1,144
2026-05-26 17:35:00,384.2609,384.3,384.2,384.3,884
2026-05-26 17:40:00,384.0868,384.32,384.0868,384.22,242
2026-05-26 17:45:00,384.33,384.58,384.3,384.57,1339
2026-05-26 17:50:00,384.6,384.6,384.6,384.6,50
2026-05-26 17:55:00,384.6,384.6,384.3474,384.4,889
2026-05-26 18:00:00,384.32,384.4,384.22,384.4,1044
2026-05-26 18:05:00,384.35,384.36,384.04,384.04,339
2026-05-26 18:10:00,384.33,384.36,384.0,384.1,580
2026-05-26 18:15:00,384.2,384.4,384.1858,384.4,422
2026-05-26 18:20:00,384.2,384.4,383.83,384.13,2262
2026-05-26 18:25:00,383.91,384.0474,383.75,384.0474,750
2026-05-26 18:30:00,384.0,384.0,384.0,384.0,355
2026-05-26 18:35:00,384.3988,384.3988,384.2,384.2,157
2026-05-26 18:40:00,384.209,384.209,384.0,384.0,539
2026-05-26 18:45:00,383.76,383.76,383.76,383.76,100
2026-05-26 18:50:00,384.2,384.2,383.94,384.14,634
2026-05-26 18:55:00,383.98,383.98,383.98,383.98,210
2026-05-26 19:00:00,384.1,384.2175,384.0,384.0,415
2026-05-26 19:05:00,384.1,384.1,384.0,384.09,400
2026-05-26 19:10:00,384.0,384.0881,384.0,384.0881,186
2026-05-26 19:15:00,384.0,384.1,384.0,384.1,1547
2026-05-26 19:20:00,384.11,384.25,384.11,384.2009,1232
2026-05-26 19:25:00,384.22,384.25,384.1,384.25,525
2026-05-26 19:30:00,384.25,384.5,384.25,384.3006,773
2026-05-26 19:35:00,384.3,384.3005,384.3,384.3005,291
2026-05-26 19:40:00,384.37,384.49,384.3,384.49,464
2026-05-26 19:45:00,384.5,384.5,384.3,384.3252,371
2026-05-26 19:50:00,384.48,384.501,384.48,384.501,459
2026-05-26 19:55:00,384.6,384.6132,384.5,384.55,2593
2026-05-27 04:00:00,385.0,385.0,383.13,384.0,14184
2026-05-27 04:05:00,384.03,384.14,383.41,384.0,1202
2026-05-27 04:10:00,384.08,384.36,384.08,384.36,390
2026-05-27 04:15:00,384.29,384.6,384.28,384.28,1404
2026-05-27 04:20:00,384.39,384.83,384.36,384.67,1295
2026-05-27 04:25:00,384.83,384.83,384.78,384.78,180
2026-05-27 04:30:00,384.68,384.68,384.6,384.6,440
2026-05-27 04:35:00,384.56,384.67,384.43,384.53,636
2026-05-27 04:40:00,384.54,384.56,384.27,384.36,1635
2026-05-27 04:45:00,384.42,384.42,384.3068,384.3068,338
2026-05-27 04:50:00,384.38,384.4111,384.11,384.11,767
2026-05-27 04:55:00,384.3,384.32,384.28,384.31,374
2026-05-27 05:00:00,384.34,384.4,384.19,384.4,247
2026-05-27 05:05:00,384.33,384.33,384.23,384.24,304
2026-05-27 05:10:00,384.33,384.41,384.23,384.4,736
2026-05-27 05:15:00,384.5,384.5,384.5,384.5,80
2026-05-27 05:20:00,384.38,384.47,384.38,384.39,891
2026-05-27 05:25:00,384.39,384.39,384.39,384.39,59
2026-05-27 05:30:00,384.44,384.48,384.3596,384.42,713
2026-05-27 05:35:00,384.57,384.63,384.54,384.62,964
2026-05-27 05:40:00,384.62,384.66,384.5,384.56,1424
2026-05-27 05:45:00,384.56,384.56,384.39,384.495,1906
2026-05-27 05:50:00,384.5,384.5,384.5,384.5,47
2026-05-27 05:55:00,384.53,384.53,384.29,384.29,794
2026-05-27 06:00:00,384.33,384.343,384.23,384.29,705
2026-05-27 06:05:00,384.2515,384.33,384.2515,384.31,331
2026-05-27 06:10:00,384.31,384.41,384.19,384.41,898
2026-05-27 06:15:00,384.39,384.4097,384.18,384.205,677
2026-05-27 06:20:00,384.19,384.19,384.035,384.07,1534
2026-05-27 06:25:00,384.06,384.11,383.82,383.82,1276
2026-05-27 06:30:00,383.865,383.865,383.47,383.47,2044
2026-05-27 06:35:00,383.37,383.44,383.23,383.32,480
2026-05-27 06:40:00,383.49,383.59,383.332,383.59,775
2026-05-27 06:45:00,383.6,383.65,383.6,383.65,149
2026-05-27 06:50:00,383.74,383.9,383.71,383.71,397
2026-05-27 06:55:00,383.42,383.7,383.24,383.7,1492
2026-05-27 07:00:00,383.7,383.88,383.06,383.35,3963
2026-05-27 07:05:00,383.13,383.25,383.1,383.11,1325
2026-05-27 07:10:00,383.11,383.11,382.6,382.6,7766
2026-05-27 07:15:00,382.58,382.95,382.58,382.9149,3670
2026-05-27 07:20:00,382.8023,382.94,382.79,382.91,2995
2026-05-27 07:25:00,382.9,382.95,382.6,382.7556,1069
2026-05-27 07:30:00,382.99,383.08,382.62,382.73,3871
2026-05-27 07:35:00,382.63,382.9391,382.63,382.93,1967
2026-05-27 07:40:00,382.92,382.92,382.68,382.813,2461
2026-05-27 07:45:00,382.8119,383.02,382.8119,383.02,2040
2026-05-27 07:50:00,382.85,383.0,382.81,382.81,1260
2026-05-27 07:55:00,382.76,382.77,382.6,382.67,2708
2026-05-27 08:00:00,382.7273,382.7273,382.2863,382.4181,2519
2026-05-27 08:05:00,382.39,382.73,382.39,382.5,3771
2026-05-27 08:10:00,382.51,382.61,382.46,382.61,1362
2026-05-27 08:15:00,382.54,383.1745,382.42,382.9953,4703
2026-05-27 08:20:00,383.03,383.6393,383.0,383.0,9458
2026-05-27 08:25:00,382.94,383.22,382.8719,383.21,5867
2026-05-27 08:30:00,383.1898,383.1898,382.856,383.0,2387
2026-05-27 08:35:00,382.9457,383.32,382.91,383.0,1399
2026-05-27 08:40:00,382.99,383.0492,382.41,382.8205,5952
2026-05-27 08:45:00,382.9,383.0,382.8,383.0,2518
2026-05-27 08:50:00,383.03,383.06,382.8916,382.94,2292
2026-05-27 08:55:00,383.12,383.2,383.08,383.1882,2550
2026-05-27 09:00:00,383.11,383.11,382.8,382.8,3532
2026-05-27 09:05:00,382.83,382.85,382.3754,382.5,3158
2026-05-27 09:10:00,382.4201,382.58,382.39,382.58,6305
2026-05-27 09:15:00,382.56,382.67,382.11,382.135,4221
2026-05-27 09:20:00,382.1931,382.37,382.02,382.32,4773
2026-05-27 09:25:00,382.56,382.88,381.0,382.88,14902
2026-05-27 09:30:00,382.765,385.53,382.0,383.06,682920
2026-05-27 09:35:00,383.07,386.81,382.985,385.42,360542
2026-05-27 09:40:00,385.4,385.98,383.815,384.78,276477
2026-05-27 09:45:00,384.77,385.75,384.01,384.964,228192
2026-05-27 09:50:00,385.005,385.93,384.685,385.15,175927
2026-05-27 09:55:00,385.157,386.62,384.945,386.48,185965
2026-05-27 10:00:00,386.58,388.7899,386.35,388.7,252488
2026-05-27 10:05:00,388.68,388.74,387.0,387.22,225626
2026-05-27 10:10:00,387.08,387.49,385.85,387.345,139549
2026-05-27 10:15:00,387.39,388.86,387.16,388.805,151522
2026-05-27 10:20:00,388.775,388.9,387.065,387.2075,135065
2026-05-27 10:25:00,387.15,388.07,386.8201,387.72,148819
2026-05-27 10:30:00,387.7201,388.32,387.02,387.79,139827
2026-05-27 10:35:00,387.81,388.3,387.72,388.28,111512
2026-05-27 10:40:00,388.26,388.27,387.32,387.52,126323
2026-05-27 10:45:00,387.55,387.6,387.0,387.125,93460
2026-05-27 10:50:00,387.15,387.285,386.69,387.035,114833
2026-05-27 10:55:00,387.02,387.39,386.61,387.12,93632
2026-05-27 11:00:00,387.11,387.925,387.0,387.715,102557
2026-05-27 11:05:00,387.7,387.79,387.2124,387.51,78575
2026-05-27 11:10:00,387.4404,387.74,386.5,386.57,96734
2026-05-27 11:15:00,386.5384,388.2,386.5384,387.59,116869
2026-05-27 11:20:00,387.54,387.775,386.86,387.64,115716
2026-05-27 11:25:00,387.655,388.02,387.12,387.965,115386
2026-05-27 11:30:00,387.965,387.975,387.32,387.5062,107034
2026-05-27 11:35:00,387.53,388.08,387.21,387.33,116892
2026-05-27 11:40:00,387.3,388.0375,387.14,387.295,96553
2026-05-27 11:45:00,387.34,387.8,386.9601,387.25,112602
2026-05-27 11:50:00,387.25,388.0,387.08,387.76,80957
2026-05-27 11:55:00,387.725,387.78,387.08,387.21,87540
2026-05-27 12:00:00,387.25,387.29,386.08,386.3975,142522
2026-05-27 12:05:00,386.39,387.07,386.35,386.91,100583
2026-05-27 12:10:00,386.89,387.215,386.69,386.845,62304
2026-05-27 12:15:00,386.88,386.98,386.25,386.465,51623
2026-05-27 12:20:00,386.43,387.38,386.43,387.325,87475
2026-05-27 12:25:00,387.29,387.435,386.91,387.37,67879
2026-05-27 12:30:00,387.375,388.53,387.26,388.44,81387
2026-05-27 12:35:00,388.43,389.63,388.43,389.4601,122560
2026-05-27 12:40:00,389.515,389.725,389.17,389.22,104915
2026-05-27 12:45:00,389.21,389.26,388.57,388.93,91940
2026-05-27 12:50:00,388.93,388.93,387.975,388.0007,68336
2026-05-27 12:55:00,388.05,388.0699,387.38,387.77,67009
2026-05-27 13:00:00,387.755,387.92,387.56,387.65,66858
2026-05-27 13:05:00,387.66,387.78,387.0,387.12,94510
2026-05-27 13:10:00,387.12,387.35,386.64,386.9,83973
2026-05-27 13:15:00,386.895,387.2,386.79,387.06,58003
2026-05-27 13:20:00,386.99,387.1599,386.77,386.78,55239
2026-05-27 13:25:00,386.76,386.94,386.43,386.46,45648
2026-05-27 13:30:00,386.435,386.78,386.435,386.495,53502
2026-05-27 13:35:00,386.495,387.61,386.49,387.38,77286
2026-05-27 13:40:00,387.34,387.65,387.07,387.61,66412
2026-05-27 13:45:00,387.615,387.615,386.95,386.97,38629
2026-05-27 13:50:00,387.03,387.79,386.83,387.79,82888
2026-05-27 13:55:00,387.8,388.26,387.7,388.04,80660
2026-05-27 14:00:00,388.04,388.21,387.325,387.39,78406
2026-05-27 14:05:00,387.37,387.99,387.26,387.91,97183
2026-05-27 14:10:00,387.9,388.04,387.79,387.95,67426
2026-05-27 14:15:00,387.955,388.3,387.8095,388.2,75113
2026-05-27 14:20:00,388.21,388.53,388.06,388.27,109577
2026-05-27 14:25:00,388.245,388.76,388.1601,388.47,77029
2026-05-27 14:30:00,388.49,388.53,388.03,388.19,64550
2026-05-27 14:35:00,388.19,388.24,387.31,387.615,75153
2026-05-27 14:40:00,387.62,387.72,386.66,386.78,81142
2026-05-27 14:45:00,386.78,386.93,386.458,386.46,76553
2026-05-27 14:50:00,386.465,386.62,386.27,386.5,81593
2026-05-27 14:55:00,386.47,387.1199,386.41,386.77,80443
2026-05-27 15:00:00,386.7475,387.52,386.74,387.32,83457
2026-05-27 15:05:00,387.3,387.41,386.96,387.13,70666
2026-05-27 15:10:00,387.13,387.23,386.935,387.18,65122
2026-05-27 15:15:00,387.18,387.18,386.76,386.96,76673
2026-05-27 15:20:00,386.95,386.96,386.255,386.2575,76337
2026-05-27 15:25:00,386.28,386.49,386.2,386.455,77940
2026-05-27 15:30:00,386.46,386.67,386.07,386.18,82730
2026-05-27 15:35:00,386.17,386.44,386.07,386.19,86582
2026-05-27 15:40:00,386.2,386.235,385.93,386.09,75064
2026-05-27 15:45:00,386.09,386.28,385.4612,385.68,143054
2026-05-27 15:50:00,385.67,385.67,384.75,385.06,312817
2026-05-27 15:55:00,385.04,385.07,384.39,384.87,1021303
2026-05-27 16:00:00,384.83,385.7,384.5,385.14,2788337
2026-05-27 16:05:00,384.93,385.34,384.9,385.15,3081
2026-05-27 16:10:00,385.15,385.43,384.83,385.38,5648
2026-05-27 16:15:00,385.44,385.66,385.44,385.63,2516
2026-05-27 16:20:00,385.69,385.96,385.68,385.68,2820
2026-05-27 16:25:00,385.68,386.0,385.43,385.82,4388
2026-05-27 16:30:00,385.8804,385.91,385.75,385.8255,1740
2026-05-27 16:35:00,385.73,385.964,385.73,385.88,3159
2026-05-27 16:40:00,385.85,385.94,385.85,385.9166,740
2026-05-27 16:45:00,385.86,386.12,385.86,386.05,876
2026-05-27 16:50:00,386.1,386.14,386.0,386.14,1540
2026-05-27 16:55:00,386.1,386.2,386.0,386.15,4674
2026-05-27 17:00:00,386.18,386.23,385.8061,386.08,2216
2026-05-27 17:05:00,386.25,386.85,386.25,386.48,1766
2026-05-27 17:10:00,386.5,386.54,386.13,386.2986,2109
2026-05-27 17:15:00,386.25,386.25,386.0,386.0,1878
2026-05-27 17:20:00,386.0,386.0,385.5286,386.0,1298
2026-05-27 17:25:00,385.79,386.0,385.6,386.0,440
2026-05-27 17:30:00,385.7,386.0,385.7,385.7,653
2026-05-27 17:35:00,385.63,385.63,385.1928,385.304,863
2026-05-27 17:40:00,385.6,385.6173,385.59,385.59,769
2026-05-27 17:45:00,385.79,385.8,385.59,385.7,2638
2026-05-27 17:50:00,385.8,385.8,385.6115,385.6115,383
2026-05-27 17:55:00,385.61,385.8,385.61,385.8,1114
2026-05-27 18:00:00,386.0,386.56,385.99,385.99,1419
2026-05-27 18:05:00,386.3,386.36,385.6369,385.6369,381
2026-05-27 18:15:00,386.17,386.17,385.7142,385.7142,375
2026-05-27 18:20:00,386.0,386.0,385.61,385.61,544
2026-05-27 18:25:00,386.09,386.09,385.69,385.75,202
2026-05-27 18:30:00,385.65,385.65,385.59,385.59,1364
2026-05-27 18:35:00,386.0,386.0,385.31,385.31,121
2026-05-27 18:40:00,385.34,385.7,385.34,385.45,720
2026-05-27 18:45:00,385.6,385.6,385.6,385.6,110
2026-05-27 18:50:00,385.6,385.6,385.4,385.41,468
2026-05-27 18:55:00,385.68,385.85,385.5,385.74,583
2026-05-27 19:00:00,385.81,385.82,385.81,385.82,80
2026-05-27 19:05:00,385.67,385.67,385.5,385.5,777
2026-05-27 19:10:00,385.5,385.5001,385.5,385.5001,920
2026-05-27 19:15:00,385.8,386.0,385.62,386.0,652
2026-05-27 19:20:00,385.8,385.8,385.5,385.5,1043
2026-05-27 19:25:00,385.2,385.77,385.2,385.6,342
2026-05-27 19:30:00,385.33,385.59,385.32,385.59,436
2026-05-27 19:35:00,385.31,385.48,385.3,385.3,253
2026-05-27 19:40:00,385.37,385.4,385.2,385.2,3199
2026-05-27 19:45:00,385.09,385.23,385.0,385.01,695
2026-05-27 19:50:00,385.3595,385.3595,384.4799,384.577,1697
2026-05-27 19:55:00,385.3,385.35,384.91,385.07,900
2026-05-28 04:00:00,384.0,384.8654,381.79,383.81,25267
2026-05-28 04:05:00,383.96,384.3217,382.0,383.98,1197
2026-05-28 04:10:00,383.79,383.8,383.72,383.73,238
2026-05-28 04:15:00,383.63,383.7,383.4,383.5,1192
2026-05-28 04:20:00,383.54,383.98,383.39,383.56,15539
2026-05-28 04:25:00,383.62,383.8,383.12,383.12,1060
2026-05-28 04:30:00,383.6,383.9,383.6,383.9,637
2026-05-28 04:35:00,384.03,384.05,383.85,383.85,196
2026-05-28 04:40:00,383.97,383.97,383.81,383.81,249
2026-05-28 04:45:00,383.78,383.86,383.78,383.86,130
2026-05-28 04:55:00,384.05,384.05,384.05,384.05,47
2026-05-28 05:00:00,384.2052,384.45,384.2052,384.3,488
2026-05-28 05:05:00,384.25,384.28,383.74,383.74,1354
2026-05-28 05:10:00,383.78,383.96,383.71,383.88,1032
2026-05-28 05:15:00,383.86,383.95,383.78,383.95,1097
2026-05-28 05:20:00,383.88,384.01,383.88,383.9,270
2026-05-28 05:30:00,383.74,384.1,383.74,383.93,737
2026-05-28 05:35:00,383.93,383.93,383.93,383.93,45
2026-05-28 05:40:00,383.68,383.68,383.67,383.67,500
2026-05-28 05:45:00,383.96,383.96,383.87,383.89,398
2026-05-28 05:50:00,383.76,383.9,383.76,383.9,542
2026-05-28 05:55:00,383.92,384.02,383.92,384.02,465
2026-05-28 06:00:00,383.95,384.01,383.7825,383.92,655
2026-05-28 06:05:00,383.9361,383.97,383.71,383.77,547
2026-05-28 06:10:00,383.88,384.43,383.81,383.81,909
2026-05-28 06:15:00,383.83,384.03,383.83,383.92,560
2026-05-28 06:20:00,383.91,383.94,383.7,383.7,492
2026-05-28 06:25:00,383.6,383.66,383.6,383.66,135
2026-05-28 06:30:00,383.7,383.83,383.63,383.79,376
2026-05-28 06:35:00,383.76,383.85,383.73,383.73,188
2026-05-28 06:40:00,383.77,383.86,383.56,383.56,810
2026-05-28 06:45:00,383.5,383.77,383.5,383.67,334
2026-05-28 06:50:00,383.53,383.53,383.3,383.5,1321
2026-05-28 06:55:00,383.51,383.51,383.31,383.31,726
2026-05-28 07:00:00,383.62,383.65,382.81,383.24,2776
2026-05-28 07:05:00,383.19,383.3,382.6805,383.3,8301
2026-05-28 07:10:00,383.16,383.19,382.8,383.04,2153
2026-05-28 07:15:00,383.05,383.2584,382.96,383.0017,637
2026-05-28 07:20:00,383.02,383.2953,382.89,382.89,1641
2026-05-28 07:25:00,382.87,382.9,382.77,382.9,290
2026-05-28 07:30:00,382.81,383.13,382.55,383.13,3589
2026-05-28 07:35:00,382.85,382.85,382.5,382.51,3964
2026-05-28 07:40:00,382.6,382.7099,382.49,382.6998,1388
2026-05-28 07:45:00,382.68,382.87,382.68,382.72,953
2026-05-28 07:50:00,382.71,382.76,382.45,382.52,1381
2026-05-28 07:55:00,382.63,382.8799,382.63,382.7595,2030
2026-05-28 08:00:00,382.87,382.88,382.7,382.8,1146
2026-05-28 08:05:00,382.86,383.51,382.7,383.25,3588
2026-05-28 08:10:00,383.3,383.31,383.07,383.31,716
2026-05-28 08:15:00,383.2558,383.2558,382.92,382.92,471
2026-05-28 08:20:00,383.01,383.01,382.89,382.89,430
2026-05-28 08:25:00,383.0,383.1,383.0,383.06,1419
2026-05-28 08:30:00,383.0,383.5877,383.0,383.56,2659
2026-05-28 08:35:00,383.59,383.91,383.59,383.6,1418
2026-05-28 08:40:00,383.67,383.75,383.577,383.62,471
2026-05-28 08:45:00,383.746,383.94,383.6,383.81,2889
2026-05-28 08:50:00,383.81,384.0,383.73,384.0,4083
2026-05-28 08:55:00,383.93,383.93,383.5024,383.5024,2135
2026-05-28 09:00:00,383.53,383.95,383.33,383.46,3565
2026-05-28 09:05:00,383.5,383.55,383.2,383.26,4974
2026-05-28 09:10:00,383.23,383.56,383.19,383.2194,2842
2026-05-28 09:15:00,383.3,383.63,383.3,383.63,949
2026-05-28 09:20:00,383.4,383.45,383.35,383.35,1298
2026-05-28 09:25:00,383.4,383.89,382.9,383.89,14614
2026-05-28 09:30:00,383.99,384.89,382.14,383.27,591915
2026-05-28 09:35:00,383.25,384.775,382.93,384.0,213259
2026-05-28 09:40:00,384.07,384.45,381.5201,381.61,215388
2026-05-28 09:45:00,381.6129,382.79,381.25,382.435,196645
2026-05-28 09:50:00,382.49,383.92,382.49,383.425,212248
2026-05-28 09:55:00,383.415,383.61,382.75,383.44,163287
2026-05-28 10:00:00,383.49,384.6,382.02,384.38,228907
2026-05-28 10:05:00,384.38,384.79,383.42,384.42,148844
2026-05-28 10:10:00,384.39,386.31,383.915,386.31,305842
2026-05-28 10:15:00,386.28,386.47,385.2901,385.65,160899
2026-05-28 10:20:00,385.71,386.1,384.84,385.14,122043
2026-05-28 10:25:00,385.11,385.77,385.08,385.66,83776
2026-05-28 10:30:00,385.69,385.87,384.91,384.94,90901
2026-05-28 10:35:00,384.91,385.36,384.8312,385.12,85432
2026-05-28 10:40:00,385.1,385.84,385.0791,385.79,66814
2026-05-28 10:45:00,385.81,385.93,384.5677,384.64,99814
2026-05-28 10:50:00,384.61,385.34,384.61,385.27,94326
2026-05-28 10:55:00,385.32,385.42,384.8,385.17,122591
2026-05-28 11:00:00,385.16,386.9,385.11,386.78,162842
2026-05-28 11:05:00,386.82,387.36,386.19,386.24,155140
2026-05-28 11:10:00,386.29,386.32,385.3,385.955,137635
2026-05-28 11:15:00,386.0,386.06,385.52,385.82,86262
2026-05-28 11:20:00,385.75,385.83,385.32,385.58,75985
2026-05-28 11:25:00,385.59,385.92,385.47,385.665,80759
2026-05-28 11:30:00,385.7,390.0,385.63,386.29,141148
2026-05-28 11:35:00,386.25,386.8,385.905,386.63,104940
2026-05-28 11:40:00,386.64,386.64,386.0,386.11,74329
2026-05-28 11:45:00,386.0801,386.315,385.94,385.94,71237
2026-05-28 11:50:00,385.92,386.2,385.86,385.89,54917
2026-05-28 11:55:00,385.885,386.45,385.8004,386.29,58060
2026-05-28 12:00:00,386.295,386.44,385.975,386.13,60227
2026-05-28 12:05:00,386.17,386.5,386.0401,386.31,60254
2026-05-28 12:10:00,386.275,386.36,385.76,385.915,75577
2026-05-28 12:15:00,385.94,386.45,385.63,386.05,66894
2026-05-28 12:20:00,386.0401,386.34,385.47,386.27,68179
2026-05-28 12:25:00,386.23,386.29,385.69,385.738,58362
2026-05-28 12:30:00,385.67,385.82,385.12,385.18,64079
2026-05-28 12:35:00,385.16,385.16,384.85,384.95,56858
2026-05-28 12:40:00,384.99,385.12,384.66,384.725,65238
2026-05-28 12:45:00,384.725,385.0,384.65,384.66,61655
2026-05-28 12:50:00,384.6,384.72,384.19,384.43,103850
2026-05-28 12:55:00,384.43,385.09,384.39,384.9,91920
2026-05-28 13:00:00,384.9,385.13,384.84,384.95,71445
2026-05-28 13:05:00,384.9743,385.1123,384.65,385.0828,71382
2026-05-28 13:10:00,385.04,385.04,384.76,384.875,53416
2026-05-28 13:15:00,384.875,385.17,384.85,385.09,76884
2026-05-28 13:20:00,385.09,385.81,385.07,385.81,81589
2026-05-28 13:25:00,385.82,386.27,385.8038,385.97,124281
2026-05-28 13:30:00,386.0,386.81,386.0,386.45,184472
2026-05-28 13:35:00,386.45,386.61,386.185,386.44,174307
2026-05-28 13:40:00,386.46,387.025,386.3801,386.65,163000
2026-05-28 13:45:00,386.64,387.07,386.61,386.99,93420
2026-05-28 13:50:00,386.985,387.07,386.01,386.255,138867
2026-05-28 13:55:00,386.245,386.3,385.51,385.7025,133188
2026-05-28 14:00:00,385.715,385.92,385.23,385.89,115491
2026-05-28 14:05:00,385.9168,386.05,385.4469,385.735,65553
2026-05-28 14:10:00,385.75,386.24,385.7,386.04,51139
2026-05-28 14:15:00,386.01,386.75,386.01,386.16,95138
2026-05-28 14:20:00,386.18,386.41,386.11,386.35,59413
2026-05-28 14:25:00,386.35,386.94,386.34,386.45,73025
2026-05-28 14:30:00,386.4201,386.82,386.32,386.81,96440
2026-05-28 14:35:00,386.81,386.86,386.22,386.61,68853
2026-05-28 14:40:00,386.58,387.35,386.58,386.98,109435
2026-05-28 14:45:00,386.98,387.33,386.9661,387.01,89112
2026-05-28 14:50:00,386.96,387.28,386.89,387.0175,78374
2026-05-28 14:55:00,386.9901,387.2,386.41,386.41,104904
2026-05-28 15:00:00,386.42,386.67,386.27,386.67,91968
2026-05-28 15:05:00,386.6968,386.855,386.38,386.5499,74806
2026-05-28 15:10:00,386.55,386.95,386.4101,386.51,57915
2026-05-28 15:15:00,386.53,386.86,386.445,386.68,125171
2026-05-28 15:20:00,386.685,386.84,386.52,386.8,80802
2026-05-28 15:25:00,386.785,387.06,386.68,386.955,84651
2026-05-28 15:30:00,386.96,387.5,386.96,387.18,80235
2026-05-28 15:35:00,387.19,387.85,387.13,387.71,97080
2026-05-28 15:40:00,387.73,387.74,387.15,387.24,109570
2026-05-28 15:45:00,387.21,387.3,386.915,386.95,108957
2026-05-28 15:50:00,386.88,387.04,386.04,386.45,237472
2026-05-28 15:55:00,386.4,386.43,385.66,386.13,519830
2026-05-28 16:00:00,386.13,386.24,385.84,386.01,2831596
2026-05-28 16:05:00,386.1,386.19,386.0,386.18,1403
2026-05-28 16:10:00,386.19,386.56,386.19,386.19,347
2026-05-28 16:15:00,386.28,386.28,386.2203,386.2603,716
2026-05-28 16:20:00,386.22,386.3,386.22,386.22,442
2026-05-28 16:25:00,386.22,386.22,386.1,386.1398,5750
2026-05-28 16:30:00,386.2827,386.2827,386.1073,386.114,602
2026-05-28 16:35:00,386.18,386.31,385.8175,385.86,1424
2026-05-28 16:40:00,385.85,385.9327,385.6,385.9327,355
2026-05-28 16:45:00,385.8,387.92,385.8,387.91,12919
2026-05-28 16:50:00,387.4,388.06,386.4615,386.4615,10703
2026-05-28 16:55:00,386.9,387.0,386.72,387.0,2254
2026-05-28 17:00:00,386.4,386.67,386.35,386.37,345
2026-05-28 17:05:00,386.46,386.6,386.4434,386.6,446
2026-05-28 17:10:00,386.5,386.5,386.41,386.41,215
2026-05-28 17:15:00,386.34,386.34,386.0,386.01,2685
2026-05-28 17:20:00,386.01,386.2,386.0,386.2,350
2026-05-28 17:25:00,386.02,386.21,386.02,386.21,100
2026-05-28 17:30:00,386.21,386.25,386.06,386.06,380
2026-05-28 17:35:00,386.1,386.1,386.0,386.0,140
2026-05-28 17:40:00,386.0,386.0,385.9,385.9,439
2026-05-28 17:45:00,386.0,386.0,386.0,386.0,100
2026-05-28 17:50:00,385.91,386.0,385.91,386.0,110
2026-05-28 17:55:00,386.01,386.01,385.99,385.99,203
2026-05-28 18:05:00,386.0,386.3099,385.63,385.89,1849
2026-05-28 18:10:00,385.66,386.09,385.6,385.99,1124
2026-05-28 18:15:00,385.6,385.89,385.6,385.89,1071
2026-05-28 18:20:00,385.89,385.89,385.5,385.51,628
2026-05-28 18:25:00,385.5936,385.61,385.5936,385.61,162
2026-05-28 18:30:00,385.43,385.63,385.39,385.52,438
2026-05-28 18:35:00,385.4,385.53,385.4,385.4059,301
2026-05-28 18:40:00,385.49,385.78,385.35,385.78,1151
2026-05-28 18:45:00,385.78,385.78,385.75,385.75,696
2026-05-28 18:50:00,385.51,385.68,385.51,385.68,714
2026-05-28 18:55:00,385.67,385.78,385.67,385.68,451
2026-05-28 19:00:00,385.68,385.99,385.68,385.76,1284
2026-05-28 19:10:00,385.75,385.75,385.53,385.53,201
2026-05-28 19:15:00,385.54,385.9,385.53,385.9,1288
2026-05-28 19:20:00,385.5898,385.99,385.5898,385.99,425
2026-05-28 19:25:00,385.89,385.99,385.69,385.9896,663
2026-05-28 19:30:00,385.74,385.99,385.67,385.86,498
2026-05-28 19:35:00,385.83,385.98,385.5569,385.5569,441
2026-05-28 19:40:00,385.64,385.86,385.5729,385.86,623
2026-05-28 19:45:00,385.6,385.7479,385.53,385.64,1043
2026-05-28 19:50:00,385.73,385.73,385.5,385.5,728
2026-05-28 19:55:00,385.43,385.5,385.42,385.42,409
